degree,in_degree,out_degree,betweenness,call_count,fund_transfer_count,total_received,total_sent,unique_senders,unique_receivers,shared_devices,shared_towers,phone_connections,account_connections,transaction_velocity,max_transfer_amount,pattern
5,7,3,0.31480588387672104,3,13,78397.17601690098,49773.83852883284,6,3,1,0,0,0,0.934650160396467,5300.875236981943,MULE_CHAIN
13,3,5,0.12364005942353747,2,9,135108.7272317849,60204.37827087206,8,6,0,1,2,2,0.59614429512833,7432.45197359127,MULE_CHAIN
9,8,7,0.2944106155739781,4,14,89438.18401386205,45601.36564392828,8,3,1,2,2,1,0.7311301059255579,2490.316792329133,MULE_CHAIN
10,4,7,0.24976937784768322,5,15,54434.42164474682,45828.43846174793,6,3,1,1,0,1,0.7806840670815753,5888.210489045771,MULE_CHAIN
11,7,2,0.21543019350235004,6,14,52683.83559763571,84153.23702691094,6,6,0,0,0,1,0.9712154306899049,8024.753961448159,MULE_CHAIN
8,4,4,0.3287532400225454,5,13,97862.79597982977,76075.71350361849,7,2,0,2,0,2,0.5559338626604475,5322.797378787525,MULE_CHAIN
11,4,6,0.32657955899074165,1,8,71868.99899966578,98960.86995478539,8,4,0,2,3,1,0.6867102512646469,8788.113890309945,MULE_CHAIN
10,3,6,0.17140139031069856,5,15,90100.4110813181,105419.07073512135,6,3,0,2,0,1,0.9411915375703688,798.4231015036723,MULE_CHAIN
6,4,3,0.15706267253224346,3,12,43853.444652340324,72828.50855012093,4,5,1,2,0,0,0.9372429770352899,7418.029090191235,MULE_CHAIN
7,6,2,0.3955926531339178,8,9,74990.97317872118,134664.70510745916,6,4,1,1,3,1,0.9977113447463569,9073.207222350213,MULE_CHAIN
7,3,6,0.12038825901272718,0,8,142407.49653978163,86209.42626727311,6,2,0,2,3,1,0.7894595287536053,5324.370721437475,MULE_CHAIN
6,3,5,0.2863477766479279,8,14,89892.47253321155,78235.58675609567,3,2,1,1,1,2,0.5662282851832336,9325.674151202385,MULE_CHAIN
6,3,7,0.2659670922654448,2,9,47381.8551249026,57860.03597415733,5,6,0,2,2,0,0.8437485644006653,1775.7655867369933,MULE_CHAIN
11,7,2,0.1335621641768005,0,7,128497.35258518218,87813.69581122426,7,2,1,0,2,1,0.5740468927837413,5740.964000700717,MULE_CHAIN
7,6,2,0.1538081990254621,0,10,132328.3236887863,116343.66457179862,6,7,1,2,1,1,0.633402854797236,9773.957312844148,MULE_CHAIN
9,5,7,0.25282170265841125,3,15,142100.82824221306,29417.71898142845,7,4,0,0,1,3,0.985200305511114,8711.35294928772,MULE_CHAIN
13,7,7,0.3158289997434537,6,15,76068.6619512483,133609.3107464143,4,4,0,1,1,2,0.9603854281090201,4642.546396822237,MULE_CHAIN
14,7,4,0.22182255062744888,4,5,47323.74903474345,113219.8534346975,5,4,0,0,3,3,0.8033307852398813,9076.652684459536,MULE_CHAIN
15,5,3,0.34196886837287976,3,7,51829.53073018552,74392.04302735065,3,2,1,2,2,0,0.924868847312366,7635.812306636956,MULE_CHAIN
13,6,2,0.2672217382100186,3,6,124184.15822389438,98447.21657329414,6,3,0,0,3,1,0.993946226533224,9600.677401655628,MULE_CHAIN
15,4,4,0.23196177797947085,8,9,63660.179760770814,126628.3540987896,4,4,1,1,1,2,0.5402888288288342,5452.34822186583,MULE_CHAIN
5,7,5,0.2430939197672071,3,10,130948.2335739836,134178.79230876328,5,5,0,0,3,3,0.7095106413149109,6048.754434940139,MULE_CHAIN
6,8,5,0.1407098461691693,7,12,53820.32080950961,55919.08336771678,4,2,1,0,0,3,0.7273496625082411,6798.497689943532,MULE_CHAIN
8,3,6,0.14571470373543713,6,7,34870.627994209855,133469.62777708148,6,7,1,0,0,0,0.7325169917176104,9521.311460801895,MULE_CHAIN
14,8,7,0.17285481416113965,1,9,124718.63527400163,114528.4020750265,8,6,0,1,3,3,0.7829662776836579,2384.132882371295,MULE_CHAIN
13,8,4,0.28477370621606535,5,13,76624.68409050626,106378.27678814028,6,5,0,1,2,3,0.6341977690246127,4637.1278775729315,MULE_CHAIN
9,5,4,0.3640959939274677,3,9,87161.54272294145,38882.052940887355,7,2,0,1,2,1,0.62067802518634,3870.837178672905,MULE_CHAIN
12,7,6,0.2031272182438608,7,13,111371.14248414997,48864.553372024544,5,4,1,0,3,1,0.6257018381004708,6024.778060657488,MULE_CHAIN
5,8,6,0.1379748879543945,8,5,57977.76379186108,133011.2018494676,3,6,1,0,1,2,0.8189348275529638,2204.6946650113314,MULE_CHAIN
15,3,3,0.14475927534209657,7,14,149209.35595232862,29806.4452764327,5,2,1,0,0,3,0.8822217226630971,5981.700986472772,MULE_CHAIN
6,4,3,0.15214406449793036,7,6,73107.28444580347,101171.39197309612,4,2,0,2,0,1,0.7349562395038429,3014.1381902550706,MULE_CHAIN
6,3,3,0.3377885698697235,7,14,139755.02876579296,69894.18108421718,8,6,1,0,1,1,0.7343489851380809,8352.996016675566,MULE_CHAIN
14,7,2,0.39987172506323543,8,15,25230.117508800104,109533.60380156964,5,6,1,2,2,0,0.7352504116258167,9638.155470831949,MULE_CHAIN
12,5,7,0.38355806186896324,6,13,31447.773060852516,46549.85636777597,3,5,1,1,2,0,0.5579608007154789,3633.1348040001712,MULE_CHAIN
9,6,7,0.24541353908499947,8,5,123910.78532568118,103722.8531375324,8,6,1,2,3,0,0.6553750691966675,5717.5865713106505,MULE_CHAIN
8,6,6,0.14339259054568262,1,8,117018.03091401169,32063.543073858073,7,6,1,2,2,3,0.5349050398031152,9812.324009732067,MULE_CHAIN
11,6,4,0.3608805049702206,0,8,50363.1179875261,111943.05938740735,7,5,0,1,3,2,0.521823649548651,7747.290437389803,MULE_CHAIN
15,4,2,0.2408471802954196,2,9,110051.59781629467,96229.58157240908,5,6,0,1,0,3,0.9258826461753458,1869.476451686001,MULE_CHAIN
6,6,3,0.30820034883797043,7,5,123498.65047108753,51670.9719956511,3,4,0,2,0,3,0.6874205448876574,7723.512083445521,MULE_CHAIN
9,8,2,0.36967255951009637,2,12,91057.75788826369,24232.737535359123,5,7,0,1,1,1,0.972617817467323,2912.7847244286518,MULE_CHAIN
15,6,4,0.10242938972844708,7,15,138380.20398343238,108146.51926674625,8,2,0,1,2,2,0.9164194498365942,3304.6921618910587,MULE_CHAIN
6,5,4,0.3242442594815115,3,7,122246.66543396568,124557.57458833007,4,3,0,1,3,0,0.682928765307562,7457.417795422763,MULE_CHAIN
10,3,5,0.10417559653027036,7,13,67916.13562008506,108626.4504420951,3,5,0,0,1,3,0.6310807041248683,8143.582618195338,MULE_CHAIN
11,3,3,0.11360404330401463,3,5,35095.66249426424,44350.004053916135,5,5,0,2,0,3,0.7687733029412629,3370.8066580278773,MULE_CHAIN
12,6,3,0.3566350579917864,8,6,90780.56199267883,137230.31618150586,8,4,1,2,3,2,0.679336920606159,4020.034607977136,MULE_CHAIN
13,4,6,0.16478540557560245,7,8,122523.68805608923,89497.70439680251,5,3,0,1,1,1,0.6386374229878415,2449.452963857326,MULE_CHAIN
11,7,2,0.32369958251019876,2,12,86720.93448919491,28631.751250480687,6,4,0,2,2,0,0.7519193448929107,997.7906696811768,MULE_CHAIN
6,5,6,0.14450014769810937,7,7,102299.974159132,83544.55425604507,5,6,1,2,0,3,0.6625927216593339,4713.842128948582,MULE_CHAIN
11,8,2,0.1937645049991399,1,10,68659.1330466198,34079.86559609047,8,4,1,1,1,3,0.9614925178671923,4808.2395776207495,MULE_CHAIN
11,8,2,0.3905195875934424,1,14,33468.073570202345,78426.56837100051,5,4,1,2,0,3,0.5773650879291308,6820.734940027696,MULE_CHAIN
9,5,4,0.10183173682109761,8,7,72101.96471993702,32734.33176890858,7,7,0,2,2,0,0.8165860063277569,7175.638342223245,MULE_CHAIN
6,5,5,0.2985816078424784,6,12,73843.8859247542,41946.120667218354,7,5,0,0,1,1,0.7561731529005524,972.743678113093,MULE_CHAIN
9,5,4,0.13599530311166474,7,12,42840.3242438595,62525.93071440453,8,5,0,0,1,2,0.8518356316913318,7789.820509431738,MULE_CHAIN
10,4,6,0.23802907056814263,0,10,129782.96677591061,45414.55935284171,3,5,1,2,3,3,0.794435644151456,4347.806917117068,MULE_CHAIN
8,4,6,0.14586093670177896,3,15,143667.97827534564,93493.59651479592,3,3,0,1,2,1,0.7319765342565098,1891.2200736380967,MULE_CHAIN
6,5,5,0.23557415911020468,5,5,29975.03015254915,123031.25424065489,5,4,1,1,2,2,0.9276466857280452,3843.4511148907272,MULE_CHAIN
10,8,2,0.25136470045028725,0,7,111990.82156202625,138873.25283086093,3,3,1,2,1,0,0.7620342765850873,8204.184707564897,MULE_CHAIN
15,7,3,0.200008610818167,6,14,139177.03915742564,53778.96719397651,8,3,0,1,0,3,0.8280273590180276,7375.469722523387,MULE_CHAIN
8,5,5,0.15760157009931589,1,7,58452.97321510083,113515.02170892502,4,2,0,2,3,2,0.7538448563623231,3434.2276656068684,MULE_CHAIN
12,7,4,0.32571734953344583,2,12,51091.90464191753,135699.57964925456,4,6,1,0,3,2,0.8921851197966024,2756.536913745788,MULE_CHAIN
12,5,6,0.38028806619924993,7,13,30903.76629833271,35039.04178067231,3,4,1,0,1,1,0.7246596101869129,995.7081309795435,MULE_CHAIN
8,3,4,0.379247771424986,3,15,37887.94640436332,50859.92466415852,5,3,0,1,2,1,0.9148807915764112,1275.2516535048953,MULE_CHAIN
11,8,6,0.23713408499093463,0,6,89686.99196082796,93994.3677516428,6,6,1,0,2,1,0.7875237287653167,953.6197428790872,MULE_CHAIN
11,5,4,0.32419497746879367,5,10,51346.3701701338,97138.05000135393,3,4,1,0,0,3,0.5518319337498447,913.577039084378,MULE_CHAIN
8,3,4,0.38001129398511924,5,13,81541.96979798964,19577.596442113543,6,6,0,0,0,3,0.8234502494003751,2415.1144319486584,MULE_CHAIN
13,5,2,0.31812439730279074,5,6,149362.7614297298,37557.06074226125,6,6,1,1,1,3,0.6468832095012494,3989.795806116979,MULE_CHAIN
5,3,7,0.29125376136498954,4,10,108323.37901590968,134098.674534951,7,7,1,0,2,3,0.5713897341812748,9810.259152345652,MULE_CHAIN
13,5,5,0.19431563239446448,5,9,23368.734312338616,38256.006184074984,4,2,1,1,2,3,0.7588726371041961,5952.256894172009,MULE_CHAIN
6,8,4,0.3003519371466904,3,6,57747.09676111577,52494.584779592275,7,6,0,0,0,3,0.5787526246600192,7277.013996456238,MULE_CHAIN
12,7,5,0.33074936511240943,3,14,146409.36509678955,95292.32367329767,3,3,1,1,1,0,0.724987247831498,4282.519817323631,MULE_CHAIN
10,7,4,0.3537801118467597,2,9,144325.71151561575,49306.37915168916,4,7,0,1,1,1,0.8125111807242953,7238.655259027836,MULE_CHAIN
9,8,3,0.33008770027489337,2,11,23937.16681558599,126124.6101811193,7,7,0,0,0,0,0.7727887417736339,7824.71250354742,MULE_CHAIN
10,8,4,0.39261223837446413,6,7,93014.65804728799,54889.48580039466,5,6,1,1,3,1,0.7332362835203182,1864.8525660450287,MULE_CHAIN
13,6,5,0.36372269908012567,0,12,142880.26452900085,78180.55787797144,3,2,0,1,2,1,0.9833433152762376,5233.522649569134,MULE_CHAIN
11,5,2,0.220174486304427,4,14,67128.09087275699,51075.21212988696,7,3,0,0,3,1,0.6931744124898893,7411.326601914223,MULE_CHAIN
7,8,4,0.34118975655826367,1,13,98813.86791249453,79438.21651840674,6,3,1,0,1,3,0.6639829238182631,930.38184843721,MULE_CHAIN
11,7,4,0.33902644417904415,4,15,81696.72783105787,135883.83702150636,3,6,1,1,0,2,0.8914519957157108,1541.2436001675665,MULE_CHAIN
7,6,7,0.16116750481064038,2,13,133466.30215860164,106979.65890858517,7,5,0,0,0,1,0.531140643007216,3480.0785927356246,MULE_CHAIN
8,5,6,0.1895497483570882,7,9,46946.11333110323,103123.5324675246,5,7,1,2,2,2,0.658520372509224,2326.5096067987774,MULE_CHAIN
12,8,4,0.3242015499154015,1,8,55247.253859736855,85252.2524596856,4,6,0,1,0,2,0.6358107333528733,1250.7796420935783,MULE_CHAIN
5,7,3,0.22207223546406507,3,12,45929.27670678822,135489.25486136696,6,7,0,1,2,3,0.6605838510595834,7822.277551933652,MULE_CHAIN
9,3,2,0.18951766319862423,8,14,56993.01480550601,138637.43376109042,3,4,0,0,3,3,0.7716502417784874,7615.530413689076,MULE_CHAIN
7,7,7,0.36911282853519256,3,11,31275.910080286267,98656.98167624428,7,4,0,0,2,2,0.59239060052367,7694.186127446831,MULE_CHAIN
5,8,2,0.23961849728257884,0,7,85327.66126099066,126889.79622703177,6,7,1,2,0,2,0.851778517551128,7081.301609016019,MULE_CHAIN
13,8,3,0.3285578859913322,4,15,88315.8653086218,81021.64050914918,7,2,0,1,2,3,0.6808924342621219,9171.57043868949,MULE_CHAIN
5,6,3,0.2539743529604925,3,12,92643.63586983962,99095.96402842118,7,2,0,2,1,3,0.6540847820165756,5348.565863311928,MULE_CHAIN
7,8,7,0.2937642454291491,3,11,78309.82724614916,129639.384585216,5,5,0,0,3,0,0.6887481748150495,2209.822604844231,MULE_CHAIN
12,8,7,0.2633336017075063,2,13,52176.56500549082,58269.96687345335,6,3,0,2,1,0,0.6378248638975637,9795.66148545182,MULE_CHAIN
5,4,6,0.39804503237291455,0,8,61457.480527994965,89739.7092846578,8,6,0,0,0,3,0.8362659507184569,5627.718184620569,MULE_CHAIN
15,8,5,0.33574137879415544,8,10,73073.6929878465,52486.06180442514,8,5,0,2,3,3,0.5919394893736247,3771.9408828397904,MULE_CHAIN
12,5,2,0.2606906609041647,2,8,69031.83674497416,90621.18079785447,3,4,0,1,1,2,0.5197737771035003,6643.705589705474,MULE_CHAIN
8,8,6,0.3111305748027112,8,11,61809.95114756229,50382.39969002245,4,6,0,0,1,0,0.7331252304228026,7666.142057998092,MULE_CHAIN
7,3,4,0.2659934690626523,7,14,74285.14956217256,34051.42627301791,7,7,0,1,2,3,0.66493264298893,8708.80599396008,MULE_CHAIN
7,7,7,0.3871710681737931,5,13,142874.45445611677,98526.9429241441,3,2,0,2,2,1,0.8821694217860097,5692.19012289498,MULE_CHAIN
5,3,6,0.3166578164877163,2,13,85288.08419190673,102232.38452713279,5,2,1,2,3,0,0.7152866043380189,5740.61382865694,MULE_CHAIN
8,5,7,0.3484186236140142,3,6,118746.16052298983,26687.56317838868,8,7,1,0,2,3,0.6896320111199079,2810.4749948323793,MULE_CHAIN
14,6,4,0.113968591222523,2,6,136910.51461245114,85438.73300599794,8,4,0,2,0,1,0.516450890076736,8747.110460525253,MULE_CHAIN
5,3,5,0.16964320131840108,6,6,119970.7349375075,134357.29961433323,5,6,1,1,1,0,0.6983515246544798,9756.071610641966,MULE_CHAIN
8,8,2,0.12461140290194458,7,7,121905.73664312896,34284.61132538997,6,7,0,2,3,0,0.6948109876985782,3306.105066698224,MULE_CHAIN
13,3,6,0.2794131393382819,4,10,57940.15566852173,63474.94492229921,6,2,0,1,3,3,0.5423497584642613,1351.3789986236811,MULE_CHAIN
6,5,4,0.3832666886894184,6,15,100166.9429646527,72232.70411321183,6,6,0,0,3,2,0.567744762840338,5100.19748237232,MULE_CHAIN
11,5,4,0.320462309632356,6,15,121656.66804846494,55735.77968036318,6,6,0,1,2,1,0.6401500732321088,2187.554077531836,MULE_CHAIN
6,6,7,0.24979096458668812,3,15,52848.619041041915,34267.90430698206,5,3,1,2,1,3,0.7115639775584517,8397.17718274843,MULE_CHAIN
10,4,7,0.2838033706939892,7,14,104076.66878365207,135851.3916960757,8,7,0,1,0,0,0.6657983510409176,6747.215623517273,MULE_CHAIN
13,4,4,0.39931081762439613,3,12,74076.80570834264,135215.9832099963,3,4,1,1,3,3,0.5580346689794873,6091.604587131399,MULE_CHAIN
10,8,2,0.30314179986726525,3,7,87079.20724659353,83988.7862281275,8,3,1,0,2,0,0.6654948277765846,1593.3100336384664,MULE_CHAIN
9,8,2,0.2732043715605558,2,13,62378.0385078464,72193.80277577319,4,4,0,1,3,3,0.6311766977261805,2540.562998167816,MULE_CHAIN
8,5,2,0.15491335549944507,6,7,74371.08380746361,32233.412316819686,7,5,0,2,2,0,0.6918549814188435,3475.2645762241305,MULE_CHAIN
8,6,6,0.25163140591920113,2,12,83924.3644031283,103767.79660572465,6,7,1,2,0,2,0.721925871404631,5103.784734733997,MULE_CHAIN
13,5,6,0.34678327833887845,3,5,91025.9257138554,138721.9659845854,8,5,1,2,3,0,0.5512082194387491,3044.9446392325585,MULE_CHAIN
8,4,2,0.2710223034414995,5,13,90039.91098619295,55456.701981835206,5,6,0,2,2,3,0.8520268808775943,1822.7321763043728,MULE_CHAIN
8,8,5,0.24683761777469135,8,14,101615.66670126663,61896.54098077837,8,4,1,2,1,1,0.5377581366659245,7258.251063972106,MULE_CHAIN
11,4,5,0.18056105149432677,5,9,95131.3732339237,85767.76386464253,5,6,1,2,2,0,0.7426689520042525,4278.300747792306,MULE_CHAIN
9,3,7,0.2081306150191783,7,6,137494.03494863553,35690.634894917974,5,7,0,1,1,1,0.6981707834661166,3367.7222915760112,MULE_CHAIN
6,6,7,0.13965254532776827,6,6,31613.040529185822,115744.60422846225,4,5,0,0,1,3,0.5516007666042129,7108.172519236463,MULE_CHAIN
7,6,6,0.305969850962722,2,8,38201.708404853445,30394.652811413544,3,2,0,2,1,3,0.8650045744479891,2524.026788523497,MULE_CHAIN
8,8,5,0.18866261537262002,3,5,70165.12471926716,45135.21945065123,4,5,1,2,0,2,0.8190411649418241,6265.805261883618,MULE_CHAIN
8,3,2,0.38460399908413745,5,11,101714.19048787489,77631.1206883844,7,4,0,1,0,0,0.707715997187701,631.037544390262,MULE_CHAIN
8,3,3,0.1258638395174468,2,11,99598.58327469388,21878.577460805,3,5,1,1,0,2,0.8330397894296553,7434.6045855996435,MULE_CHAIN
5,5,5,0.18159417850640613,0,6,146756.5764111632,93441.60411234017,5,7,0,1,1,2,0.7480737844675696,1621.5388426824488,MULE_CHAIN
5,6,4,0.21489384231021974,2,7,91872.42250446239,129243.45869014112,4,2,0,2,0,0,0.8703329140532885,616.7366938534287,MULE_CHAIN
12,5,4,0.1981902765178357,5,13,67959.51668983139,51449.38633200408,6,2,0,0,1,0,0.8922536086436708,1154.8011588410784,MULE_CHAIN
5,5,2,0.3276787459641036,7,11,59976.3828777773,40649.29661323734,8,7,0,0,3,0,0.9915578709474488,3791.0251285243585,MULE_CHAIN
6,7,3,0.29116470400980765,2,11,93816.69467759707,69372.85980437316,3,6,1,2,2,3,0.9821091373663704,1306.5729664066505,MULE_CHAIN
7,3,3,0.23487002432209653,6,10,89670.19138170307,135579.3402812786,6,2,0,0,1,1,0.6038181128051767,6054.726340139225,MULE_CHAIN
11,7,2,0.30315501309672155,1,9,143772.55888708672,121825.16307775039,4,2,0,1,1,0,0.7779768807741941,9699.800039675505,MULE_CHAIN
6,3,2,0.15932510100862995,2,15,31957.223025412375,120909.42933164179,6,3,0,1,2,0,0.9044436042441051,2958.7961972919957,MULE_CHAIN
7,3,6,0.28575296465376876,6,8,84855.90929954487,125347.32176986398,8,4,0,1,1,1,0.7395154649800773,4737.108591143236,MULE_CHAIN
14,7,4,0.21651438237079013,3,7,97625.12585872877,18662.932567079337,3,4,1,2,2,3,0.9053446828519489,5104.455111684829,MULE_CHAIN
7,4,3,0.2777558527544238,3,10,111448.87477958875,58960.268560386015,7,2,0,0,3,2,0.7838256827131156,9919.648248922813,MULE_CHAIN
14,4,3,0.20222771328003175,7,7,22848.6765116644,88326.14688640118,5,2,0,2,1,0,0.9586120737405592,506.4932156463927,MULE_CHAIN
15,6,7,0.19518501797512772,5,13,122308.93303742498,42904.651747580305,8,6,1,1,1,1,0.7944750778915518,4650.249637831032,MULE_CHAIN
12,4,4,0.3236029984305948,4,8,41825.36417770594,125665.03167439216,5,4,0,0,2,1,0.5443630062850632,1489.0472136328663,MULE_CHAIN
12,6,4,0.2638071903035363,3,6,104626.04320475204,100895.0505271393,6,6,0,1,3,3,0.5813282558742442,8903.24397707866,MULE_CHAIN
12,8,2,0.22939700024375825,4,15,135667.92515252565,34637.97216634801,4,6,0,2,0,2,0.5506289054866678,6329.624894899492,MULE_CHAIN
6,5,7,0.28752728611279027,8,12,23345.640055119147,36354.023961527884,4,2,1,2,3,1,0.6459057330230538,536.2479356099411,MULE_CHAIN
9,6,5,0.17902024289870772,6,9,39646.98767506008,102058.86888081995,7,2,1,0,2,3,0.5483513105128233,4734.865072547352,MULE_CHAIN
5,7,6,0.37013651844147755,3,14,39168.1950214255,133656.85205644812,8,6,1,2,1,3,0.7245198680940232,4250.641469481463,MULE_CHAIN
10,5,6,0.23744715433678457,6,5,96384.8914052029,112710.7076156827,8,6,1,1,0,0,0.5562594213129669,4274.872446391841,MULE_CHAIN
12,3,3,0.18262424261042615,1,7,108505.67221772642,65214.987284301336,7,6,1,1,2,3,0.6978963721155159,5934.220778086337,MULE_CHAIN
12,5,4,0.31863982398086654,7,14,44431.63981603949,41423.812763237205,8,2,1,1,0,1,0.9119847171275703,9755.08453373145,MULE_CHAIN
5,4,2,0.2369346001384242,8,10,55617.07480166666,117938.28646113952,8,3,0,2,0,1,0.7525631874685819,8412.834364227238,MULE_CHAIN
9,3,5,0.11489531285220547,7,14,104159.38592899266,99711.90576137135,4,3,1,1,1,2,0.6345417896344785,7044.080107351566,MULE_CHAIN
10,6,4,0.16546271622187947,0,9,127160.40679118627,64644.067496515025,8,6,0,1,2,2,0.5511560514843001,4076.516796574507,MULE_CHAIN
8,3,6,0.22122952787696643,4,10,113766.81568703939,96925.0713078052,8,3,1,1,2,2,0.998734549789148,5414.289063006689,MULE_CHAIN
15,7,3,0.1881352158582279,0,12,53624.740572827024,116042.98364280877,4,7,0,2,3,2,0.8814591091596513,8531.482820323654,MULE_CHAIN
15,7,6,0.3832902952000231,3,6,85062.05868405156,123437.21933727874,6,3,1,1,2,3,0.6908346099027936,4970.097392871462,MULE_CHAIN
7,5,7,0.1174040764675591,2,12,118955.12655794989,36075.719572863454,5,3,0,1,1,0,0.882241868072879,6494.811336495604,MULE_CHAIN
13,4,2,0.30302444250313304,6,15,49414.542467580846,124623.14190748126,8,3,0,2,2,0,0.6560461302434311,7690.053510782661,MULE_CHAIN
8,4,5,0.10573741993699583,2,8,47454.72979120881,17739.159008201987,8,3,1,1,1,2,0.7523167772925822,5156.697503573323,MULE_CHAIN
6,6,5,0.2140761288782844,0,13,111242.86793102713,40686.864457272015,5,5,0,2,0,0,0.84287001427379,687.546781884379,MULE_CHAIN
9,7,3,0.2073765509652423,8,11,25122.741991713927,77044.33917101158,5,3,0,1,0,0,0.6038469921358075,6285.517188888931,MULE_CHAIN
9,5,5,0.1150240587438842,1,7,66827.90632700542,99595.81650114348,3,4,0,2,0,2,0.7129976031874872,4839.136730077314,MULE_CHAIN
11,6,5,0.18154992722505706,2,11,123986.88260336351,96105.81048403296,8,5,1,2,0,2,0.8984547785177035,2237.2594928846056,MULE_CHAIN
7,6,5,0.13388124381213024,2,11,28233.686044884264,96871.69610917376,6,2,0,2,3,2,0.506180106492967,8694.46985797889,MULE_CHAIN
12,6,3,0.12245957274309545,1,12,63016.329527786795,49769.641282363526,5,3,0,2,0,0,0.7534646660935376,1990.8100463665417,MULE_CHAIN
13,7,2,0.3477726275270333,7,14,59597.73455347431,78542.2175399331,7,7,1,0,3,0,0.6034256244249492,4417.21620291772,MULE_CHAIN
8,3,4,0.2065416935754207,3,15,87858.06125853767,102762.00665749818,5,6,1,2,2,3,0.5228890549275171,7713.5395352516125,MULE_CHAIN
15,8,6,0.13696575709911846,6,12,96611.10165942268,78024.69701937959,6,7,0,1,1,2,0.9819273780987734,4437.468278719138,MULE_CHAIN
10,7,5,0.22559942375011913,6,14,55567.46439429446,135449.1922099691,8,3,0,2,1,0,0.9852458249560503,6205.187207151407,MULE_CHAIN
7,8,7,0.39255384793503534,8,7,110260.55658455243,55297.6746767319,7,6,0,0,1,2,0.5577026261418128,9251.321761962401,MULE_CHAIN
5,4,4,0.32505550560101615,6,7,52572.93096956379,119922.7268081464,5,7,0,2,0,0,0.845297425182005,1004.1174953238266,MULE_CHAIN
15,5,6,0.1161406576923249,7,9,132950.49497127708,122555.59231165618,4,6,1,0,2,0,0.7215319269522409,4181.769162098908,MULE_CHAIN
13,3,5,0.11219026989156262,5,9,36908.6489149984,87998.2572104914,7,4,1,1,1,0,0.627508074066211,2151.053752625399,MULE_CHAIN
8,4,6,0.12045294073132777,0,13,90600.42016070092,65427.13330308492,4,5,1,2,2,0,0.6747014754310179,3519.6605510358,MULE_CHAIN
14,4,2,0.3047654082305584,4,10,70163.8715219257,82529.66411782018,6,2,0,0,2,3,0.6414144971396987,6601.511380301121,MULE_CHAIN
8,8,5,0.35069952332361076,0,8,134222.84012220136,107671.87935785086,7,7,0,0,0,0,0.7176188813394351,6480.387597151335,MULE_CHAIN
12,8,5,0.22990751039178128,7,5,35379.74901146045,15737.365932597531,6,7,1,2,0,1,0.8601428405133984,4372.511395710034,MULE_CHAIN
12,4,6,0.1659597176381531,1,11,144817.4544604565,33009.44218231039,7,4,0,1,3,3,0.8386445227525312,6776.870066618784,MULE_CHAIN
13,4,3,0.15519781683561495,2,14,34900.93047601385,98872.2389188223,5,3,0,1,1,2,0.7836463222364005,9103.466288271167,MULE_CHAIN
9,7,2,0.3700355772528766,1,10,62684.99016854551,97427.78135992166,6,5,1,1,2,1,0.8467290646738184,2728.062063086242,MULE_CHAIN
10,5,5,0.2655015478480592,5,7,30656.580101200103,50076.9924546719,8,6,1,1,1,2,0.9132218366116347,4897.059572718297,MULE_CHAIN
13,6,7,0.3325591716512285,1,10,135886.88068374118,88700.09434709961,6,3,1,2,1,0,0.9285820770673423,5662.958577222126,MULE_CHAIN
7,8,7,0.24505102471822932,6,10,118991.40911842494,43968.738450539444,3,3,0,1,1,1,0.6321785575502932,5875.21906394084,MULE_CHAIN
11,8,5,0.20958903339731433,5,15,52706.23332949534,136584.26354382414,3,6,1,0,2,2,0.6114496272667191,5916.521442320743,MULE_CHAIN
14,8,2,0.2983328928731672,7,11,34734.03068331751,99403.67828944197,5,7,0,0,2,1,0.7395105816822646,1994.8948505604112,MULE_CHAIN
11,7,6,0.29128681201924395,0,15,48157.14432594505,90815.73724073899,5,2,0,0,1,2,0.7357067274574279,5408.086580062391,MULE_CHAIN
11,6,3,0.13257103417045465,2,8,108967.81805584842,118314.27319865784,7,6,1,0,2,3,0.8027555089306033,1154.0075218918246,MULE_CHAIN
13,6,3,0.38152648836888414,8,12,96576.25119835684,107674.25528528063,6,4,0,2,3,3,0.8807696135237459,912.663691696574,MULE_CHAIN
5,6,7,0.16162560884900407,3,10,33855.818138429626,68258.94863491498,6,4,1,0,0,0,0.7926850924403694,1619.3717378209346,MULE_CHAIN
10,8,5,0.32073472918138324,4,15,49870.26958210269,112888.65754316695,3,7,1,0,2,3,0.9746225892074224,3413.2043234086473,MULE_CHAIN
14,6,2,0.11922413691079319,5,8,99173.75195703053,105561.83917850815,5,2,1,2,0,0,0.965342495532513,4980.852270839266,MULE_CHAIN
13,8,3,0.28455699571106485,0,15,51103.36128735904,15035.908981827926,3,4,0,2,2,1,0.5787223804251954,6195.39167247865,MULE_CHAIN
14,4,5,0.3789141522436361,6,14,42754.522285815336,78279.7620319435,3,4,1,2,2,2,0.7793153564348294,3126.824562622661,MULE_CHAIN
5,6,2,0.17734592944582012,4,11,107998.686888463,43741.267323644264,8,3,1,0,2,3,0.6578653470144643,9016.976316085844,MULE_CHAIN
7,8,7,0.3790765790118146,4,8,45956.650082260196,106928.63315535383,6,7,0,1,2,2,0.9363712492041489,5950.269882054776,MULE_CHAIN
14,5,5,0.1548615589389086,5,13,48872.061800375726,87083.14829342622,5,5,0,2,0,3,0.5270740856443921,3496.4606067332143,MULE_CHAIN
6,5,4,0.28383342890853147,5,9,54170.37450394101,48676.028690622516,4,6,1,1,0,0,0.9792634085308165,4104.566034075454,MULE_CHAIN
8,7,5,0.356892621623464,3,8,39441.24744451278,115708.54519469877,4,7,1,0,1,1,0.5883036383298064,7347.746864441904,MULE_CHAIN
15,3,5,0.3233779661386979,5,9,92845.50452585438,131480.57197222102,5,4,1,0,1,0,0.6288574127262097,2915.7519864076708,MULE_CHAIN
9,6,7,0.3869783292968162,3,7,74836.14341963487,91538.76726668102,8,4,1,1,3,3,0.7023863600526034,4120.174484922034,MULE_CHAIN
5,4,7,0.17038815765534912,5,9,117466.1657989652,41321.43643396949,8,7,1,1,2,3,0.6985227916501809,2246.918891482148,MULE_CHAIN
9,4,3,0.3212779684756144,0,12,37066.0243814923,119814.72236160933,8,3,1,2,1,0,0.5142856465099565,8911.97751241579,MULE_CHAIN
8,3,5,0.1923604556153342,8,11,59464.47902450157,15011.543299366007,5,3,1,2,3,2,0.9076898945804441,5075.690985671036,MULE_CHAIN
8,6,6,0.23113190992493649,0,8,115825.32103343906,63715.40873164949,4,7,0,1,2,1,0.6891790301374809,5708.015859496719,MULE_CHAIN
15,6,6,0.23583016977936208,8,14,61683.684010218094,34018.663139671145,6,3,1,1,1,0,0.9848581088146968,3251.155343267212,MULE_CHAIN
12,5,5,0.30908044082989855,2,5,129661.0189048502,133955.50521657598,5,2,0,1,1,2,0.5280191722009464,7964.390718153807,MULE_CHAIN
12,8,2,0.25634173601718524,3,8,108587.50160752091,54013.67069800872,6,5,0,1,3,1,0.661531594241453,818.3477699176133,MULE_CHAIN
14,3,5,0.33674313405846656,4,5,121851.78123263778,74408.83484520626,3,6,0,0,3,2,0.7981061419658062,8046.708774737644,MULE_CHAIN
13,8,4,0.3416576129759758,1,12,22775.86824895812,62221.11705519956,8,3,1,2,1,0,0.8621995789361454,2710.408993132604,MULE_CHAIN
13,4,2,0.25934122909983726,8,12,90408.77377781757,71759.87247444672,5,4,1,1,3,2,0.8879589536712544,6187.459470238558,MULE_CHAIN
15,5,2,0.1288768891763699,5,15,128575.13652677789,31221.78329028076,3,2,1,0,3,1,0.9367463887902862,3564.7003791715424,MULE_CHAIN
8,8,5,0.3785211158315107,0,6,27891.024477186696,84752.48618375271,6,7,1,0,2,1,0.9691219288499303,1173.302629026159,MULE_CHAIN
8,4,6,0.2970629541175731,4,14,92595.0524016862,84767.70089490767,8,3,0,2,0,0,0.8730541881379268,5550.779988323489,MULE_CHAIN
13,5,4,0.2237029875014373,6,15,62048.61960629924,45090.31951720333,6,7,1,2,1,3,0.7728131197911804,9073.607221200857,MULE_CHAIN
8,5,2,0.3314569215966908,7,9,92322.0011158799,130740.30627646654,7,6,0,2,1,2,0.577357393109378,9851.747040509608,MULE_CHAIN
12,4,5,0.34771157331546565,4,14,103493.10099371614,19671.449522291634,3,6,0,2,3,1,0.9041705860804159,7374.015004072892,MULE_CHAIN
13,7,3,0.1980494882965124,5,8,107572.58150804946,139670.91287754726,4,2,0,2,3,0,0.9855201223701844,891.2313955538503,MULE_CHAIN
7,4,5,0.2677888531940621,6,12,94272.98877755484,85145.95122635069,6,7,1,1,0,3,0.9985393834697744,7851.3387972844375,MULE_CHAIN
5,5,3,0.39629557508911883,6,14,38956.401774736085,20609.693866421658,6,6,1,1,2,1,0.9090859600659071,6141.83291589017,MULE_CHAIN
10,4,7,0.2614016373720959,1,8,117546.16933782055,83600.00685139217,7,6,1,0,2,0,0.8115209964287414,4976.307885468804,MULE_CHAIN
5,3,5,0.2981118476494634,6,15,132356.69556279393,17384.79049177427,8,4,0,1,1,2,0.9337052214272406,6720.199782246177,MULE_CHAIN
9,5,5,0.21801994534818245,1,7,108960.47618797944,59422.26665581667,3,4,0,2,3,0,0.6511631058015106,9261.566098998828,MULE_CHAIN
15,7,7,0.3059569937603801,6,11,39857.39004195071,136317.14663690212,4,6,0,1,3,1,0.9548676967820856,4130.967657616879,MULE_CHAIN
6,4,4,0.3518567529610652,2,7,119506.55163399404,125016.487513572,8,2,0,1,1,1,0.7070200777098394,5794.732831888903,MULE_CHAIN
6,8,5,0.14022598825914692,4,14,104443.91189973593,37997.05972162022,6,7,1,2,1,1,0.6937301437983125,747.8026815726062,MULE_CHAIN
12,7,5,0.30635881124041,0,12,72632.6798715287,20228.28438126477,4,5,0,2,1,1,0.8676658899498303,9307.480458689042,MULE_CHAIN
13,6,7,0.11177548667274628,8,11,145137.00050419872,38731.292496602386,7,7,0,1,3,0,0.7197769373582299,2834.355670419895,MULE_CHAIN
13,4,5,0.22406779152928502,4,12,78978.49564806379,127077.18841045572,3,3,1,0,0,1,0.947897453613326,9409.503348142774,MULE_CHAIN
7,5,6,0.36139162106707023,2,7,43252.67940752493,104005.93598495283,4,3,0,2,3,1,0.7097908456178836,4115.766587980894,MULE_CHAIN
5,7,5,0.17136350620584306,2,14,78986.00290208813,70234.4201872171,8,5,1,0,3,3,0.8006082832817066,5663.261016240852,MULE_CHAIN
9,5,2,0.11470940882463972,8,11,107371.76438398265,91386.21950608175,4,3,1,0,1,0,0.8457568090403333,8461.137140029758,MULE_CHAIN
9,5,6,0.22412737278188666,0,8,99566.98684069511,28662.77930454078,8,3,1,2,0,2,0.8648642598813397,1659.2206850564824,MULE_CHAIN
14,4,7,0.18714641924036518,4,8,23118.28367736288,93182.59279870665,3,2,1,0,3,3,0.5589628619606359,2209.118700733817,MULE_CHAIN
5,3,7,0.19998486714369412,5,11,100079.13458954295,18639.67272643258,8,6,1,1,0,2,0.5878145441189988,5724.939194152328,MULE_CHAIN
15,5,6,0.2607656427146161,7,8,63123.50805058771,129523.30638471009,7,7,1,1,3,0,0.8978913998365237,3343.7655930739265,MULE_CHAIN
5,5,5,0.1260393354975904,5,8,127829.47095926461,52828.588128220166,5,5,1,0,0,2,0.762550209843808,3487.744284745158,MULE_CHAIN
10,4,2,0.3466415553888831,3,13,46674.3243053122,19569.067116238555,8,3,0,0,2,3,0.693794107860615,5474.465634289441,MULE_CHAIN
9,7,4,0.33183612922083355,1,15,39411.69396396339,49204.61073001883,3,4,0,2,2,1,0.5076283587451951,2329.183576422856,MULE_CHAIN
12,3,3,0.10869780586079263,5,15,69867.95311416672,25764.94755825562,3,2,0,0,0,2,0.69595838032284,3718.019479032475,MULE_CHAIN
12,6,3,0.38423448106004554,3,7,138672.00938797306,64009.614794843896,7,4,0,0,3,0,0.8498073105412141,7002.540760651057,MULE_CHAIN
6,5,6,0.2948354238366872,1,9,72106.14172197635,66680.23820833795,7,5,1,2,1,0,0.8104374194282705,7285.594318577639,MULE_CHAIN
14,6,2,0.27764894052462763,3,12,32695.00819491592,70652.02904508822,5,6,1,2,1,1,0.6540178617681691,1239.9968245922541,MULE_CHAIN
9,6,6,0.27337942446878505,6,8,134065.29583899456,52466.91678676418,4,7,0,2,0,1,0.8971733298644582,4803.256992600338,MULE_CHAIN
5,8,6,0.34622598509199076,5,10,132538.3527878971,44405.1463079783,3,4,0,1,0,2,0.8511109411350037,9695.04540789656,MULE_CHAIN
15,4,3,0.10348082573357074,6,15,113774.10020705705,75837.66711682704,3,3,0,0,3,2,0.7183675578794443,1965.5392634903878,MULE_CHAIN
11,7,2,0.2733815502334169,6,8,55002.55825675215,130820.55645637796,8,6,0,1,3,3,0.7881761765739694,2644.5387249068526,MULE_CHAIN
15,8,2,0.3052222057439856,5,13,99695.08481666933,127948.15907585078,7,4,1,1,0,0,0.7675166308079926,6491.297066554561,MULE_CHAIN
7,7,2,0.29689596591226347,7,9,23548.751378700388,75595.02352262862,8,6,0,0,2,2,0.5634106677234028,4995.025053563269,MULE_CHAIN
8,6,3,0.3398116019235302,4,5,145754.93238016317,89443.01148312338,5,2,0,2,1,3,0.9108618838867184,2166.293967380371,MULE_CHAIN
12,8,6,0.1700983935143071,7,15,81696.6454993283,33143.728869447594,8,5,1,0,0,1,0.9351388679248629,5024.203452192155,MULE_CHAIN
9,8,6,0.21734612910697293,5,15,115460.74924875557,88590.53638810039,8,3,1,2,2,2,0.5974628423152577,8122.005428624372,MULE_CHAIN
9,4,2,0.10711014185711121,5,6,105358.71741336364,119432.39213603055,3,6,1,0,0,3,0.975244479624126,7389.881232316208,MULE_CHAIN
6,8,5,0.3768086172534094,2,9,137440.89407313836,111235.06364423745,6,7,0,2,1,2,0.6617020638932906,6774.539540661346,MULE_CHAIN
12,3,3,0.2621896470383719,6,11,103633.96170595632,129076.15285514081,4,6,1,0,3,1,0.8577001588754216,2195.200615615324,MULE_CHAIN
11,7,2,0.2546149008891113,4,12,72508.65772162667,105970.92764539368,6,5,0,2,3,2,0.9061378269843076,3633.3932585557295,MULE_CHAIN
10,3,5,0.3281359242644342,7,9,42960.37958623328,19916.39782442986,8,3,1,1,0,0,0.6920818375823427,8606.749744182769,MULE_CHAIN
12,6,2,0.3378217515510739,1,15,89412.20607939363,119281.28653371528,5,5,0,0,1,0,0.7246536387748053,6132.981570553845,MULE_CHAIN
15,3,5,0.3721536634520123,0,14,111168.585452007,31317.21669283248,3,3,0,2,1,0,0.5861245044792498,1845.1094861663853,MULE_CHAIN
15,6,4,0.1362407318708001,2,15,37852.82225762817,119553.38653614036,7,6,1,2,1,0,0.896550834973275,4549.00890741318,MULE_CHAIN
15,7,5,0.33329849129413147,1,5,20825.445211970204,37426.6070184642,6,2,0,1,1,0,0.5445706200105743,8014.996808394668,MULE_CHAIN
7,8,5,0.28361494530058967,7,6,65220.96368999901,15571.255160225923,8,4,1,1,1,1,0.6178195036646086,857.4015137894723,MULE_CHAIN
12,6,3,0.1479278780597656,8,5,67345.09898020615,41198.71910165217,3,7,0,0,0,1,0.6256908898588069,9701.451459222297,MULE_CHAIN
10,4,2,0.19783966741215153,8,6,73637.40945670917,39994.47891072591,4,7,0,0,3,2,0.9456825748855724,7597.3241584755415,MULE_CHAIN
8,5,3,0.10962837865697711,6,14,37745.19491526636,121456.42081791002,3,4,1,0,3,1,0.7292894624852532,9767.780967519417,MULE_CHAIN
12,6,4,0.10435115709159766,2,11,52218.08770707602,69281.08999456002,8,3,0,0,3,3,0.6112033050202677,2556.2047408522535,MULE_CHAIN
6,6,5,0.1721534477541406,0,13,115132.21690699719,133741.73695035884,3,7,1,2,3,3,0.5663560008943292,7118.208310024943,MULE_CHAIN
10,8,5,0.31117061890677133,0,5,70034.30482854304,101343.8298300897,8,2,0,1,3,1,0.7654601634767435,4350.9235363974,MULE_CHAIN
10,6,6,0.11226230047398317,8,10,92642.75954390745,23375.7392696647,4,7,1,2,0,2,0.8546685679762642,1554.1821653997329,MULE_CHAIN
5,3,4,0.20356797453554865,1,12,127842.77741575408,73770.48122680307,7,6,0,1,2,2,0.7659522394772927,4517.826688534622,MULE_CHAIN
7,6,3,0.36249794186112916,1,13,58112.027452511815,136196.8256928058,8,2,0,1,0,0,0.7707174790342206,1564.2335163226721,MULE_CHAIN
13,7,5,0.23740212761778165,0,14,42325.82630667687,47500.93220433401,4,4,1,1,2,2,0.7421215562965806,6825.625785590738,MULE_CHAIN
10,7,3,0.23226659132631244,7,10,93123.34151511989,19336.13608177125,4,3,0,0,1,1,0.65847188226142,890.9388366404456,MULE_CHAIN
13,5,7,0.3116354069759478,2,12,106695.40508926548,114947.02186922682,5,6,0,1,2,1,0.8642718937504321,7515.702323528997,MULE_CHAIN
14,8,3,0.27502943246014533,7,8,22931.324026485087,82301.53677002655,5,3,1,2,1,3,0.7227290409693993,3600.481461903598,MULE_CHAIN
10,5,4,0.39325708846504104,5,13,114620.93640427763,70527.54527100144,3,3,0,2,3,2,0.9962985829100377,615.8125154985366,MULE_CHAIN
10,3,6,0.326834216063706,6,6,103044.77996284785,49166.10734026321,3,5,0,0,1,2,0.5874465054117659,8741.495288836657,MULE_CHAIN
5,3,3,0.17880310706832125,2,15,36143.00016310576,98239.1827299134,8,5,0,1,2,3,0.6438445166392504,4902.792424954043,MULE_CHAIN
12,8,2,0.21196066479204417,0,14,41170.14024864945,22313.799249136,3,4,1,2,3,3,0.6598405557164697,6465.962451071828,MULE_CHAIN
6,7,3,0.2631137005745028,5,10,55289.666571525355,102245.93900921442,8,4,1,2,0,1,0.6812613386505597,2240.8512254398242,MULE_CHAIN
13,7,7,0.2653338485261758,4,6,139084.05080387028,29570.70635524088,6,5,0,0,1,1,0.5656160783894724,5807.224536892543,MULE_CHAIN
7,8,3,0.30641414722779636,5,9,36928.37281185569,24825.6202645647,4,3,1,0,2,0,0.8454090683274853,1626.670461985465,MULE_CHAIN
5,3,2,0.3760294212440968,6,8,44021.637195185445,58941.708308885914,7,3,0,1,0,2,0.5453896565197296,3365.635151729516,MULE_CHAIN
7,7,2,0.39207397116426235,8,6,130668.58531540849,74339.43797504812,4,6,0,2,0,1,0.8490664533875159,9660.506089610155,MULE_CHAIN
7,6,4,0.31141927455724316,2,13,30692.232866995055,76714.0998278955,8,2,0,1,0,2,0.6923905584350654,1548.0035315261182,MULE_CHAIN
15,3,5,0.2314175051212215,7,15,35498.31970511215,64351.43273381914,8,2,0,1,2,1,0.8475185580199853,6904.50966485336,MULE_CHAIN
14,5,7,0.38296751767449577,3,10,98411.50621710751,65555.44989884197,6,7,0,1,3,2,0.7422664296307211,7776.735559316179,MULE_CHAIN
7,6,6,0.30376130862598694,4,7,101020.24042996296,110021.4304742564,5,6,0,2,0,0,0.8305403022155529,754.1144358716097,MULE_CHAIN
11,6,5,0.11079433567716135,7,7,131846.89135342627,52880.57145169026,7,7,0,0,3,0,0.8530296018874057,3488.3123792879705,MULE_CHAIN
11,7,7,0.20582913108126247,6,9,23659.108256997497,20639.8065092024,5,2,1,1,1,0,0.9184670759976286,5199.565739295845,MULE_CHAIN
6,8,2,0.36068198823536735,5,6,22562.558725432937,55764.60472995193,5,3,1,0,1,1,0.7304546932047895,3464.945518441877,MULE_CHAIN
10,6,6,0.34343715332054475,4,15,99927.62356205074,60416.78816958121,5,3,1,1,0,3,0.7179955661362358,6913.557305605181,MULE_CHAIN
14,7,5,0.22813176708610167,8,10,127086.06346875512,78079.94183537245,3,7,0,2,0,0,0.6499545106027665,3096.966852538756,MULE_CHAIN
12,5,7,0.25981580050796305,8,14,114459.95890705736,22485.20765664948,6,6,0,2,3,1,0.6003240136961441,8327.125993005753,MULE_CHAIN
11,4,2,0.1449886743543655,4,5,80340.76111838002,84978.1263166043,4,4,1,1,2,1,0.7180664555058596,6211.7065619173145,MULE_CHAIN
10,7,4,0.3601515339245983,0,11,105465.97842234012,26288.28655639201,5,7,0,2,3,0,0.9715810710184666,9016.802018860955,MULE_CHAIN
14,8,5,0.34175248238826,8,8,38756.1281314926,36894.28192946001,6,3,1,0,1,0,0.9849617379700666,3477.398128272713,MULE_CHAIN
10,6,7,0.21032178660042294,0,9,145684.67071413863,90726.84160881622,3,7,1,1,1,2,0.9207364832589392,9401.236767892982,MULE_CHAIN
9,5,2,0.3808967213840211,8,8,131724.17585352118,35028.40388183556,5,3,0,1,3,0,0.719422923890325,4233.2678981968775,MULE_CHAIN
13,3,4,0.2262611596333592,4,13,78924.02790767932,18418.861666671408,8,4,1,1,3,0,0.5260494114509702,7135.580781692383,MULE_CHAIN
15,4,6,0.30572601350467554,2,10,133555.75968006533,31688.72522253531,6,5,0,0,1,1,0.5867395128587889,9711.813574971779,MULE_CHAIN
7,3,5,0.2854012148728297,5,14,31577.964756967664,60990.01926381409,5,3,0,0,1,0,0.9736217542262483,2383.5289253811534,MULE_CHAIN
14,4,4,0.31801242011157127,7,8,73108.13324913575,33242.856514428844,6,3,1,1,3,3,0.6450964807574755,8635.208412727388,MULE_CHAIN
11,8,6,0.17686767817971621,3,6,26774.639511645797,131383.07593282446,7,2,1,0,2,3,0.7354662116923427,7276.691516065648,MULE_CHAIN
10,6,3,0.1268943942725302,0,13,53852.781394045545,54158.70100647412,6,3,1,0,0,1,0.9892583009893875,5285.593857481914,MULE_CHAIN
7,7,7,0.29099565773804525,6,12,39320.704915327806,43732.568196152635,3,3,1,1,1,2,0.5179311240846198,5167.110407761606,MULE_CHAIN
9,4,3,0.32498099545107284,1,9,96138.06223579867,87943.42387281782,7,7,1,1,0,1,0.9858136773263131,1388.9898429473499,MULE_CHAIN
15,6,5,0.288507021863464,7,9,20754.69689686223,136221.31422520336,7,7,1,1,0,2,0.8280863785086753,1270.1007490770153,MULE_CHAIN
8,6,2,0.10615361076372674,2,8,121334.03086894385,50616.98612493276,4,5,0,2,0,3,0.8762792831451909,2924.057067864407,MULE_CHAIN
11,6,4,0.26891712308006155,6,11,125429.26674984905,91733.47293059884,3,5,1,2,0,2,0.7170529612551862,5151.418840376309,MULE_CHAIN
9,4,3,0.30529418118947066,7,9,75605.13487765648,86066.96073685611,4,6,0,1,3,3,0.7754971648623515,8114.674575904816,MULE_CHAIN
7,4,5,0.113577614910805,6,11,60813.02625192023,105511.83560397303,8,4,1,2,0,0,0.878677132242396,6784.9940724473445,MULE_CHAIN
15,6,5,0.3075418689960798,2,15,114368.48262901547,52849.99774629191,8,6,0,1,0,0,0.9065662397962879,626.3936991355255,MULE_CHAIN
15,4,5,0.3526269129501115,6,13,59119.323045490295,72928.19442987967,4,2,0,0,1,0,0.7369945437531145,6661.920606188213,MULE_CHAIN
11,6,5,0.3211234940111517,7,14,149873.42780679977,19627.15186876851,8,6,0,1,3,0,0.6998401861120052,1475.3034561045001,MULE_CHAIN
7,5,7,0.15766038925030923,0,10,85992.6728797056,88457.33876253493,6,3,1,0,3,2,0.8424870421705879,4644.185037893547,MULE_CHAIN
12,4,3,0.15984526684056394,6,14,123152.7192449418,132881.83729515155,6,2,0,2,1,2,0.746862539290085,1318.823027141662,MULE_CHAIN
13,4,5,0.17734664230122305,0,10,120112.33608501236,84627.79375490846,5,2,0,0,2,3,0.9481588495939164,2653.557432044567,MULE_CHAIN
8,5,3,0.31850478341904953,7,12,115231.74623522202,27411.779867760582,7,5,0,2,0,0,0.8235464854677651,1621.5638352428375,MULE_CHAIN
11,5,7,0.29949857647445344,7,7,122338.04635452971,32249.29157809231,7,5,1,2,1,0,0.714411424150353,7294.397571467082,MULE_CHAIN
5,6,2,0.298052851682571,5,15,27515.27784098153,93950.94526936027,4,6,0,1,2,3,0.8566847585107042,2061.084476289798,MULE_CHAIN
13,7,6,0.29561112621905766,8,10,120802.04349494312,125121.83530398775,8,5,1,2,1,3,0.542140461642184,2448.768928140459,MULE_CHAIN
13,7,4,0.17240193374208135,2,9,148304.1110313363,28805.23828043245,8,5,1,2,2,1,0.5299728693127015,8958.033714947756,MULE_CHAIN
14,8,7,0.29965616360296754,1,14,58896.209277135225,98365.29674454522,4,4,0,1,2,1,0.9075396162079814,9895.50074953691,MULE_CHAIN
7,6,3,0.23384922611282624,3,10,72357.9819982583,84871.05637690518,8,6,0,0,3,3,0.8894123598738852,1090.839889171897,MULE_CHAIN
13,7,2,0.30834121155584426,7,12,117044.5197849658,133008.69513212395,6,2,0,2,1,3,0.6846660298172286,1729.1592858456227,MULE_CHAIN
7,7,5,0.11459531397406901,5,9,43800.027269767656,107457.5407884956,5,3,1,1,2,2,0.5010428768483098,8016.435160169446,MULE_CHAIN
10,3,6,0.29935069372562206,4,11,137031.77430779953,57374.73527062168,6,3,0,0,3,3,0.5229098571765404,1915.334613846858,MULE_CHAIN
5,7,6,0.15681876186406293,2,12,35636.81293705905,132022.72624881886,7,2,0,2,0,1,0.5898717007129519,5647.426124514102,MULE_CHAIN
13,5,5,0.17715333795031551,7,6,41860.279046712254,33004.28161646139,3,6,0,1,0,2,0.6277772626590159,4441.896023068881,MULE_CHAIN
9,6,2,0.11556343556022523,2,8,50743.84528463577,78577.65919751485,7,6,1,1,0,2,0.7522106259504284,8983.604699969805,MULE_CHAIN
7,5,6,0.22202377642538157,8,6,46449.397890080545,135988.93909004238,8,6,1,2,0,1,0.6866526102291037,6689.733642783275,MULE_CHAIN
15,6,4,0.35273160181687835,8,8,56570.46754593412,35177.0381435593,7,6,0,0,0,3,0.7670446431751607,2883.4450950856008,MULE_CHAIN
12,5,3,0.29868310835142875,1,10,79773.91440174764,89939.20841110613,5,3,0,2,2,2,0.5079373080805623,9806.583305080183,MULE_CHAIN
12,8,2,0.20589841970512052,0,11,70277.63450916306,119893.22409775652,7,4,0,2,0,0,0.9059348542132606,8252.53769293669,MULE_CHAIN
10,3,4,0.24785136261099783,3,14,45491.283222692146,117640.43383154654,4,2,0,0,2,1,0.6980430897733068,5191.182380090034,MULE_CHAIN
8,7,7,0.3346758125893652,8,8,148953.6759709969,101623.22692362075,8,2,0,0,1,0,0.7664707586707791,9368.852305517206,MULE_CHAIN
10,7,2,0.36514073249970447,0,8,139390.89391088538,81551.28528257972,3,4,1,1,2,0,0.6581209823681387,4932.573912352023,MULE_CHAIN
5,6,5,0.3424177222490837,0,14,129265.98588044368,45894.19576138318,8,4,0,0,2,2,0.7367882625697524,6440.299659363164,MULE_CHAIN
6,4,2,0.37573473632869225,3,12,99396.02316471991,68979.87371849851,3,4,0,0,0,0,0.5509137909023629,8955.795497097635,MULE_CHAIN
14,3,4,0.2952764278745313,6,15,87237.6760293929,88476.66955784085,3,5,0,1,3,3,0.5540032949398818,8859.41259109975,MULE_CHAIN
5,4,4,0.2753566885795775,3,13,60454.47122958726,125652.73875477137,8,4,1,2,3,1,0.887747832185122,8071.743048121574,MULE_CHAIN
15,4,2,0.20246557710175717,4,15,109939.33079876023,73425.29851921115,6,7,0,2,0,3,0.8462069195924156,9776.852335062124,MULE_CHAIN
12,8,4,0.3421813921781214,2,11,43951.786588065035,138734.75544780993,4,5,0,0,1,1,0.6814085729788695,2524.8158221742574,MULE_CHAIN
7,5,6,0.17378927807183883,2,8,129574.58469295887,128831.11877477747,3,3,0,0,1,2,0.510496880231223,8911.131180740811,MULE_CHAIN
7,4,3,0.15750438764517316,1,11,61333.70919481956,68692.52057464936,8,4,1,2,1,3,0.8180714743008823,1121.0864344662914,MULE_CHAIN
15,7,2,0.15023006239968642,8,11,68654.59192407437,79861.54577160931,8,6,0,2,3,1,0.5894992587038246,7954.319618428791,MULE_CHAIN
9,6,5,0.27141111602755486,7,10,31018.65908103391,108952.8439976537,5,6,0,0,1,3,0.6475240083206643,4261.049766664508,MULE_CHAIN
8,5,7,0.12276653280651478,8,6,86662.82863218147,95456.79990030732,5,6,1,1,2,2,0.8929366479680871,2205.874444514816,MULE_CHAIN
13,5,2,0.3310228272515703,0,9,142955.95096609445,117732.66451428997,5,5,1,2,2,1,0.8789030375156868,9980.959201676536,MULE_CHAIN
8,6,7,0.2253063594019072,2,12,23913.52958016858,32368.7781929117,6,6,0,2,3,3,0.9368751053822996,1315.8206341729378,MULE_CHAIN
10,7,7,0.33974373326376706,5,14,147422.37500527065,40525.5773185684,7,5,1,1,0,0,0.695318073271622,1960.06677511194,MULE_CHAIN
11,5,3,0.16991182779767855,7,15,79106.27929470623,61081.53320712194,7,2,0,0,3,0,0.5055235444449846,1160.1648379696935,MULE_CHAIN
12,4,6,0.27252741516937523,1,9,85321.75275072726,100604.49113972153,7,3,0,0,1,2,0.6377204887632382,7241.880333539323,MULE_CHAIN
12,5,7,0.35279184217374315,6,9,127045.84870709493,121230.48634745766,6,6,1,1,0,0,0.7075263792616681,8869.44369770222,MULE_CHAIN
8,6,5,0.39771691656528596,6,13,29949.37269539827,28153.070122371268,3,4,0,0,2,2,0.8832695401441701,1134.0667019145033,MULE_CHAIN
6,8,3,0.1981331087729981,3,12,28870.83225497097,83553.5675445782,6,5,1,2,3,1,0.6211468045174388,602.0049332138483,MULE_CHAIN
15,5,3,0.2321973972575821,2,7,24477.829903732243,99380.5163468223,4,7,0,2,3,1,0.6080832497852227,7754.09594630078,MULE_CHAIN
6,3,5,0.10838325095763197,1,5,108394.73833861522,22896.435652457025,5,3,0,1,1,1,0.9793726275946426,2766.133069245994,MULE_CHAIN
8,3,4,0.19701034838025622,0,5,61111.22877566202,63648.33244380348,6,7,0,2,1,3,0.7293879658732421,1647.6376332929528,MULE_CHAIN
15,8,5,0.3033701567155571,5,7,102595.94871866044,125495.87902391804,5,3,1,0,1,2,0.6589834875539746,6198.737878958625,MULE_CHAIN
8,7,2,0.11797690496792379,7,10,46261.53237906974,61968.492869646594,6,4,0,0,0,0,0.8210194484811526,7510.176197221352,MULE_CHAIN
10,4,3,0.26179352563785163,7,15,110516.14629876082,42805.50681805535,4,7,1,2,2,0,0.9363528914059919,7462.294728659596,MULE_CHAIN
8,4,6,0.12344935408139186,1,12,113817.58954882408,45615.61977864874,5,3,0,0,0,1,0.5882177524486603,8396.598346939045,MULE_CHAIN
11,4,5,0.10594332313968828,3,11,118651.58191203633,130191.56238085734,6,2,1,0,3,3,0.797591680799416,6289.245094968505,MULE_CHAIN
8,3,2,0.35849653817869687,6,10,140339.8392651723,132535.62315800198,6,5,1,0,2,1,0.985246318363376,2359.2996148011257,MULE_CHAIN
10,7,7,0.2465865529365385,1,10,104617.8235120573,130814.84454128922,8,2,0,0,3,2,0.8678321028008752,7639.985347996133,MULE_CHAIN
15,4,2,0.13501919307777027,5,6,139194.770902136,64708.36518897653,8,7,1,2,1,2,0.7930802143147051,5994.2470680318265,MULE_CHAIN
6,3,7,0.27178350860630973,2,10,117334.9094185108,131252.10824263305,4,4,1,2,2,3,0.6989851098470725,9281.04561874788,MULE_CHAIN
7,4,5,0.15459529944348427,0,6,125868.1591423939,38204.75522516374,6,6,1,2,3,1,0.529491032473429,2270.8003684017676,MULE_CHAIN
14,4,5,0.24555830584348273,6,6,54590.4975215631,134401.7166339109,3,2,1,0,3,0,0.8326611391546035,3750.44321851308,MULE_CHAIN
10,4,4,0.29952348559753156,0,11,146789.6578929111,124134.67903645265,7,2,1,1,3,2,0.9031351026154211,8956.445863539246,MULE_CHAIN
15,5,2,0.29013319021509354,2,5,108130.82454919665,44194.831481914036,8,4,1,1,3,3,0.7422680720693067,529.7265415543559,MULE_CHAIN
9,8,6,0.3961658825161736,7,12,144156.65883599388,75271.06816195148,4,5,0,2,1,0,0.7703339540991991,8069.7972240101835,MULE_CHAIN
15,3,7,0.14072692973033232,1,13,83954.6417575883,114442.55807603202,8,7,1,1,1,2,0.6664005587694817,9539.286855804572,MULE_CHAIN
6,5,7,0.2776601462152839,5,8,94469.07123778621,30927.183305220955,8,2,1,0,1,2,0.6566861456411652,1332.9632361094198,MULE_CHAIN
12,5,3,0.34484438808908296,0,9,108397.51988092056,33428.16975104195,4,5,1,2,1,1,0.6416964126596998,587.2909584178242,MULE_CHAIN
8,8,3,0.31012222409783063,1,5,114561.41018074022,52387.72215730467,4,5,1,1,3,0,0.907506080937573,3664.8731935819324,MULE_CHAIN
13,6,2,0.13927020502854565,6,14,59529.62100117821,96829.24814866339,3,7,0,2,2,2,0.7885787045119739,2353.375678215417,MULE_CHAIN
7,3,2,0.2066751561481329,2,12,35255.08990463598,79429.39736889472,4,2,0,2,1,3,0.6692429095260515,4557.555112650469,MULE_CHAIN
15,6,4,0.289700054347207,3,12,35600.050130200325,25329.62382030818,5,2,0,2,3,0,0.7446092204802086,8716.509999877617,MULE_CHAIN
6,8,6,0.15546695457100237,7,5,126270.16961376504,112934.31946280994,6,6,1,1,3,2,0.7650438304564477,1444.6919231837635,MULE_CHAIN
8,8,3,0.12634627870283172,1,9,147390.6965271624,78268.53884251595,3,2,0,0,3,2,0.681779820346371,1723.7519097571796,MULE_CHAIN
10,7,6,0.2531771038692583,4,6,50823.04622810641,38509.20638224792,8,2,1,0,3,2,0.6498546147945716,9867.185458314218,MULE_CHAIN
9,8,5,0.38205979845191995,5,7,29172.545983224096,106584.36234053194,7,3,1,1,3,1,0.9976796345156425,1290.9137232231683,MULE_CHAIN
15,7,5,0.11978780775373618,8,15,138201.9005965982,112258.86888173688,3,4,1,0,1,0,0.5731648164572394,5548.966572023229,MULE_CHAIN
9,7,4,0.28224008329003936,3,5,143046.3397334775,63695.41635799453,4,4,1,2,3,0,0.6725864440429397,7154.327589537961,MULE_CHAIN
10,8,3,0.3034645675317265,0,11,43803.58835358024,138280.78444488478,8,5,1,2,2,0,0.8992344493741758,6572.338154597196,MULE_CHAIN
7,7,2,0.12537553625570863,3,9,125085.09944130394,16336.835289528895,7,5,1,0,0,0,0.974198342949091,9476.236011009807,MULE_CHAIN
13,8,6,0.11270679445722745,8,12,140924.09703620503,110463.80631953143,4,7,1,2,2,1,0.9518993095497361,6781.154051670802,MULE_CHAIN
6,5,4,0.24493740490126248,8,9,115943.34387818677,86105.24307342383,4,2,1,0,2,1,0.6087315973753347,8582.381980724127,MULE_CHAIN
10,8,3,0.22062042658298983,0,5,83965.99550307375,25592.97242117725,3,5,0,2,3,2,0.7571592997704072,1518.0585239005595,MULE_CHAIN
9,3,5,0.2968838933989945,0,12,65985.91102005422,69245.01933698563,4,3,1,1,2,3,0.6796183730795096,5596.060154659052,MULE_CHAIN
15,8,3,0.19746630955731104,2,11,140062.96259497193,120382.86420110549,7,7,0,1,2,0,0.6944242534466746,5726.174892543942,MULE_CHAIN
6,6,3,0.2852839480768794,5,13,56548.04862793228,29377.498872733486,4,3,1,2,0,3,0.6317653655791917,3181.1220133030993,MULE_CHAIN
8,4,5,0.10529840353831804,1,8,69445.84438911552,80621.39774341689,3,2,0,0,0,1,0.8500794307638331,3101.685571736012,MULE_CHAIN
7,3,2,0.1156391911069246,0,10,81367.5613434666,128560.24686854501,4,4,1,1,2,3,0.5503808499533963,9003.509223101926,MULE_CHAIN
14,6,2,0.3661581399434035,4,7,98238.56626187313,20129.86684829131,8,7,1,1,2,2,0.9841650907403857,3121.495991910371,MULE_CHAIN
9,7,4,0.3684739083782108,1,12,35265.76160200232,69515.72040813835,8,7,0,2,1,0,0.7414103091471052,4473.019314778662,MULE_CHAIN
13,6,5,0.2821655137944837,2,8,40800.39720495594,42225.96525411378,4,2,1,2,0,1,0.8483608737918038,5338.1444897460115,MULE_CHAIN
15,4,4,0.378174387215759,4,9,147403.07601072674,138692.03364794166,3,7,0,0,1,0,0.6049861927874197,3272.5113061916927,MULE_CHAIN
5,5,3,0.3191430031476039,5,9,146308.6116465405,82173.58683917446,4,4,0,1,2,2,0.9893811936228794,6446.575393909667,MULE_CHAIN
11,4,5,0.16951694279122032,4,11,137281.85863994728,26711.382769012052,5,3,0,1,2,1,0.5907567719347406,8173.46312964784,MULE_CHAIN
15,6,2,0.3172920767816422,2,7,98428.15714303324,62234.39121990515,8,2,0,0,1,0,0.5103579577432406,4822.729517793246,MULE_CHAIN
14,6,3,0.1922154977882422,1,12,27263.815854925182,101505.14974021971,4,3,0,2,2,0,0.8137429265067462,5064.041590071332,MULE_CHAIN
9,4,7,0.21542314220987177,4,6,148799.8469495597,43065.3071605938,6,3,0,0,1,3,0.9782332441056112,3856.4441630688575,MULE_CHAIN
7,8,7,0.19046913003494947,1,9,55242.126204896456,77406.34774950492,5,2,0,0,3,2,0.6845562492790886,6954.616461245888,MULE_CHAIN
6,5,3,0.15456170089737045,2,11,84246.84193058437,75161.06875000599,5,4,1,0,0,3,0.9864244327468586,3145.5233534749173,MULE_CHAIN
8,8,2,0.1705579206981721,6,5,67111.79750106245,74240.7937698213,4,2,0,1,0,3,0.566796339753658,7877.629299374222,MULE_CHAIN
7,6,7,0.10790406472114294,2,11,111182.22924903987,97843.4150494701,5,2,0,0,1,0,0.5368851478279626,1613.7401881776284,MULE_CHAIN
12,8,7,0.10396282587968349,1,6,134550.42849122774,19014.88840968682,4,2,0,1,1,2,0.8755664645641305,7364.295495336513,MULE_CHAIN
6,7,5,0.3933778851130748,7,7,72052.31510457164,21999.60274519995,8,3,1,2,1,3,0.696145479320339,3082.362277393506,MULE_CHAIN
10,3,3,0.18466207942983598,6,13,47548.29308110772,16372.126635649645,3,2,0,1,0,0,0.954843507368565,6230.306587357624,MULE_CHAIN
10,5,5,0.25006482495714066,0,10,66258.84806067197,31189.61123997048,6,7,1,0,0,2,0.8373432088545704,3431.746159348993,MULE_CHAIN
15,3,7,0.16947102371842132,8,8,38312.141522372825,104819.31690224168,8,7,0,1,1,1,0.9967083147304778,1248.152165930247,MULE_CHAIN
6,3,3,0.329895194330344,5,9,84858.59388287975,71850.98219077912,7,2,0,2,0,1,0.584858819596678,9946.84301857998,MULE_CHAIN
12,3,4,0.3577009766249919,5,11,139228.21513173002,31123.02981394126,6,6,1,1,3,1,0.6833661329466076,9730.966131411253,MULE_CHAIN
11,4,6,0.2197841261040327,8,6,133640.65505635896,98643.82022386708,4,5,0,2,1,0,0.6744689809749931,1500.3310684954793,MULE_CHAIN
12,4,7,0.3223854284201998,7,6,24976.704052541834,34467.639688899435,5,5,0,1,2,0,0.7349837725814945,9966.163204919618,MULE_CHAIN
9,5,7,0.15283168572990138,6,7,72658.90241132813,52292.10037158419,3,4,0,0,1,0,0.8561033511587266,6994.878683371419,MULE_CHAIN
13,8,3,0.38967695019399395,4,11,94141.19296213935,117876.9621718037,5,7,1,0,1,2,0.7804542213047756,5075.439922640058,MULE_CHAIN
15,6,4,0.2562075094631747,2,5,102458.0968798155,94864.54942213139,6,3,0,1,1,3,0.7891885083073603,1579.2653227162334,MULE_CHAIN
9,5,6,0.34571545541530435,6,6,104358.51804819897,71999.68562838968,8,5,1,0,1,0,0.7051934054185784,3956.0473088459444,MULE_CHAIN
15,6,7,0.1849745088117405,5,14,124772.16913432245,27976.504945790337,3,2,0,2,3,3,0.8248122931138668,6766.25324816429,MULE_CHAIN
12,3,4,0.3902848306158585,8,12,111498.54438008793,107644.13211104325,6,7,1,0,1,3,0.5038025674954683,1587.7604995505676,MULE_CHAIN
13,8,6,0.19524128884469705,4,7,51438.04469888019,136686.2903827451,7,5,0,1,0,0,0.5963302016864267,8009.846218353915,MULE_CHAIN
11,8,4,0.3512013633986686,6,7,32123.07529244201,18205.02876995228,5,3,1,0,0,1,0.5057690614048173,6498.690150535633,MULE_CHAIN
8,8,5,0.33111747561502397,1,15,30785.23800929536,32971.19120828622,3,4,1,0,1,1,0.5115704113184905,5586.463592829849,MULE_CHAIN
5,6,2,0.24595518848125006,1,15,109353.73339495006,61906.79618130765,3,3,0,1,2,1,0.6567924679575554,5164.851095949812,MULE_CHAIN
6,4,6,0.10886657283295881,2,5,118924.92674145834,42038.316118413815,7,6,1,1,3,0,0.6824453216597007,7546.119875593183,MULE_CHAIN
11,7,5,0.37670442952153294,1,9,109317.469373231,125914.36139996734,4,3,0,0,2,2,0.6405413819919202,8185.611447022231,MULE_CHAIN
11,4,6,0.2058746517612647,4,15,41742.376876089416,19220.00136049225,3,5,1,1,2,2,0.7556784050653266,6269.308676115687,MULE_CHAIN
7,5,2,0.10288989987654046,8,5,47790.41551425278,85933.65657631254,8,4,0,1,1,0,0.6607806194526851,4030.7728017394293,MULE_CHAIN
5,6,5,0.11403755319921607,3,9,36132.048285469886,36392.466129204884,6,2,1,2,3,2,0.6634373798637505,2382.428920810452,MULE_CHAIN
5,5,7,0.10488168761757188,0,12,114022.97704763543,49334.19327921201,3,5,1,0,3,0,0.876846139676215,9221.327588046937,MULE_CHAIN
7,3,4,0.3584166311195468,7,11,31442.173606535485,105513.48911810337,4,3,0,1,0,0,0.90614099565476,8341.837034365253,MULE_CHAIN
10,4,6,0.3663395237553575,0,11,106870.58259478606,80220.46264967781,8,5,1,1,1,1,0.6202617234657881,1639.0634864549534,MULE_CHAIN
12,3,3,0.10393843204639619,5,8,44429.26588202956,28066.839743824807,6,5,0,1,1,1,0.6043307290002533,1213.8718234879484,MULE_CHAIN
7,8,4,0.38544837877861726,2,14,39147.66542556908,124524.52952710296,8,2,1,1,1,3,0.8725129966072707,3139.465127284771,MULE_CHAIN
13,5,2,0.23240217925441758,0,10,104320.8272734875,106500.20119549702,3,2,0,1,3,1,0.7112941860926585,5270.808723517209,MULE_CHAIN
9,4,2,0.2596395174436986,4,9,110936.59619284443,65569.92489090942,4,6,0,0,1,0,0.6964427124757478,839.0355964354403,MULE_CHAIN
14,6,7,0.19159725647992776,3,8,108587.52302102075,35830.68172200062,4,4,1,2,0,0,0.6660776581610337,9123.93318604288,MULE_CHAIN
8,6,2,0.11355295587836156,6,5,148753.70322008143,119419.87889659374,7,7,0,2,2,3,0.7626345921425017,5138.919739392221,MULE_CHAIN
10,7,7,0.35708684816612546,5,14,55091.86796212151,79913.61253728674,6,2,1,1,2,3,0.819900155144659,3849.950591927567,MULE_CHAIN
6,5,7,0.30364045771565235,2,12,54490.21330731029,99883.29532448672,7,3,0,2,0,1,0.9439974514067011,4088.8934624788953,MULE_CHAIN
12,8,3,0.23989524173942894,4,7,101093.36735724144,98040.0401378114,7,4,0,1,3,2,0.6518227997676462,9709.96395557509,MULE_CHAIN
9,4,4,0.36361662883296364,0,13,40154.81199308547,25750.433162969628,8,6,1,0,3,2,0.6353344475576439,506.0962585663002,MULE_CHAIN
7,7,5,0.3036769633202234,4,10,108831.75387826447,39938.33308110055,7,3,1,1,0,2,0.5678453758966635,6171.868532538339,MULE_CHAIN
10,6,4,0.22830075129841096,7,11,23597.481985632905,84863.63793390068,6,5,0,2,3,2,0.9787458768739168,7009.051157308264,MULE_CHAIN
13,6,2,0.12539772776073088,4,9,63352.84909057736,27174.882760215667,8,2,1,0,3,1,0.6452884620630868,556.5520368268649,MULE_CHAIN
7,5,7,0.19326724868821066,1,5,109410.7106036766,29338.607962375558,6,6,0,2,3,1,0.5000178558864522,6918.967232680672,MULE_CHAIN
13,5,6,0.3043961341063601,1,15,76205.98084488531,94524.64560201194,7,2,0,1,3,3,0.5924039264831177,8292.574094472933,MULE_CHAIN
12,6,5,0.14444995901280044,8,9,93347.18093742296,16377.45549952431,6,2,1,1,2,3,0.6513807849365605,8098.624359963018,MULE_CHAIN
15,8,6,0.20178732304159197,7,7,59380.88506498934,64241.09118823902,5,7,0,1,3,0,0.9580800117527153,1938.3257876540454,MULE_CHAIN
6,3,2,0.3556093552698437,2,7,106483.92627990733,77429.23804953127,4,2,0,2,2,2,0.8396611380443462,8383.919547020283,MULE_CHAIN
12,5,6,0.28938821667584635,1,5,33995.93085672217,71188.70386632992,4,4,0,2,2,0,0.5666083208802002,7624.381949695766,MULE_CHAIN
5,5,5,0.2704885085223187,4,6,108706.95676577854,134717.95178110572,5,3,0,2,0,0,0.864141760923834,8195.084049070958,MULE_CHAIN
7,7,4,0.1302739011897016,7,12,98193.64607535259,56364.974363280904,4,2,0,1,3,3,0.6120106124182336,5906.948016899572,MULE_CHAIN
6,7,5,0.3810780657471523,1,9,24195.714324309534,67675.712165312,8,2,0,2,2,3,0.6002556284313695,5686.445378708989,MULE_CHAIN
14,8,6,0.3788090759827052,5,13,55166.09284306221,20217.62213116625,6,3,0,2,0,2,0.5178000423930462,9524.123936550928,MULE_CHAIN
11,8,3,0.22891559459568067,4,11,35025.81594090067,29749.069602365344,7,3,0,0,3,0,0.8078266009037738,995.333967191617,MULE_CHAIN
7,5,2,0.19423776496127426,0,14,149751.5451760117,31214.530548196133,8,3,0,0,1,0,0.698909325445821,1703.8009961417383,MULE_CHAIN
15,4,6,0.36789354294732646,8,10,85447.90233350664,21749.691764484574,8,6,1,2,2,2,0.9502126887844273,3280.492434317051,MULE_CHAIN
15,6,2,0.10638689510280075,2,5,96471.22040348474,52551.60591302331,5,4,0,1,1,0,0.9825482371616858,7134.248421956861,MULE_CHAIN
10,3,6,0.3263434221442849,0,10,48150.739434680254,18418.142293528075,5,6,1,0,3,0,0.8628931411699929,797.4079448336142,MULE_CHAIN
8,4,2,0.18421003922728207,0,15,149844.79183324604,111417.40056015975,5,2,1,1,2,1,0.6479124588427407,4939.658493425858,MULE_CHAIN
5,6,2,0.23993185021803626,4,10,129762.29296892206,42230.31249699264,6,7,0,1,2,2,0.5292924179865803,4716.182514249388,MULE_CHAIN
5,4,2,0.29638024875186786,1,7,131874.13608461732,87486.33943249883,8,6,1,0,1,1,0.5209777934603681,6370.518391816261,MULE_CHAIN
6,7,2,0.17109361336538625,4,10,127787.9208844161,100127.0327493266,7,4,0,2,1,2,0.5356965871225559,5315.910422922823,MULE_CHAIN
7,7,2,0.1318696311318237,5,8,113049.83617002955,107755.42712601111,5,6,1,2,0,1,0.8917335740532223,3263.2900129104464,MULE_CHAIN
5,7,5,0.2977593277196171,0,13,54993.7536966284,119501.11755658287,6,4,0,2,3,0,0.6465326544309762,5513.68578957731,MULE_CHAIN
6,5,7,0.24524635584328752,5,8,49869.229450929844,118477.63805350653,6,5,1,2,3,2,0.9933724855083274,5824.342726197933,MULE_CHAIN
8,4,5,0.10465367548191012,2,6,119516.24246012598,103922.73430724177,6,4,0,1,3,1,0.7349301343517527,6509.982778681008,MULE_CHAIN
9,3,4,0.3692278962389728,0,10,100161.84720404694,139266.76295900677,7,6,1,1,2,1,0.5226188491052111,5790.9374184432,MULE_CHAIN
10,6,3,0.2526001573857662,6,14,50194.26084053001,76661.68334066607,5,2,0,0,0,2,0.5241439736043338,4808.507975966174,MULE_CHAIN
9,5,5,0.2316750233403594,2,7,148544.72464920674,109183.60060650803,5,4,1,2,2,0,0.9622579262840546,2073.1291035282256,MULE_CHAIN
14,6,7,0.23344740313491352,8,7,139339.37508054025,104531.36364586855,6,4,0,0,3,0,0.9595918351588552,3177.4564642247296,MULE_CHAIN
9,6,7,0.32065652350972024,1,15,109431.88474271662,126534.06363421117,3,7,0,2,1,0,0.5191784219197095,5317.071640384965,MULE_CHAIN
7,6,3,0.3200682055131936,8,9,102520.45418219501,26088.963552222358,4,3,0,2,3,1,0.7581531139357268,3020.2174444950847,MULE_CHAIN
7,5,3,0.3625117219063251,8,15,123577.002971646,64026.256983952684,6,5,1,2,1,2,0.6785639358439047,6740.939181791131,MULE_CHAIN
7,6,5,0.2803176375001734,4,15,57820.930665955704,78435.92537111245,4,2,0,1,2,0,0.9449053065888149,4281.84844326808,MULE_CHAIN
15,3,4,0.23429090397762856,4,8,89681.70275394697,112444.00030494342,7,3,1,1,0,2,0.5551578102554298,2580.007856551518,MULE_CHAIN
7,7,5,0.3579168507110041,0,8,138384.99142679863,56437.76410575516,5,3,0,2,0,1,0.6078075489139227,2385.178233381839,MULE_CHAIN
5,5,7,0.13709284919424916,8,11,37055.11462970424,107565.71706069786,8,5,1,1,0,1,0.6349993305727232,7036.66529319758,MULE_CHAIN
10,6,6,0.32304500719181883,6,9,46346.670113193235,48033.744403405464,5,5,0,2,3,1,0.8280253543563231,8663.379065437632,MULE_CHAIN
13,8,2,0.2356811059059073,3,14,120256.75296913847,70885.66080650466,3,5,0,1,0,3,0.7384031584976363,9538.845148243068,MULE_CHAIN
14,4,2,0.330222543686817,1,9,116266.44681336657,119290.42778034878,6,4,0,0,1,3,0.5182548549825063,4998.3892475989,MULE_CHAIN
6,6,3,0.3270660117573094,8,7,35792.09932391052,39670.95147594926,7,7,1,2,3,0,0.9348745866563777,4544.169244490025,MULE_CHAIN
15,5,6,0.19671584281720328,8,10,41572.93743191128,51274.59753607515,7,7,0,1,0,3,0.8425119377838888,7339.458441426731,MULE_CHAIN
5,5,7,0.15630232810810424,7,6,63034.566956109506,22638.473645758593,7,5,1,0,2,3,0.7343470513614061,4969.687645412653,MULE_CHAIN
9,7,6,0.29247980637707016,3,8,39814.834396443635,106332.25978952038,3,6,1,2,2,2,0.6399927667466001,4331.049411564509,MULE_CHAIN
8,3,6,0.14394749658554792,8,7,62033.9238652018,126994.16776173009,6,2,1,2,3,1,0.5260945936179717,7941.966702806911,MULE_CHAIN
13,3,6,0.3526573662770526,4,7,112475.19812416224,119984.51295983348,8,4,1,2,3,2,0.7802429327430085,5458.864193493375,MULE_CHAIN
8,6,4,0.15370168000428178,8,5,66928.87908503663,39361.07583866877,4,5,1,2,3,1,0.7930942040323865,8824.800945669793,MULE_CHAIN
5,8,5,0.39916947321790375,8,15,42590.22579750637,108741.99982260988,6,5,1,0,2,2,0.8237742474324492,9725.83659690409,MULE_CHAIN
6,7,4,0.39502102848718146,2,8,115868.97218352316,56583.12346532338,8,6,1,0,0,3,0.8359954612263665,1092.0919886622373,MULE_CHAIN
9,7,3,0.30661501177877004,5,11,117087.6956692049,119732.46215012849,4,7,0,0,1,2,0.5016121913163532,4712.2892731639,MULE_CHAIN
5,4,2,0.16525775560277467,7,10,134035.79051908833,132904.66610969242,6,2,0,0,1,0,0.6538911604781014,6115.911036379164,MULE_CHAIN
9,5,7,0.23187949716570636,0,6,95230.50134829964,58607.39958693323,6,4,1,1,1,1,0.820912955414663,2392.6341249239795,MULE_CHAIN
13,8,4,0.12722725014374953,0,8,80799.46565560973,18931.00634396018,5,3,1,1,2,1,0.5576490928122022,9700.659325612856,MULE_CHAIN
10,8,2,0.15613345558900124,5,10,80689.36020941401,38270.09081099664,5,3,0,2,2,0,0.5108749845587042,5017.211259750788,MULE_CHAIN
8,7,2,0.22629579549855194,6,9,97099.88656425604,35503.245771121554,7,5,1,1,3,2,0.5831923668174207,9325.4005933971,MULE_CHAIN
5,8,3,0.16012196067636028,3,7,30448.78515599053,44522.947834583174,5,4,0,1,1,2,0.6016609908511821,2070.749769922967,MULE_CHAIN
12,8,3,0.32891685199055765,8,6,61386.370801894045,131907.79974081204,6,3,0,1,3,1,0.6999417795734868,6850.150079092159,MULE_CHAIN
5,7,6,0.32550533800910586,6,6,37950.38703824176,38496.31864973149,8,3,0,0,1,1,0.6056161720377874,3728.5840344714466,MULE_CHAIN
6,6,2,0.2038860604600585,2,6,124461.53338923327,16528.06114487701,8,5,1,1,1,1,0.6595128891197574,5414.811428079074,MULE_CHAIN
10,3,3,0.3942203523756529,6,13,30401.18448101236,15869.591103043105,6,7,1,2,2,3,0.9741006081334392,8519.59985928781,MULE_CHAIN
9,3,6,0.18017065565003793,7,9,22277.469099164897,55579.06875171079,5,5,1,1,0,2,0.8179913499788012,3705.8865756725118,MULE_CHAIN
8,8,6,0.27072048364226425,6,5,68463.39274180948,33343.80590296675,3,4,1,1,2,2,0.9884216663383327,7045.423629610172,MULE_CHAIN
6,4,6,0.17829272447880748,1,9,90090.49163052195,114215.43322853035,7,6,0,0,2,0,0.8471285693308491,4617.635191746208,MULE_CHAIN
11,4,2,0.33461517262680424,6,15,54716.92636696516,89884.93136154322,4,4,0,2,3,1,0.9879488111840808,3090.454332888014,MULE_CHAIN
10,5,4,0.20390989442757226,5,12,131066.27856593019,77371.8306521302,4,5,1,2,2,3,0.7661201830868622,5797.742665703509,MULE_CHAIN
12,8,5,0.10886937042154482,0,14,101154.46780407002,85611.55459986141,7,3,1,0,1,2,0.7076964974247881,7633.146434990404,MULE_CHAIN
7,4,7,0.3936689505005997,3,13,117666.51964416978,67272.4994462532,6,4,0,1,1,1,0.799624269004463,5922.077650195474,MULE_CHAIN
9,3,6,0.3489598900095855,5,12,108835.73098440851,27290.38590877635,8,3,1,1,3,1,0.7900789143633256,2187.4529629984227,MULE_CHAIN
15,3,4,0.10681585463054188,0,14,91767.4567287684,122929.78405303467,8,5,1,0,2,1,0.9251545068368567,6442.203681790669,MULE_CHAIN
8,8,6,0.23309595880593362,3,8,85027.94208660202,28894.66207817845,4,5,0,1,0,0,0.8020033979336747,4881.206083017087,MULE_CHAIN
13,3,7,0.3329789585031053,1,15,23083.616398332604,75100.94548366389,7,7,1,1,0,3,0.8630158754430199,8891.891865445505,MULE_CHAIN
6,8,3,0.20993935185572443,5,15,138686.6967499176,114444.13740429189,5,3,0,0,1,2,0.6050424920935471,6008.213819257837,MULE_CHAIN
14,5,6,0.11072339287695901,7,7,57495.9559244831,42627.692446271496,4,6,1,2,3,2,0.6854255592954883,7145.835887270098,MULE_CHAIN
9,8,3,0.10840141143855261,2,8,39287.237271297876,16508.339549807057,7,4,0,2,1,1,0.6820808973950869,8661.90244741852,MULE_CHAIN
12,6,2,0.30062344509426114,5,6,60210.0769939706,43038.74867976505,5,3,1,1,3,1,0.6391577743315742,5079.4985977275655,MULE_CHAIN
13,3,4,0.26598534426463283,7,13,133440.02977258078,136304.65246543085,8,6,0,1,0,3,0.5279873998710247,9544.268560635992,MULE_CHAIN
6,4,6,0.19082825644507656,2,8,96138.06083067106,87658.80468979692,4,3,0,0,2,2,0.7321356464112931,2305.134583016513,MULE_CHAIN
6,8,5,0.33321875924459254,7,8,99873.72665271607,72031.80468849622,7,7,0,2,3,2,0.5002475613793276,6026.278682669093,MULE_CHAIN
7,6,2,0.19576226449020323,2,13,41207.013526882016,23194.934353640117,6,5,0,1,2,2,0.7160074586904652,1558.965554711784,MULE_CHAIN
15,5,6,0.1630875779040346,8,15,40330.404303577,110799.6727863699,4,4,1,2,2,2,0.8929055637559938,4982.818566096667,MULE_CHAIN
10,8,4,0.23491236263815365,8,11,119150.38231183642,15709.06594602646,7,5,1,1,2,2,0.969993652418558,3670.3605644683653,MULE_CHAIN
10,7,6,0.3217050877201233,2,8,77213.40947845911,49245.37750597538,7,6,1,1,2,0,0.5372134567914076,8013.73971352622,MULE_CHAIN
9,7,4,0.23143731189580133,7,9,37457.01539896775,108728.27603853191,3,5,1,2,3,0,0.6622727586968942,6576.4723290173215,MULE_CHAIN
10,5,5,0.3241819595200983,3,8,80882.43186174851,72600.46128388846,4,4,1,2,2,0,0.6665060490331991,7814.105865702309,MULE_CHAIN
5,7,4,0.3370412510755868,0,12,63387.834075604376,23388.68481519986,5,6,0,2,0,2,0.5377762860257431,4653.465706547479,MULE_CHAIN
7,8,4,0.12190773602204133,8,15,79026.12044366311,112639.1143096482,7,4,0,0,3,2,0.8697293058790584,8948.879959919568,MULE_CHAIN
13,6,7,0.2996205610044261,0,14,132741.60597466893,34075.59781227946,5,7,1,0,2,1,0.8864960005442939,7793.898966929935,MULE_CHAIN
8,5,3,0.22728509155885196,8,9,120404.89380206777,18412.054979533106,4,3,1,0,2,2,0.9388187970924363,6752.586912242091,MULE_CHAIN
14,8,6,0.13651112577963542,3,8,116283.46010022082,59798.79396938028,3,5,1,2,0,0,0.9976787802460774,5313.681648494232,MULE_CHAIN
10,5,2,0.23024466547207667,8,15,149961.85333399335,25556.433955610388,5,3,0,1,3,3,0.8217909776053183,1450.6272254099722,MULE_CHAIN
12,3,2,0.27886134639914395,4,8,58100.995334398176,92194.37909766693,8,7,0,2,0,1,0.9116253523434799,1832.0934593913478,MULE_CHAIN
9,7,4,0.10854345437124871,2,5,135546.65856931583,19277.84652910272,5,2,0,0,3,1,0.9360140977216542,6440.4686320219125,MULE_CHAIN
13,6,3,0.3570747016443411,8,15,81911.65105278272,127443.62397387899,3,4,1,0,0,3,0.6284308103032359,4443.230011562511,MULE_CHAIN
6,8,5,0.18468993355389968,1,14,49409.04246708148,38078.34451089638,3,3,0,0,1,1,0.8296846795868431,1280.7953511197848,MULE_CHAIN
15,3,3,0.39385918568560296,8,5,24434.82509701908,114346.52711993952,4,7,1,1,1,0,0.5809426024435594,8097.828169597574,MULE_CHAIN
9,8,6,0.37716568932835093,5,10,64327.789283607184,123996.38895630384,4,4,1,0,3,2,0.886003894913572,1619.2817209446732,MULE_CHAIN
6,3,6,0.3138086064809116,5,7,78833.427106599,84162.31753706158,5,4,0,2,1,0,0.9697743135801227,4845.6176659892535,MULE_CHAIN
13,4,4,0.14762493915886746,3,15,102460.64075575996,92273.03283871849,4,7,0,2,0,2,0.9216193963983985,7090.100102112094,MULE_CHAIN
9,3,2,0.17539877230303225,3,13,47138.123959278906,106682.56131291135,8,4,1,2,3,3,0.7969924657019815,1793.1388382218965,MULE_CHAIN
10,3,3,0.38900720316704385,7,9,36051.28485245454,107456.8731206746,4,5,0,2,3,3,0.972170552880754,2861.4463688889573,MULE_CHAIN
6,7,7,0.2830107095562684,4,7,64379.0347410784,49012.84846429517,3,7,0,2,3,1,0.9939797037876086,3338.8110459691547,MULE_CHAIN
14,5,3,0.36080838631830836,6,15,145221.77447544076,67709.26473350498,6,7,0,2,0,0,0.8190299537226189,6231.502649318256,MULE_CHAIN
14,6,7,0.17972624921194938,4,12,128863.56341489115,61977.79250017164,7,6,0,0,0,3,0.7594833927988762,5202.272784733677,MULE_CHAIN
12,7,6,0.11118287132724447,1,11,121092.0003513519,98633.5457005364,8,7,1,1,0,2,0.5128202856184525,4682.3282919542025,MULE_CHAIN
12,3,4,0.23746137179234122,1,15,47219.532375053386,111351.1130432439,5,3,1,2,2,2,0.7736388580809791,2862.660286039177,MULE_CHAIN
11,5,6,0.24915780791522937,2,7,54408.4509557253,103424.51077461301,6,3,0,1,2,0,0.6752969523407565,1359.1086050479964,MULE_CHAIN
6,3,7,0.27939081470973187,5,15,38949.507721256115,57520.49376520119,6,4,1,2,1,3,0.6768998257695017,1221.3858283079135,MULE_CHAIN
8,4,3,0.2321067705330887,4,8,58583.10752867479,135573.81032106833,4,2,0,0,1,2,0.9287656717457642,2632.4517236341208,MULE_CHAIN
10,5,3,0.19604641692422878,3,10,37484.06426471569,122493.08748864371,3,7,1,2,2,2,0.9931278962732658,3003.7947341612694,MULE_CHAIN
12,7,5,0.24913988394527792,8,11,22874.973735173302,71058.53401030976,3,3,1,2,1,3,0.8251387851593858,8447.827391366764,MULE_CHAIN
13,8,7,0.191398320340812,5,8,143014.81226778374,33029.13357159146,7,6,1,1,1,3,0.7698063067353462,4795.061371798367,MULE_CHAIN
7,4,2,0.29482210411614074,5,12,63132.71464097309,26770.178513738447,8,2,1,2,1,1,0.7017776428684699,6214.491954821906,MULE_CHAIN
8,5,7,0.28990219775192827,2,10,88102.74558894201,17550.095207338454,6,2,1,1,3,0,0.8030797133628311,4313.563670260975,MULE_CHAIN
13,4,4,0.1290897344174171,0,15,68641.87944395878,37116.03605322237,4,6,1,0,1,1,0.7203487929193957,5232.912888578874,MULE_CHAIN
6,6,3,0.28105101098549207,7,14,140718.8411474484,83497.55424239684,5,5,1,0,2,1,0.6944229222240397,2090.160437317123,MULE_CHAIN
15,8,6,0.12963411103436534,5,13,105124.53758472127,128983.37830541421,3,7,1,0,2,0,0.7814983486201121,9250.684157490896,MULE_CHAIN
13,6,6,0.2166425965113139,5,12,110857.2149810569,80943.76622816286,5,7,1,1,0,3,0.5208162709626514,1491.025768625644,MULE_CHAIN
15,6,7,0.25251244870718814,8,7,108547.34034012113,20590.08858228298,7,4,0,1,3,1,0.6072465818325085,5608.75486953657,MULE_CHAIN
8,8,4,0.39532058949110904,1,11,139285.88039362693,65244.84176631717,4,4,0,1,1,0,0.5779644963952504,545.0184538346529,MULE_CHAIN
8,6,4,0.28003888803071464,6,15,25433.915410043508,110890.82603261639,8,5,1,1,0,3,0.5644441234430784,4082.751740826841,MULE_CHAIN
14,5,2,0.3282967860685305,2,11,92117.49829381003,77245.90186103077,4,2,1,2,3,2,0.5635575149887262,3204.6958441088113,MULE_CHAIN
5,8,6,0.3300370543625376,3,8,61329.77042860184,86100.16887468392,4,7,1,2,2,3,0.9742947077479606,4699.226272638991,MULE_CHAIN
5,6,2,0.3530266908834341,3,14,92390.90711580767,32920.43125920309,7,4,0,0,1,1,0.9820882689861713,7351.220288643838,MULE_CHAIN
5,6,6,0.13589262781367378,8,8,93273.03857300973,24240.501578704774,8,2,0,0,0,1,0.8244313144087732,532.4990551602895,MULE_CHAIN
13,5,3,0.1433222203408111,6,15,145195.15950797574,63556.47217402278,8,3,1,1,3,3,0.6286054770720657,1954.810223096015,MULE_CHAIN
11,6,7,0.23569354290640257,4,11,63914.1731886672,98171.67814716982,6,4,1,0,2,1,0.5665573392931659,4500.836222577147,MULE_CHAIN
13,8,5,0.1900960823253007,3,14,45923.2671427217,57210.39409906889,6,2,1,1,2,1,0.9449623270210599,4967.208277673845,MULE_CHAIN
8,8,3,0.3287860809220057,7,12,141292.62826771318,91540.61217847104,5,6,0,2,3,1,0.8676588111672014,3506.6615637504137,MULE_CHAIN
9,3,4,0.2869695057926601,1,10,81761.35319486781,102950.40210263616,7,5,0,1,2,1,0.6448705244930106,9600.587547001336,MULE_CHAIN
6,8,3,0.3727554472794471,2,6,134430.1340693488,74101.63594351127,3,3,0,2,3,2,0.7384400225075258,9084.690312811754,MULE_CHAIN
9,8,5,0.3750292021397189,5,6,145004.7643665147,55087.32297676565,8,3,1,1,0,2,0.8557040907173673,1781.9623047731475,MULE_CHAIN
5,8,3,0.3101544655262741,7,9,63877.31764658723,49104.5686509438,6,5,1,0,2,0,0.9975483483067343,9105.258204679028,MULE_CHAIN
5,8,7,0.18108510679793974,0,11,124408.98401018938,121703.33261941845,5,4,0,1,3,1,0.8920601771195018,4110.160866303539,MULE_CHAIN
5,4,2,0.17288830818477563,5,7,40020.79661449898,115182.13208480302,5,2,0,1,0,2,0.8894383389032896,9010.281861413196,MULE_CHAIN
6,4,2,0.31547632057530867,5,6,122907.05486482478,44134.468371252566,3,5,1,2,0,0,0.5249993157274245,1817.791938002798,MULE_CHAIN
6,4,3,0.17897847848510617,3,13,110995.71262390418,102858.51184433933,7,3,0,1,2,0,0.5378898798979763,5322.051734179088,MULE_CHAIN
9,5,3,0.11939600123827063,4,6,137350.15023707482,22550.497185294866,6,4,1,1,1,0,0.8778250620428603,9697.320904534643,MULE_CHAIN
10,8,5,0.21113301776281357,7,9,90969.19700415927,108121.16931219124,6,4,1,2,0,2,0.6140558145464552,3531.107807773918,MULE_CHAIN
5,4,4,0.21443720532155514,7,15,67542.30649630367,69297.6584205172,4,5,1,1,1,1,0.9087023983216735,4162.859581307865,MULE_CHAIN
13,5,3,0.1569838177111777,3,14,76271.31154063331,133416.36137254263,8,5,0,0,3,3,0.579910324839287,8382.892560767827,MULE_CHAIN
7,5,7,0.19318357709957118,5,14,35840.16045842362,31178.509713743544,6,6,1,0,3,3,0.6409485613595591,3426.07293277481,MULE_CHAIN
12,5,6,0.20222720111285103,7,10,137241.2556151097,135684.23751912336,8,3,1,2,1,2,0.8907975615288382,9067.479798488428,MULE_CHAIN
14,8,4,0.12007763411734607,3,11,112547.9904457989,60472.807109144305,4,4,0,1,1,2,0.8888796383851068,5163.934535500019,MULE_CHAIN
14,7,2,0.1886858725549726,5,5,88055.28494604159,78016.15599771612,8,3,1,1,2,1,0.6241132348429759,6635.494986831047,MULE_CHAIN
12,8,5,0.26657930871168917,0,14,34006.83337299069,49194.00700921493,6,4,1,0,2,3,0.6379747249103362,9933.307635801582,MULE_CHAIN
15,5,5,0.15339953003811196,5,14,56778.1594553727,85702.1111217247,3,7,1,0,2,3,0.7842648142553175,6474.458218555646,MULE_CHAIN
10,3,5,0.2030719297025741,7,6,90864.47952747016,80584.91794052804,6,5,0,2,1,0,0.820909354052427,9737.03462550245,MULE_CHAIN
12,3,2,0.16570027118592207,1,8,85075.90369529778,55368.78178596986,4,3,0,0,0,0,0.8779815384534395,7124.233813154986,MULE_CHAIN
10,8,2,0.27447496477137573,7,10,71633.59372065353,34031.981505667776,7,3,0,0,0,1,0.5036749724864984,5168.917947023716,MULE_CHAIN
5,6,6,0.3903204321520224,6,15,46596.70795521262,29086.686113532713,7,5,0,1,2,3,0.6937260322445475,3211.126437713748,MULE_CHAIN
9,4,6,0.10714375818498784,4,5,131846.5412662265,40794.08744312143,4,3,1,1,0,1,0.9733975370226133,8901.614073767068,MULE_CHAIN
5,7,2,0.357149793232706,6,9,77857.87976968824,106093.52861355142,3,4,1,2,1,0,0.9806041984240979,8901.917379368631,MULE_CHAIN
8,3,7,0.3232781602868997,3,15,42695.56762177292,29073.3458903574,3,5,0,1,0,0,0.8624045149788365,2995.8937193513857,MULE_CHAIN
12,6,3,0.39187213557944245,4,14,28191.33188371177,111191.63151492907,3,7,0,1,3,0,0.6404114615541017,4608.631475935031,MULE_CHAIN
8,8,7,0.1141883588280911,4,10,67748.62996722365,117589.27519663719,3,6,1,0,0,3,0.7722953713085305,7177.995880253705,MULE_CHAIN
15,6,7,0.26268057765325703,8,10,98279.7463455501,125596.54330615092,6,2,1,1,3,2,0.6664020379063452,1902.5152678427178,MULE_CHAIN
8,8,5,0.12452301865095654,8,11,90719.57577360567,79946.10580039705,3,6,0,2,2,1,0.787732295707019,5950.079614858719,MULE_CHAIN
11,8,2,0.16774444499716762,3,15,128465.40637472695,126904.29400030423,6,3,1,2,3,3,0.594165566251434,3835.776400740072,MULE_CHAIN
6,4,3,0.3482969808043566,1,15,52946.40719024774,133876.58212236402,3,2,0,2,0,1,0.7109587637516654,795.4257190968742,MULE_CHAIN
10,3,4,0.3101894508457128,4,11,74951.21702191865,88390.5896732879,7,2,1,2,0,3,0.9403178742194731,5249.951042506863,MULE_CHAIN
14,6,2,0.19686175207006987,7,13,48152.196033174114,66325.88659874513,8,5,0,0,0,3,0.505146975382506,3705.1356344900805,MULE_CHAIN
12,4,5,0.18801684272338837,8,7,98145.64520928284,68341.4502718249,3,4,1,2,0,2,0.8434036789640642,7133.057332850955,MULE_CHAIN
12,4,7,0.23339992420766914,0,6,38096.69000774525,107544.54912505757,3,3,0,1,1,1,0.9733362145915849,6988.814786403725,MULE_CHAIN
11,3,2,0.12617288663113618,6,15,72172.50649574967,129909.30639508362,5,5,0,1,3,0,0.9533081201011977,5794.174810271365,MULE_CHAIN
5,4,3,0.14421616934316553,2,7,70792.26852547504,61482.319999480605,8,7,1,1,0,1,0.7550980142805244,1600.5733558299576,MULE_CHAIN
7,6,6,0.29001896894059287,8,13,106720.7052298205,122230.70382128273,3,3,1,0,1,3,0.5727013083591516,2534.163653410573,MULE_CHAIN
10,6,2,0.157781708251661,1,10,98836.7465788753,123366.92827262082,6,5,0,1,3,0,0.8743042532634284,907.6346067439979,MULE_CHAIN
13,3,7,0.36749513993497496,8,7,68037.74666831363,64158.417881311354,8,2,1,1,0,3,0.732253546454634,4464.506153987144,MULE_CHAIN
13,7,6,0.2894097620165371,4,9,141440.91282235575,124343.93972991682,8,4,0,1,2,0,0.7972169090565961,9764.653181678765,MULE_CHAIN
14,4,7,0.18850458977363865,3,15,112640.73484063796,84112.89908098288,8,4,1,1,2,3,0.6022322431133338,2289.3514506443103,MULE_CHAIN
14,6,6,0.2024198296956865,4,9,52829.64025568817,135814.21294860728,7,2,1,1,1,3,0.9065572639952727,3072.034689475575,MULE_CHAIN
12,7,2,0.24291044645869486,4,11,38164.557170447806,30364.574604979643,5,2,1,0,2,0,0.880062210564687,6467.070894882963,MULE_CHAIN
9,5,5,0.1722040814842768,8,8,94180.22303077915,48341.972090165626,7,6,0,2,0,0,0.7763078970966915,9779.944482679815,MULE_CHAIN
8,6,3,0.17260735212156164,5,14,139291.31931546633,49933.83536803247,4,3,0,0,0,2,0.5015841805889112,1683.3511360659797,MULE_CHAIN
5,7,4,0.1615386297147117,6,15,122646.40848166548,80491.92251850733,6,5,1,1,1,3,0.6610400081452571,7631.594718333668,MULE_CHAIN
9,4,7,0.1872036439890845,7,8,134104.97368173816,135081.88480909538,6,6,1,0,3,1,0.843246087190753,3856.0221519207334,MULE_CHAIN
8,5,4,0.3734795935387144,0,9,41910.41535502508,121705.86823066192,6,3,1,2,3,3,0.8225044739140934,2921.7944391681663,MULE_CHAIN
11,5,3,0.1687266001316854,3,9,28681.256995618573,123976.26363883817,4,6,0,1,0,2,0.8104723246848081,3284.9516968840608,MULE_CHAIN
6,6,6,0.32825808458536254,6,7,141179.5135906702,45705.8177766468,4,6,0,0,0,2,0.504373246153734,2197.940663043831,MULE_CHAIN
14,5,5,0.17373667610051668,8,7,112745.85986337009,35260.862670965595,8,2,1,0,1,1,0.8030053777788342,8425.65923920507,MULE_CHAIN
11,5,6,0.3810610325806103,4,7,36411.17948762352,19552.084213954407,7,5,1,2,3,2,0.5367085359983079,5985.982860061382,MULE_CHAIN
12,7,7,0.14195353459359253,6,9,38500.99267161745,127562.94718670797,6,3,0,0,1,3,0.951831837888904,7628.30128444818,MULE_CHAIN
11,8,5,0.12343704312645598,7,9,91708.87434500495,20065.551897489626,5,6,0,0,0,2,0.9906787308626959,3830.273549395423,MULE_CHAIN
12,6,4,0.33955335232524436,4,12,62450.80669999518,60995.94143304633,5,6,1,0,0,1,0.9006119799502101,4027.0311067203315,MULE_CHAIN
15,5,3,0.14266337252134553,8,8,69905.63963240964,64299.9257708318,3,6,0,0,3,2,0.5209458248466753,4678.6838654337325,MULE_CHAIN
12,3,3,0.2404919845949129,3,7,34850.81240829854,98677.14235522438,8,5,1,0,0,0,0.905844889206459,855.8794261688217,MULE_CHAIN
12,5,4,0.38198201397546017,7,9,148870.67722240224,21410.821296368205,6,7,0,2,2,1,0.7958464223904256,711.1393706634408,MULE_CHAIN
8,4,6,0.24435210141947486,3,15,140396.1856336135,22112.879711783884,3,4,1,1,3,3,0.702962353136617,3341.3030339086604,MULE_CHAIN
8,7,3,0.2008333857935488,0,14,68990.19398477537,25359.79678915798,5,6,1,1,1,3,0.5410474318351979,2733.5576170790346,MULE_CHAIN
15,8,7,0.20717515051228905,1,14,41478.80327756974,53720.923783389604,3,2,1,0,0,1,0.5499856547971897,8514.00797429894,MULE_CHAIN
6,6,6,0.35571863187845554,3,7,86935.88899445253,77051.94034286177,8,7,1,2,2,0,0.6118959549405873,3202.2261196140344,MULE_CHAIN
9,8,4,0.1631641855255096,2,12,40178.48018395672,24931.64075421922,4,7,1,2,3,3,0.7938415477988929,2733.6883138525945,MULE_CHAIN
15,8,6,0.31881413665638303,2,9,136426.6529792523,97022.70794085797,8,3,0,2,3,3,0.6821046663691511,9333.796066201885,MULE_CHAIN
11,8,4,0.38741953428572395,0,14,20967.031441574094,112900.8350187718,8,3,1,2,3,2,0.9771447861589505,8249.921337557045,MULE_CHAIN
15,5,7,0.20288889810489555,5,14,20355.84988890321,75349.7957545966,5,4,1,1,1,1,0.9121620206880349,7823.169448134592,MULE_CHAIN
9,7,5,0.11335409794260339,8,10,96611.63405713107,135635.71884468035,3,5,0,1,0,3,0.5313992331717817,6114.263897371815,MULE_CHAIN
5,4,5,0.1716939905218337,5,5,144622.86807517515,115298.89718003926,6,2,0,2,2,3,0.6368173529776098,5542.056774181112,MULE_CHAIN
13,8,3,0.10426340628806657,4,11,104089.58749419093,133322.31979804533,3,4,1,0,1,3,0.5103454481790213,3621.580151347434,MULE_CHAIN
13,8,2,0.12286773171159684,4,7,143966.11885086956,23247.784132757093,3,2,0,1,0,2,0.8851697213740144,5652.035642935306,MULE_CHAIN
7,6,3,0.2635913363358544,5,9,138419.59140304016,92542.74625738648,8,2,0,1,2,0,0.9847110576678433,1374.2859799845633,MULE_CHAIN
11,4,3,0.15704310600699875,2,15,117205.46462130628,23362.57075531152,6,6,0,1,3,3,0.9965111231232109,5367.987635513325,MULE_CHAIN
10,8,4,0.22466010469883532,7,5,31079.284157085036,120377.7980580715,5,5,1,0,0,2,0.7973242458720289,6813.512283356788,MULE_CHAIN
5,5,7,0.38922340049982773,8,7,126040.13569165432,139910.09305514093,8,4,1,0,2,3,0.6403340411929086,8657.240681443029,MULE_CHAIN
6,5,2,0.12854717964225804,7,9,135493.0901980736,37827.36969777509,5,4,1,0,0,1,0.6061552337640084,6227.610898730802,MULE_CHAIN
5,5,5,0.12789024336166122,8,10,26766.950769692005,23593.44386897512,5,7,1,2,2,0,0.9744919126655759,7646.868343222736,MULE_CHAIN
6,8,2,0.24109470222536747,5,7,144447.90241780004,122978.16205997777,4,7,0,0,2,1,0.7548422263510024,9222.549899709556,MULE_CHAIN
13,5,4,0.14086315349754824,4,14,57396.15801734351,46128.834575773064,6,6,0,0,3,1,0.9280699897168863,4190.190824333444,MULE_CHAIN
5,4,3,0.3234640442875718,7,6,37285.069119025655,42266.95898598903,8,5,0,2,1,0,0.9796999063812701,2863.411257105033,MULE_CHAIN
9,6,7,0.1604646821120893,0,15,70597.43408794078,38500.086618541805,4,3,0,1,2,3,0.8329284968156874,5429.226364664644,MULE_CHAIN
9,4,4,0.1837984238052221,6,11,122140.37902014205,81199.04475779741,3,5,0,2,3,2,0.7932422252536901,1548.9566167623743,MULE_CHAIN
8,8,5,0.21537449483321508,3,13,141416.91333658982,28728.049833025587,7,7,0,1,1,3,0.8606213345037179,662.8848494557604,MULE_CHAIN
15,7,6,0.2723241011775911,8,13,84614.77039060538,81040.97411350426,4,7,0,0,2,2,0.574548151189914,7698.50074945353,MULE_CHAIN
8,8,5,0.30095088446567214,6,14,66395.37567266592,62490.189291401264,7,6,1,2,3,2,0.8123096123198745,3083.4448379935875,MULE_CHAIN
8,6,2,0.16148780539724875,5,11,29438.515330403814,100120.0939992206,7,7,1,2,0,0,0.9879636337927284,9011.29041464224,MULE_CHAIN
8,7,2,0.12805304707307175,3,9,117034.30564540556,132283.9643069643,7,6,1,0,2,3,0.6206049995279705,1388.0881088803385,MULE_CHAIN
10,6,6,0.30878170169359676,0,5,147491.6371072593,86463.02798889707,8,2,0,0,1,2,0.83364929733894,7115.601288639818,MULE_CHAIN
6,8,7,0.1612490818648988,0,15,76136.92820080245,100989.64108458531,5,7,1,1,0,3,0.9168098341716695,1777.8928786453864,MULE_CHAIN
8,8,3,0.1798420303621076,5,13,134897.72288522442,81358.22537352038,8,6,0,0,1,0,0.9504569282086652,1530.1773818498505,MULE_CHAIN
5,4,5,0.18866026559962212,8,13,133714.2165421123,29418.439750188765,6,2,1,1,2,2,0.8472588104262163,9299.024577941273,MULE_CHAIN
5,7,6,0.2631011535624139,1,6,91796.04963111746,57388.994735736276,4,6,0,2,1,1,0.7687832344082614,2784.5876524300274,MULE_CHAIN
15,7,2,0.3213223332765839,2,10,108574.06195938934,139093.9859740677,6,3,0,2,0,1,0.6688407437129322,1178.6346957844708,MULE_CHAIN
13,8,4,0.11717427325427335,0,15,23359.364297235777,33721.906457471574,8,6,0,0,1,3,0.6766684104235621,1433.4756968192823,MULE_CHAIN
6,4,3,0.3473071070683643,8,9,122480.28148352934,54264.204333951006,7,6,0,2,3,2,0.7344371938719718,9147.409176795762,MULE_CHAIN
14,3,3,0.22389171976433636,0,9,148786.78010264973,61195.787062238815,7,3,1,0,2,2,0.5244989557795623,4349.241804989808,MULE_CHAIN
5,7,7,0.38593163253053364,0,13,28386.887370739343,48476.33574343632,4,3,0,0,3,3,0.5234933008556761,7971.970617682037,MULE_CHAIN
8,6,7,0.32915584635961953,1,13,71962.13263879661,45278.39879958046,8,2,0,2,3,3,0.8364998961446082,2865.6456835478675,MULE_CHAIN
7,5,7,0.31756856406861456,4,13,33532.07580928544,135096.70657878258,6,3,1,0,0,1,0.6259249638101767,7686.554821665701,MULE_CHAIN
9,4,7,0.10697923005073749,6,6,60004.83120571754,114011.72135005484,6,5,0,1,1,2,0.9315420921541779,6990.242259771193,MULE_CHAIN
5,5,3,0.16139196213294396,3,8,45262.759310814174,80776.56628351388,4,4,0,1,0,2,0.7935607780332632,7024.860829645933,MULE_CHAIN
14,3,7,0.30363488912133163,2,12,72649.28597005956,55377.520955580825,4,3,1,2,0,0,0.6128588022262274,2386.8793904067206,MULE_CHAIN
5,3,6,0.1320237368373315,1,11,36627.91184252185,89649.58310487655,3,6,0,1,3,0,0.96216323976636,2255.8737135133424,MULE_CHAIN
7,3,2,0.1933683565341489,7,6,103107.50186698708,86878.52569561094,3,6,1,0,1,3,0.5544280690671106,8024.784090258399,MULE_CHAIN
6,4,5,0.1825058989268346,7,10,31989.216381081584,131722.2345587638,6,2,0,2,1,1,0.8477085409537541,5305.59959191741,MULE_CHAIN
13,8,2,0.13495379406141397,0,7,142049.87828046537,132980.99446384102,6,2,1,1,3,3,0.9374145455295528,7565.692867639696,MULE_CHAIN
6,4,3,0.17620807565188473,6,10,126261.6983493652,78634.47713692802,5,2,0,2,3,0,0.5917019487777369,7579.032316968648,MULE_CHAIN
5,7,5,0.3340729792283532,6,10,81995.29470628782,98388.34896006087,5,3,1,1,0,0,0.7751441066587645,9015.424734115912,MULE_CHAIN
6,5,4,0.2722262483427928,5,5,148946.23274491518,87862.38838669364,8,5,0,2,0,2,0.582800520222094,6018.01444010212,MULE_CHAIN
11,8,6,0.1744602437621322,4,10,58272.9752567823,111537.43775602279,7,2,0,2,2,1,0.9436692048221577,3978.7146672841604,MULE_CHAIN
12,6,2,0.2925807865902543,3,7,60235.22833746488,132878.93902016047,8,3,0,1,0,3,0.8622006372664509,6582.274970548661,MULE_CHAIN
6,4,7,0.26988035129757304,5,11,91402.7854397601,121121.46629400183,5,2,0,1,0,2,0.5736211851471325,8929.185832321922,MULE_CHAIN
11,3,7,0.34918425534443054,4,7,60780.30872565442,57106.56134455847,4,6,1,2,0,1,0.9619129961372233,5078.326234095173,MULE_CHAIN
8,3,2,0.30031490143881984,6,13,70787.48753632657,125654.22314152707,6,6,1,2,0,0,0.5313024818839263,2060.3318702054366,MULE_CHAIN
9,8,6,0.12194884015136245,1,10,73012.83605825201,37148.650943207074,3,5,0,0,3,0,0.8147686180539717,3152.8472212030892,MULE_CHAIN
5,8,5,0.3656306545579371,2,11,36903.74156475485,32149.13858524568,6,7,0,1,3,3,0.5097312426398116,4212.010685667147,MULE_CHAIN
9,3,3,0.1595317748248572,7,12,141841.41961668833,134274.15610420203,4,2,0,1,0,3,0.6571000753264089,6909.007981930615,MULE_CHAIN
6,4,5,0.1713918942775593,6,13,37206.31570223422,76968.51054775788,8,4,0,0,0,0,0.7867178245500963,504.4122011093843,MULE_CHAIN
9,7,2,0.39192357096998687,7,6,57018.88113722765,21612.515297259673,6,4,0,2,1,2,0.7258693210962799,8709.166845367037,MULE_CHAIN
12,7,6,0.34819683473346835,1,6,53942.78762880849,131323.1925793722,8,3,0,0,0,0,0.7099338627294436,6571.093416784339,MULE_CHAIN
14,6,7,0.10687560474759208,7,14,102764.52024079558,65347.67434070381,7,7,0,0,1,2,0.9635527096482652,3715.477091630017,MULE_CHAIN
15,4,3,0.16717246389949678,6,10,40698.229455982044,139018.85017133947,5,7,0,0,2,0,0.8393735620135467,1864.4800320368163,MULE_CHAIN
14,3,6,0.2771898132583339,7,15,75894.9397582323,91120.15823075327,5,3,0,0,1,2,0.6444020449494918,9704.707118413555,MULE_CHAIN
14,5,7,0.2829189915482826,0,13,104145.1980987328,50445.74170073435,8,2,1,2,2,2,0.7259318293111989,3332.304055867091,MULE_CHAIN
7,3,6,0.23560192497424792,1,11,28252.54174711655,93477.3730334753,3,6,1,1,3,1,0.9866786914371176,9735.041042707146,MULE_CHAIN
12,8,2,0.33715840349340215,8,13,88170.27926508413,64824.20675787093,5,7,1,2,1,1,0.5931185919133526,5979.640605773471,MULE_CHAIN
9,7,3,0.3335137242372471,0,10,52656.7457149348,131778.85756230436,5,4,1,2,3,0,0.6965866813834227,1685.8420490863673,MULE_CHAIN
14,3,4,0.2214703176120405,4,9,108468.83363336045,55985.08338127452,3,7,1,1,1,1,0.7665201267655872,9064.419953344957,MULE_CHAIN
10,3,3,0.35813506020179975,5,13,112379.98739524565,61153.92849389856,3,6,0,2,1,2,0.5128296351120931,7925.984494545728,MULE_CHAIN
15,7,6,0.122352892740783,8,6,82952.38123406422,20861.229448716906,6,6,1,0,0,1,0.76077129629636,6420.212787686205,MULE_CHAIN
6,4,7,0.15205289803320943,0,14,81861.23210653228,120734.42648222923,4,5,1,1,3,0,0.7622623894265961,3613.778370781416,MULE_CHAIN
13,3,7,0.27752044019934763,0,12,98659.32960231029,119364.0190098755,7,2,1,0,0,2,0.8788824024722495,4137.857722858549,MULE_CHAIN
14,7,5,0.3376886786988899,8,12,56339.950701777045,122824.0854363794,7,5,0,1,3,3,0.5691095310923153,3582.324122699551,MULE_CHAIN
14,3,2,0.34372536545957677,4,11,37696.28555502509,121376.6423671111,5,2,1,2,2,1,0.9412449972309254,3393.1462846774502,MULE_CHAIN
12,3,6,0.16122738115508373,3,15,115960.16469358931,100249.3672635121,6,6,0,1,2,0,0.6419547397764862,3577.777640740072,MULE_CHAIN
11,4,7,0.10190961464435583,6,10,111478.96015496673,129905.13791221597,7,7,0,1,3,3,0.6439566322011903,3280.347813739502,MULE_CHAIN
15,5,6,0.1277812258727502,2,11,135112.67730355728,79948.82446224659,8,2,0,0,1,1,0.7076840000688671,6628.904954100405,MULE_CHAIN
12,6,4,0.1781021999124287,7,10,54531.94106294464,31958.330179480465,7,7,0,2,3,1,0.5773774678362076,9048.590558214733,MULE_CHAIN
12,3,7,0.24063174391288086,8,6,47958.907677097275,70362.28864194047,6,7,0,2,0,3,0.8585971769999841,8755.78839872553,MULE_CHAIN
10,8,6,0.12260886201342384,2,9,91585.66056716056,44556.84056198834,4,6,0,2,3,1,0.5832819131206815,7461.648721675951,MULE_CHAIN
9,4,2,0.271313115207756,8,9,125399.25019368576,111866.36971134448,5,6,0,1,3,3,0.8056064200233328,8178.297405945339,MULE_CHAIN
6,4,5,0.31237559518676117,7,10,143660.67597702588,133225.5362300023,4,6,0,1,1,3,0.7594724567347289,9151.303076953876,MULE_CHAIN
14,8,5,0.25558719896553617,1,13,65410.67979386187,41323.21668166631,7,5,0,0,0,0,0.8699905601219999,5764.9951737000165,MULE_CHAIN
14,7,4,0.13284425167787395,3,6,144032.24540730327,124000.82693245054,5,3,0,1,2,1,0.785258061805888,6631.36500700633,MULE_CHAIN
13,4,2,0.28362405335139296,2,8,74025.97299950715,73762.0763877852,3,6,0,1,1,3,0.6052085522069541,8744.641072912216,MULE_CHAIN
7,3,2,0.28175119408527816,2,15,34652.246011314295,65337.036237591434,3,2,0,0,0,3,0.5647512410330968,7650.268620042031,MULE_CHAIN
11,5,3,0.26084453764574766,0,15,104581.4481675135,98142.97516947538,4,5,0,0,1,0,0.6507325834656088,2328.223448982546,MULE_CHAIN
9,6,3,0.1051344696581171,1,14,130093.50201245051,139320.88606774464,4,7,0,1,0,2,0.6749876652716629,1926.2167451163448,MULE_CHAIN
12,3,3,0.1826385807784418,0,11,62463.06233222121,60836.326095619,5,6,1,0,3,0,0.6534725791311715,2674.2007710368352,MULE_CHAIN
9,3,3,0.2797200417952794,1,5,113801.1748740019,25671.698889901756,6,7,1,0,2,1,0.7130994381828766,5796.519824870991,MULE_CHAIN
5,4,2,0.13740840483500094,4,14,144356.5789947682,85553.53551563485,5,5,1,0,0,1,0.8842062452429484,8731.31604277961,MULE_CHAIN
7,5,5,0.23025546149030038,4,6,27721.802145171117,29813.69863940314,3,6,1,1,1,1,0.8918003049276136,8494.998008095008,MULE_CHAIN
15,5,5,0.1322206463250491,6,14,34063.61033503823,57839.874238058714,3,7,1,0,3,0,0.5304012204090331,5410.093288314112,MULE_CHAIN
12,5,3,0.3403079935922112,7,7,45551.96645276783,17178.701167117062,3,7,0,0,2,2,0.7175480469380537,9561.93140981871,MULE_CHAIN
8,7,5,0.1469753410426947,7,12,135652.7455983395,69601.10662802408,5,5,0,0,0,2,0.5744567777176701,6874.982320775893,MULE_CHAIN
14,3,2,0.33853101830887694,2,5,83134.97853763214,73419.8274876209,6,6,1,1,3,0,0.9569646986287706,3638.1516006213246,MULE_CHAIN
9,7,6,0.2505508095873098,3,14,127917.02402927974,117713.95789171179,5,7,0,1,1,0,0.9646305140576359,2135.145428790306,MULE_CHAIN
6,4,3,0.24548662741479657,3,5,94232.32707830248,46030.22578479617,6,5,1,1,2,0,0.9154582290880211,4129.0382115304055,MULE_CHAIN
15,4,2,0.16430267423525857,8,5,126575.78459031835,82568.79188516259,7,5,1,0,0,2,0.5857640918556273,4592.476532289047,MULE_CHAIN
6,6,2,0.31928701960209077,0,13,96394.16206922893,51220.831729288555,7,7,0,0,2,3,0.8307431731679198,9025.744926658188,MULE_CHAIN
5,7,3,0.1185143451657972,4,5,26086.902577000736,74288.45454025839,5,6,1,2,1,3,0.7366376283265055,4051.093184633884,MULE_CHAIN
13,4,5,0.31786163319384286,1,11,140927.9499965251,74641.96442121957,7,7,1,2,2,1,0.8176942879335037,4523.007913060817,MULE_CHAIN
8,4,5,0.1852352395821939,1,13,63329.89881912238,62173.35510444136,7,3,0,1,3,0,0.5535044438355814,5742.556062356417,MULE_CHAIN
14,6,2,0.1796934085780228,6,13,28418.790681012233,16451.905959238524,5,3,1,2,3,3,0.7804165718630623,7343.371849625542,MULE_CHAIN
13,4,6,0.11232638183310839,5,11,71374.50778736225,33917.337051215756,4,4,0,0,1,2,0.993761531088111,5560.682699967431,MULE_CHAIN
15,4,3,0.3144204320178468,0,6,81764.35033651351,65954.06239334724,4,3,0,2,1,2,0.5002122087096014,9877.789908625598,MULE_CHAIN
6,6,4,0.2950857252588104,5,8,55568.012250014726,113462.24595533621,8,4,1,1,2,3,0.7081954345183996,1683.4086466927556,MULE_CHAIN
6,5,2,0.23285528928980995,1,11,122345.99254609375,119966.82890360059,7,2,0,2,0,3,0.8112737580564169,5735.953054442047,MULE_CHAIN
9,8,2,0.19819798620108886,8,14,124465.30778548015,21162.566235890594,5,4,1,2,3,2,0.5620584100995105,4121.0429585621005,MULE_CHAIN
11,8,7,0.11856013587207173,0,14,124975.50756733975,40892.692079068,7,6,1,2,0,2,0.657194004388723,5007.567891826928,MULE_CHAIN
9,4,4,0.2591058559073689,8,14,26104.579926515038,130063.55588914407,5,3,1,0,0,0,0.9993200055325204,6687.609858347464,MULE_CHAIN
12,5,6,0.3677390829380994,6,14,119840.70048824842,135594.72987496544,6,4,0,0,2,2,0.5961437589722107,3959.781439269172,MULE_CHAIN
14,7,4,0.16867063475851485,5,5,141149.00393623696,68186.95507968229,3,7,1,1,2,0,0.9277877442044692,6509.928097374885,MULE_CHAIN
7,5,7,0.39504817970078,7,6,125987.1164288438,46400.13062712633,5,6,1,0,2,0,0.8984409738967921,1484.7348500126463,MULE_CHAIN
14,5,5,0.37921756234525184,8,5,37538.30223715366,104784.79021093684,5,5,1,2,1,1,0.8962641591695033,2142.4469723513416,MULE_CHAIN
13,3,5,0.2662322894119198,1,15,147842.13903855177,133498.4999839739,4,4,1,0,3,2,0.5874142136788478,7430.214171601532,MULE_CHAIN
15,6,4,0.3219302545763001,3,8,38192.6814673868,39193.63628529369,3,2,0,2,3,2,0.9673273813460962,3990.5587040593173,MULE_CHAIN
15,8,3,0.24678556286481257,7,5,90056.47479993034,100635.37445824215,4,6,1,1,1,1,0.9098238724201022,6628.116574841729,MULE_CHAIN
8,5,7,0.2635956000604659,8,7,136193.25026740762,56378.009922588666,5,6,0,1,2,1,0.6147591951530299,6284.367486433197,MULE_CHAIN
9,5,7,0.38665345167994014,1,9,26953.33635330751,81467.12143930235,5,5,1,2,0,3,0.9097246212328978,2136.374761530118,MULE_CHAIN
13,8,4,0.36224003927156334,3,11,95306.36411403152,138521.49895050176,7,6,0,2,0,1,0.7638468947801458,9623.277394266594,MULE_CHAIN
6,8,6,0.2621341073834128,5,11,42753.84124229811,31525.146462543453,8,4,1,1,1,2,0.6018675447689055,846.0772834504118,MULE_CHAIN
7,7,6,0.37724612813303493,3,14,41811.82204888565,30140.823130292898,7,3,1,0,3,1,0.9081071656829602,5882.521811841856,MULE_CHAIN
15,7,7,0.2442539342825099,0,11,91206.33342019828,117228.73305480155,3,2,1,0,0,0,0.594675415652511,6498.1013288366175,MULE_CHAIN
13,8,3,0.15849622334881538,3,9,61130.98947828619,99535.1515245675,6,6,0,1,2,3,0.5488290713536337,7781.126448020623,MULE_CHAIN
5,8,2,0.23077349759530463,0,15,54927.431359615766,24228.218358980397,6,5,1,1,2,3,0.9524935470793576,1208.0623257783855,MULE_CHAIN
14,5,6,0.24083013320406751,1,13,67746.95270129088,85212.22986300362,7,2,0,1,2,0,0.5973236688595135,8270.476607700815,MULE_CHAIN
13,7,6,0.36931182884114777,2,14,88788.0212020192,100266.02448933928,3,5,0,1,3,0,0.820419358034786,5629.388336969657,MULE_CHAIN
11,8,4,0.236365638336398,6,15,92678.81488825985,124085.22101749848,7,6,1,0,1,1,0.6900702119420936,1326.2669761528064,MULE_CHAIN
15,8,3,0.24648332513153076,5,11,121927.5861956304,27071.499174284436,7,3,1,0,3,3,0.8364871360258559,7207.630238361784,MULE_CHAIN
9,8,7,0.2099324046069407,6,7,65059.48788323985,51706.05958704688,3,6,1,1,0,3,0.7430532829219064,7217.763020661426,MULE_CHAIN
10,6,4,0.38519174319395677,2,12,127546.50471867334,49805.766164901026,4,3,0,2,0,0,0.9322583655640584,4293.335166467683,MULE_CHAIN
8,3,3,0.3981057399951339,5,6,140145.47766044873,114355.16284073608,6,6,1,2,1,1,0.6865708120399974,7312.22921460813,MULE_CHAIN
15,3,4,0.1557789335267328,8,6,116702.8627332639,43426.59591418156,8,2,1,0,1,3,0.908470231526325,1537.4693708123364,MULE_CHAIN
15,3,6,0.27220074858935384,0,9,62539.74460725851,51629.44606226248,7,7,0,0,3,2,0.9053640836695571,8384.782473636831,MULE_CHAIN
14,8,6,0.37770863952022204,8,12,125421.78273196946,25330.307495982735,4,4,1,1,3,0,0.9508482656274451,7460.673342174756,MULE_CHAIN
10,6,4,0.2572053740112652,2,8,74687.99195358275,22559.43581986386,5,3,0,0,3,2,0.931022101167621,8875.662181115744,MULE_CHAIN
15,5,5,0.37450135008521324,3,13,63419.02454867575,70689.50978694894,3,4,0,2,2,1,0.7221667503081708,2664.589301757054,MULE_CHAIN
10,5,2,0.11275155133020393,7,15,114980.58314310254,98260.30149135072,8,4,0,2,1,0,0.8000442054186638,5638.000450288614,MULE_CHAIN
7,4,7,0.10713790224371007,7,14,60966.5156624052,129989.64012802349,5,3,0,1,2,3,0.6340246263840519,1012.8423983157226,MULE_CHAIN
5,3,4,0.13329813928289844,1,8,137845.72783266017,58378.0653091263,8,3,1,0,0,1,0.8989738138566775,7715.692264723272,MULE_CHAIN
10,8,7,0.27696615757213106,5,10,138749.1872905042,98303.38331963503,8,2,1,2,1,1,0.9146167936390744,5732.073072123646,MULE_CHAIN
11,3,6,0.28347239874019403,3,9,90558.93874902982,93357.62446134437,3,2,0,1,2,1,0.9549286406256081,8843.72533513511,MULE_CHAIN
11,6,6,0.38217106516124844,2,5,71711.85012351784,68559.14583700204,8,2,1,0,0,2,0.9570035856546208,815.9478050737554,MULE_CHAIN
9,5,6,0.30966678328032826,7,10,20361.280970588068,76347.0640578086,4,2,1,2,1,1,0.6884884750796958,5917.621985514771,MULE_CHAIN
6,6,6,0.17643135007568506,2,14,44280.12092406965,133378.11914522402,3,7,1,1,2,1,0.851228225153306,2244.626482693524,MULE_CHAIN
13,7,5,0.25313102361547246,1,8,135231.7983461237,29581.03217965573,3,3,1,2,0,2,0.6920130453727471,6553.463878191273,MULE_CHAIN
11,5,3,0.2185724006140818,0,8,107234.74051456072,125288.16567657603,4,5,1,1,1,0,0.8986697532552159,7500.993144804004,MULE_CHAIN
7,4,7,0.3255803016216996,2,5,76088.38082145993,134679.4017853667,4,3,0,0,3,0,0.5494873287045766,3770.3963741482075,MULE_CHAIN
11,4,6,0.21142851412068847,8,13,114942.90319465371,125090.56988446726,7,2,1,2,0,3,0.7844875259310926,1564.6133816224512,MULE_CHAIN
7,7,6,0.24387756042006917,1,7,63120.84946772336,125258.48734284913,7,4,0,1,1,0,0.933116320719646,4066.6582568156464,MULE_CHAIN
5,5,2,0.18322729232626694,7,12,47484.9270660318,31459.886845717905,5,7,1,2,1,1,0.8746530371168788,9482.386559077553,MULE_CHAIN
7,4,3,0.13917535182149599,5,12,130563.24326208078,30899.01437559406,6,4,0,0,0,1,0.9379052598149904,3131.4831033534842,MULE_CHAIN
10,8,6,0.1692427365516932,2,12,66261.66024599131,127886.67058997061,6,5,1,1,1,0,0.5479769021686361,8336.345319045264,MULE_CHAIN
8,3,2,0.17910119425045284,2,13,100611.53672876148,63985.25696452927,5,2,1,1,0,1,0.5754178820829432,9579.973168994607,MULE_CHAIN
7,3,6,0.2536434966419232,0,11,27857.79259663499,87651.69013937908,5,4,1,1,0,3,0.8894014610464389,4243.011614931261,MULE_CHAIN
11,4,5,0.15693182229133493,6,7,76399.18427667278,119252.91407617847,6,3,0,2,3,2,0.5442298251968536,6648.620696685648,MULE_CHAIN
15,3,6,0.3204856578104026,2,14,32751.19517883425,92846.83437115062,8,6,1,2,1,0,0.7037819517683942,8576.428401289597,MULE_CHAIN
9,6,3,0.3666890279180556,1,15,89111.73776284253,43114.10580344738,3,4,0,2,2,1,0.6303710227803707,7341.571526036341,MULE_CHAIN
11,8,6,0.30254185334271866,1,12,72178.96212851588,104013.29328763716,5,5,1,0,2,2,0.8602760054077492,4935.592579800182,MULE_CHAIN
8,5,3,0.12372359598521113,3,10,22876.381051638975,102217.66984859362,5,4,1,1,3,3,0.5039596690710132,1104.030334156946,MULE_CHAIN
8,3,5,0.3610347248185517,5,9,67832.55443721676,104675.55834772186,4,3,1,1,2,3,0.9936495651254931,8607.761336602722,MULE_CHAIN
10,5,3,0.315518296829447,4,5,73644.40194220388,97223.18512417364,6,6,0,0,1,3,0.7289488771036471,3359.475555860547,MULE_CHAIN
9,5,3,0.16273457861560905,1,15,136513.9513679472,69118.19637676714,5,7,0,0,2,3,0.9529217798467202,9359.05401625725,MULE_CHAIN
7,7,5,0.22009150016747842,7,10,45347.296229332496,15425.662017869865,6,3,1,1,1,1,0.6393286731504899,4896.5913601456605,MULE_CHAIN
12,8,3,0.31884646742349176,5,6,61572.51909527861,97821.00860651756,5,3,0,1,2,0,0.9726815193700327,9247.361201374524,MULE_CHAIN
14,5,4,0.31275619004854865,3,13,137842.94399403007,18348.623030756644,6,3,0,1,1,0,0.8224376670512819,2382.098247049695,MULE_CHAIN
13,7,6,0.15229189992269315,5,9,109854.68573983054,118538.1899163145,5,5,0,0,1,3,0.8908561499103779,6351.511666968382,MULE_CHAIN
14,6,2,0.32934737244024814,6,7,25014.670810305608,16769.933375895205,4,5,1,0,0,3,0.5623406438379397,2280.6567452576355,MULE_CHAIN
11,6,3,0.1972935544906919,8,9,47276.6244959693,136233.07116718258,4,3,0,1,3,2,0.6083454712560485,2953.5712406324715,MULE_CHAIN
11,3,5,0.15491214280065793,8,14,68306.78146549808,21163.617503101166,5,3,0,1,1,1,0.6948056639814495,9604.36596244961,MULE_CHAIN
13,5,2,0.29596034786481695,1,10,135502.22244708892,23967.137168861496,4,2,0,0,0,3,0.8873841776898757,2676.5942062387803,MULE_CHAIN
10,5,6,0.12181644171315917,4,7,28748.06268421833,25809.74417563439,8,7,1,0,2,2,0.9886769902720298,927.812821675503,MULE_CHAIN
7,3,5,0.3410284362745165,5,7,41934.545684587814,137049.30014749587,3,4,1,2,1,2,0.8333317637998943,5218.185953040798,MULE_CHAIN
12,6,2,0.2699184081440219,2,13,29645.13578598632,68295.30638693785,6,3,0,2,3,3,0.9465981814409521,5882.0302013235505,MULE_CHAIN
8,8,7,0.27149974457944015,2,9,98340.32767951798,93745.65922651756,4,2,1,2,3,3,0.691115618977009,8486.270666534627,MULE_CHAIN
9,7,7,0.23682844221489333,5,9,112425.63796410275,15148.826409392483,6,2,0,1,0,2,0.7104324473744987,4092.2913259769275,MULE_CHAIN
5,5,4,0.1099078745165175,6,11,60915.51423724075,42573.84951250606,4,4,1,0,3,1,0.5995899216742628,3801.8079590275056,MULE_CHAIN
10,7,5,0.315704753267669,2,7,34315.85469094335,81127.02474100726,5,4,0,2,3,1,0.7313362710681761,970.6809937943083,MULE_CHAIN
11,4,4,0.391712392860072,1,9,48782.8642872043,103629.58499919424,5,7,1,2,3,2,0.8927822972573114,4432.501299275915,MULE_CHAIN
13,8,7,0.3098824588090716,3,7,26206.75040134583,56023.50072982186,4,3,1,1,1,2,0.7100641210686554,3006.046374612852,MULE_CHAIN
12,4,2,0.30738158413768657,8,6,82260.92407470234,52669.823411142235,6,2,0,0,0,0,0.9258128349429819,7722.363735918447,MULE_CHAIN
9,6,2,0.14451451016262434,6,14,27098.99847943236,18423.22712897801,4,6,0,0,0,0,0.9486194280434277,5883.507446288721,MULE_CHAIN
5,7,5,0.39125570537037657,3,6,48392.114436400225,23598.041032526133,7,6,1,0,2,2,0.8529081358034023,8476.03742016745,MULE_CHAIN
11,4,7,0.32225850552856594,6,5,60303.558330815344,51594.38638306371,4,3,1,0,1,2,0.6325615659601147,2309.6901653239793,MULE_CHAIN
14,3,3,0.3658362920687743,3,15,106146.34272751403,75911.9436127638,3,7,0,0,2,1,0.9446342858897387,3165.5078949300673,MULE_CHAIN
9,6,5,0.20150213654601729,0,12,133378.2837391341,130285.19704823938,5,7,1,0,1,1,0.5797415271363047,6290.268525265459,MULE_CHAIN
9,6,5,0.2322919623577315,3,6,121830.71739463696,60650.012728585556,8,5,0,0,1,0,0.9078925438624105,2584.8660794947396,MULE_CHAIN
7,4,7,0.27451636170475624,5,9,50548.41439258783,42098.10274732599,6,3,1,2,2,1,0.8583694358091793,9444.84023811936,MULE_CHAIN
5,5,2,0.2318039830349182,7,11,134802.71712720685,72821.24374960299,5,7,1,2,1,1,0.8880939556600207,1757.8261254757922,MULE_CHAIN
13,6,3,0.3365859374649188,7,12,64132.191954199974,124026.23080754097,8,3,0,1,0,3,0.5320445045079243,5645.427895040847,MULE_CHAIN
6,4,2,0.1389972182017632,5,6,89019.06080190575,135751.28267846326,3,2,0,0,3,1,0.5209818155903599,4788.010377044473,MULE_CHAIN
14,4,4,0.13107070160155807,0,14,110277.84054089153,37275.34968236239,7,4,0,1,2,0,0.6591697176367739,9359.05781494517,MULE_CHAIN
7,3,5,0.15284427041609028,2,15,125418.15321063623,88887.82583090483,5,7,1,0,1,0,0.8230244904104624,3247.9831048973524,MULE_CHAIN
10,3,4,0.23938748021604767,8,7,99800.45675341153,62190.394965890075,3,4,1,0,2,3,0.7537434201104742,6011.050785059198,MULE_CHAIN
10,6,3,0.18040223759037224,5,12,61457.88172872925,36312.04415114407,6,5,0,1,3,1,0.9560242643903669,8837.657419431658,MULE_CHAIN
6,5,5,0.16550989085892182,6,7,61054.60270098305,98105.06558151117,7,4,0,2,2,1,0.7907828256570666,3215.456553636069,MULE_CHAIN
13,3,7,0.30064695600694014,2,10,46619.15327683595,28371.143697793865,3,3,0,1,3,0,0.82735064081218,2962.484973842446,MULE_CHAIN
15,3,7,0.211746843617394,3,7,74230.32842317305,77437.9422435853,6,6,0,0,1,0,0.7007316958082999,3312.688979193099,MULE_CHAIN
13,6,5,0.2914842840829881,5,12,87701.52682474247,111992.29778419151,4,4,0,2,0,0,0.9798813625712572,2187.782953792541,MULE_CHAIN
8,4,2,0.19169148211965786,1,6,41202.36962680108,46616.955559605296,3,4,0,2,1,3,0.6084790818238172,2200.9339385739363,MULE_CHAIN
14,7,6,0.18330552408553802,8,13,40914.874052847495,102288.6210672208,3,7,1,2,3,1,0.5554468323862398,4359.387074315632,MULE_CHAIN
8,7,5,0.15656561748601833,6,6,102135.0794735083,55829.68254537611,3,4,0,0,2,1,0.5897302153339714,5622.793001668716,MULE_CHAIN
11,4,5,0.32688595377537844,0,8,129698.73698245957,139117.93031686486,4,3,0,2,0,0,0.6034045624808003,5572.827787148293,MULE_CHAIN
9,3,2,0.391944249140588,7,8,85759.39396652022,34606.40978172894,4,7,1,0,3,3,0.9500344664812417,4623.507680337315,MULE_CHAIN
5,6,5,0.24790250000128763,8,6,74923.95168704758,93643.70823218641,8,2,0,2,3,2,0.6851170354542202,7760.411530693547,MULE_CHAIN
6,6,6,0.3084380681306176,8,10,95342.20182090806,81655.12606804399,7,5,0,2,1,3,0.6234749091454512,9586.963656489846,MULE_CHAIN
10,7,2,0.14150974450336273,0,12,100176.54572382475,89147.07687264717,4,4,1,2,3,3,0.9455545654610698,6310.537794707993,MULE_CHAIN
14,6,5,0.2770797006527992,4,9,94632.25998309004,64544.65989436136,3,5,0,2,0,3,0.5107968433292056,5014.205410002425,MULE_CHAIN
9,3,5,0.23861299956410797,7,9,142684.10594678513,57920.33538805124,6,6,1,1,0,1,0.6993339983115946,8118.83526883013,MULE_CHAIN
5,4,5,0.14186229771639292,8,12,72027.91927519543,84109.61829296249,3,5,1,0,2,1,0.9508659022346383,8932.482599262588,MULE_CHAIN
13,7,3,0.2856563112028041,4,12,149329.64998318418,84166.52652214558,5,7,0,2,0,2,0.7079970202753245,6834.194270824144,MULE_CHAIN
14,7,4,0.29351479382061757,7,5,58061.89948783726,84744.76879561247,5,5,0,2,2,3,0.883627059181531,4331.322069967641,MULE_CHAIN
5,3,2,0.2893070170658534,4,8,135512.2278588353,30359.405472507176,6,4,0,2,3,1,0.6154630976594363,6606.021032740442,MULE_CHAIN
7,3,4,0.37304835768981204,0,14,133391.55004992546,32115.87730369192,7,5,1,1,1,2,0.9662194491381578,4089.3831576910025,MULE_CHAIN
13,5,7,0.33564020989614796,0,10,98101.69523074881,55782.19846889605,7,3,0,1,3,2,0.5481944525543718,4193.57753831113,MULE_CHAIN
7,8,3,0.3839514563040538,7,6,50787.71248465509,112350.11741527589,8,5,0,0,1,0,0.5715931938339298,2866.8001051744163,MULE_CHAIN
9,4,7,0.3525094449809387,4,7,33182.409501004426,29457.019956315264,8,4,1,2,2,2,0.7511785415101488,6052.331379440703,MULE_CHAIN
12,4,4,0.2915885721478402,1,10,76986.8529111136,81115.54951574665,4,4,1,2,0,2,0.8716749506189481,3418.9349752502703,MULE_CHAIN
13,3,3,0.15857071680906062,4,13,30808.965143562105,113439.4131867659,4,5,1,2,1,0,0.844190419469175,5139.138708637494,MULE_CHAIN
12,4,2,0.18557230419041945,2,13,61076.0604512338,22824.359753598394,6,3,0,2,0,2,0.5907696378314016,5059.23069388716,MULE_CHAIN
9,5,5,0.24896920715486037,3,12,69256.98720929769,35323.15972493016,6,7,0,2,0,2,0.9045360848214123,5044.478664442297,MULE_CHAIN
13,7,6,0.20208529862692332,6,8,89067.92296297631,44244.067922849485,7,2,1,1,0,0,0.9655618581315806,1565.5725669721514,MULE_CHAIN
15,7,7,0.23734635393956066,8,10,92935.20076877641,124605.21397267957,6,3,1,1,2,2,0.9119426078167943,9422.049195013702,MULE_CHAIN
13,7,7,0.36915820761600426,5,15,58901.16474588301,82555.9883821117,3,3,0,0,1,0,0.8196488753275419,6046.166381956839,MULE_CHAIN
13,6,6,0.13144334647730033,5,7,102965.39175405381,41240.00564977816,8,3,0,1,1,3,0.7513887447927855,8801.562015107434,MULE_CHAIN
14,8,3,0.3500183539957542,3,12,26109.23013204968,54452.86213216089,6,6,1,1,0,0,0.7801370094025248,6363.353775728986,MULE_CHAIN
8,4,7,0.21836914499098478,5,6,51347.04531985837,88061.62834150737,3,6,0,2,3,0,0.5052176164411746,6854.89159096003,MULE_CHAIN
5,5,4,0.11829896169748816,5,7,112902.3741180823,40823.00957335244,5,3,0,2,2,0,0.5348393988079461,7313.199167465127,MULE_CHAIN
14,3,7,0.10213432005039898,6,10,146805.60598966453,137071.52391902707,7,4,1,2,3,1,0.9207770786098899,2798.947666477798,MULE_CHAIN
6,3,5,0.1870531951921418,4,11,25536.353854858888,31752.99074344258,8,6,1,0,3,1,0.7540290501378981,8003.612118464685,MULE_CHAIN
9,5,2,0.3451000646608965,0,15,24545.050011047526,28105.388380076576,6,2,0,1,1,2,0.9995879892131978,1280.964632244813,MULE_CHAIN
13,3,3,0.24712448637216364,5,8,38552.28985293828,67462.30327387399,3,4,1,0,2,0,0.7111103390690718,6858.148785844868,MULE_CHAIN
12,6,4,0.30855175723769845,4,15,145474.70368420484,129983.24573374704,7,7,1,0,0,3,0.7848339012775585,926.5842175088546,MULE_CHAIN
7,6,2,0.23605382576409442,4,8,145818.57968290427,115755.5122978946,3,7,0,2,1,2,0.9799277691541264,8981.188191547302,MULE_CHAIN
15,8,4,0.38854017372124483,4,8,47878.37760605951,50495.58553936047,8,3,0,2,0,3,0.7374481650050995,4963.986159937686,MULE_CHAIN
7,3,4,0.1203460231167274,0,7,99457.70341553185,105520.14691044843,4,2,1,0,1,1,0.6780497411273801,3812.467776334435,MULE_CHAIN
8,7,7,0.12258500693626082,4,14,100096.33295419536,27348.83531439257,6,7,1,0,1,1,0.8171458912029748,9979.391034077402,MULE_CHAIN
12,5,3,0.1556566513097568,7,5,103939.2030056444,41748.115357376024,5,7,1,1,3,1,0.7096080075937463,4045.345922874076,MULE_CHAIN
15,4,2,0.3802750347479442,3,7,97292.38639458083,112429.09929940708,3,2,0,1,0,1,0.6182228490372141,4762.182717005583,MULE_CHAIN
8,4,4,0.38659448652999406,5,14,123808.90786633888,42023.485503472315,3,2,1,1,3,2,0.7307395640368581,1409.9070631106329,MULE_CHAIN
7,3,2,0.3412794928780811,2,9,120551.61741608832,107935.18905296239,5,7,0,2,3,0,0.896173589348326,5208.335484222195,MULE_CHAIN
7,4,4,0.1432674067307479,1,15,38729.19518129347,37635.464756445785,6,2,1,0,1,1,0.955684746011023,3284.7897309055265,MULE_CHAIN
15,5,4,0.12831201305534534,0,7,30257.365068055224,73202.33617227327,6,5,0,1,0,1,0.9091705914590804,4496.329468449589,MULE_CHAIN
10,7,6,0.37665620485304374,5,6,90264.03810463463,65575.42677351061,4,5,1,0,1,0,0.8787240300443719,6840.440955379464,MULE_CHAIN
13,7,4,0.1935884649817344,6,9,117396.18636663082,69790.24985885655,3,6,0,0,3,3,0.8286745978798353,9124.618717222515,MULE_CHAIN
13,4,5,0.2823788358910704,7,15,122104.99653506723,137455.92682665327,4,3,1,0,0,3,0.6393012461823688,7397.946564546728,MULE_CHAIN
7,3,3,0.15979055779460144,0,12,39289.97183299504,16818.10218773745,8,7,1,1,3,1,0.9513311882646884,8628.988136294629,MULE_CHAIN
14,3,2,0.1756367700974143,0,11,95353.8577567253,121984.24545153484,3,2,1,0,0,0,0.5461726389247294,5450.3766367696535,MULE_CHAIN
10,5,6,0.39669759238357527,3,6,82403.7576466556,47251.652691986295,7,5,1,2,0,3,0.6224719250225665,8053.98872467894,MULE_CHAIN
6,8,6,0.2665887891778986,8,10,62864.39154418039,32690.202928362014,8,4,0,1,0,0,0.7866655549513278,1309.0481424647364,MULE_CHAIN
11,7,6,0.2791691331201409,4,9,55533.97150501552,65552.74668330554,7,7,1,0,2,3,0.7208083761791506,4741.538137612421,MULE_CHAIN
5,4,5,0.14222152389663614,4,13,135341.53423535533,77110.08249044413,5,6,0,0,1,3,0.8444135871706965,7787.05017078941,MULE_CHAIN
6,7,3,0.26549814053152393,5,10,35105.397248718305,67334.11205771203,3,6,1,1,0,0,0.5347216487986661,2014.9684353744383,MULE_CHAIN
5,3,2,0.13833604804029523,0,8,79576.56049181944,18703.089514496798,7,3,0,1,1,1,0.861703142072926,4551.470163313939,MULE_CHAIN
9,5,5,0.3176218287184913,6,9,136198.37491782347,137308.67560934834,8,3,1,0,3,3,0.7094809598757913,3588.4718606746887,MULE_CHAIN
8,5,6,0.3883307578158135,0,6,89518.54714736342,35397.73756656912,6,5,1,2,1,2,0.6589251598598893,1914.557259269009,MULE_CHAIN
7,4,4,0.3950695233268777,7,14,130799.16075580633,70249.72966931455,6,5,1,1,3,2,0.9281296277206733,7940.130880488447,MULE_CHAIN
14,6,4,0.39206629428023343,1,7,132332.2740595324,116461.87824148209,4,4,0,0,3,0,0.6537997650118454,3381.4266268587567,MULE_CHAIN
7,3,5,0.297977443093709,6,9,126386.84281283902,110801.86672855614,5,7,1,1,2,1,0.5505376743919426,5960.904478756485,MULE_CHAIN
7,8,2,0.25847052674774196,8,9,89789.24448054942,139134.05292215923,7,5,1,0,2,2,0.7025758037703871,8708.000743952072,MULE_CHAIN
5,3,7,0.22043457340663158,0,9,143638.03937007513,67985.49309763245,7,7,0,2,2,0,0.9118978192879561,2271.637032537,MULE_CHAIN
5,3,3,0.1893442077614,8,12,33901.91709643318,101232.35625809243,3,3,0,0,3,0,0.873769268761953,8172.083434628051,MULE_CHAIN
15,6,6,0.19859702631980708,1,10,35662.44281839856,40754.12854385041,3,7,0,2,2,0,0.7187747558233369,3206.505771959643,MULE_CHAIN
8,6,2,0.383648023192961,1,6,91828.2253275344,78998.21407261136,6,2,0,1,1,3,0.8895986177607234,1034.26192919209,MULE_CHAIN
6,3,3,0.3394806682023316,6,13,113963.32676054048,83630.12198948897,3,7,1,1,1,0,0.8921890644427314,4482.6405817028335,MULE_CHAIN
11,7,7,0.3290255070829988,4,13,53745.60782159419,98297.72434398513,5,5,1,0,1,0,0.5099615506415573,861.4886775519625,MULE_CHAIN
7,6,2,0.1013235460527451,6,5,67317.22798969361,137403.14105620323,4,3,0,1,0,0,0.9774955839416761,8999.16664386408,MULE_CHAIN
6,8,5,0.28020610543199387,1,6,131559.7149709039,20856.339956969117,3,4,1,2,0,1,0.5504670007836109,3363.5638480805587,MULE_CHAIN
6,5,5,0.22618333457315715,8,7,126634.17603887637,88150.97543153724,6,6,1,0,2,0,0.7122431429308754,3595.590525584085,MULE_CHAIN
14,5,6,0.24932516181474104,5,6,53747.653217013045,62047.56834924399,5,4,0,1,3,2,0.969444135723605,1772.8708738460912,MULE_CHAIN
6,6,2,0.10819494082188433,3,8,80299.88494459834,60206.72502394213,3,6,1,1,3,3,0.9027544828637482,848.4454259423826,MULE_CHAIN
6,5,6,0.35400284750234556,7,12,69831.94341119654,35249.70628565409,8,3,1,0,0,1,0.5863791604799433,3316.8150805138825,MULE_CHAIN
11,8,3,0.14314505192242888,2,6,142600.28707961328,41030.727407549624,8,3,1,1,3,2,0.7742449267465439,4730.535754566455,MULE_CHAIN
9,7,6,0.39809444560121976,5,14,42927.437852915136,101740.2137579479,8,3,1,2,0,3,0.8900860487316411,7093.78487085544,MULE_CHAIN
12,6,4,0.3329534985322533,0,10,105310.89094223577,55208.62878439378,4,7,0,2,3,0,0.7251159215635545,3610.0329061129783,MULE_CHAIN
11,8,3,0.23663249998236313,7,8,111801.65270632716,36930.14970393194,4,2,0,0,2,1,0.8217324694515207,5030.140303042158,MULE_CHAIN
7,7,6,0.21158467407678078,7,9,72539.28091396527,84182.37007473498,5,6,0,1,0,3,0.5161909698501114,7904.659217581271,MULE_CHAIN
9,4,7,0.21925620124184553,0,12,74899.37485030096,18159.160603165194,3,2,0,2,3,0,0.5357264297104514,9803.334064480609,MULE_CHAIN
12,4,4,0.375046102582655,1,11,130865.50000836863,122878.18749280638,7,3,0,0,2,1,0.7202847941216441,4426.053843898639,MULE_CHAIN
14,7,4,0.1326177128379363,8,14,98612.46555471884,30902.569947780416,4,7,1,1,0,1,0.8503571680113811,6349.931176163345,MULE_CHAIN
11,6,5,0.29376449658973747,2,7,91885.41966518584,52965.29989307533,6,3,1,2,3,0,0.988615245392207,4589.247303649781,MULE_CHAIN
5,4,2,0.26369208695790824,5,15,93455.81691546715,120300.5828004725,8,2,1,0,3,3,0.5858786724322358,7658.604848544605,MULE_CHAIN
7,5,3,0.17417985694026195,5,7,51808.20693431582,23404.45704826806,3,3,0,1,2,0,0.576982117479993,2146.8508879702276,MULE_CHAIN
13,7,4,0.30854278083898373,0,8,118156.89154602162,45700.406239133416,7,3,1,2,0,1,0.9375735154829964,6018.50500546984,MULE_CHAIN
14,3,5,0.3340227238834048,6,14,137997.5578464087,91466.06639134091,6,4,0,0,1,2,0.8073940356593479,1359.425738722658,MULE_CHAIN
14,5,7,0.12787202425231908,7,8,100877.43549181429,114603.73220759342,6,4,1,1,1,0,0.7929784287975694,4147.342422838488,MULE_CHAIN
15,6,4,0.21492854156245056,3,7,135746.3102095232,68215.43023033581,8,2,1,1,3,2,0.7242844358408881,8603.946874533678,MULE_CHAIN
10,8,3,0.3580179534819683,2,10,32231.329271329574,41235.4665620209,3,4,0,1,0,1,0.8859465239181146,1505.999863867079,MULE_CHAIN
10,8,7,0.17539728401594507,3,7,85223.38890197355,44533.37478283417,4,2,1,2,1,2,0.9093192564486426,9751.335175373204,MULE_CHAIN
8,4,3,0.3272661071348687,2,14,75899.78915495961,26909.375300601532,7,6,1,0,3,3,0.9363035396393806,8380.390725720827,MULE_CHAIN
10,8,5,0.3131804387131364,8,12,122509.69434043125,17248.68277055776,4,5,1,2,2,1,0.7539576897998359,5644.115761906387,MULE_CHAIN
10,3,2,0.25998509120200064,2,10,141397.4076705563,65716.87527746207,8,7,0,2,3,1,0.8784664790441207,2139.8283484867625,MULE_CHAIN
7,7,2,0.3364183023872481,3,14,74275.70798452548,36280.11717598445,8,7,0,0,1,2,0.846812030089587,5912.450246120079,MULE_CHAIN
15,3,2,0.3151529339662179,4,14,115852.0983817694,25550.274117776025,3,2,1,1,1,1,0.6098030106932308,8441.56177496823,MULE_CHAIN
13,4,5,0.24575606061311625,2,5,56528.258338796535,28862.159963202546,5,5,0,1,0,0,0.8425436718328383,702.0430479329839,MULE_CHAIN
11,3,5,0.3478487068987133,2,15,107528.56786900862,40698.25014382487,4,3,0,2,2,1,0.9336733404027635,2398.9093197739157,MULE_CHAIN
9,3,7,0.15898821903713053,4,7,105604.00624810724,63545.18689528005,6,5,0,2,0,3,0.6810061241560011,9049.31779029004,MULE_CHAIN
13,7,5,0.10593184604794996,3,6,100014.45176752024,38598.20452745587,6,6,1,1,0,3,0.6498898666252688,3731.718308857264,MULE_CHAIN
8,7,5,0.2717798484612892,3,12,41516.0134931028,124268.30889044506,7,2,0,0,2,2,0.8863554356100641,3684.790593111816,MULE_CHAIN
5,7,4,0.16814095564378756,2,10,82622.14307821845,132950.81223167188,8,4,0,2,3,2,0.5871905389851713,614.835439644024,MULE_CHAIN
15,6,7,0.12815897306859497,0,8,144304.0564495981,80318.78585175055,6,6,0,1,3,0,0.6379036836783538,8541.084726539717,MULE_CHAIN
8,6,6,0.37738488944426596,1,6,58601.502364090426,101750.8529565557,5,7,1,1,3,1,0.75973360751855,4183.14473459627,MULE_CHAIN
10,6,5,0.10997985900370982,2,5,52237.22493459965,48376.132990090955,4,7,1,0,3,3,0.7124028898482775,9774.783493904657,MULE_CHAIN
14,8,4,0.3328304568259767,7,14,78775.85504987152,95880.34066098435,3,6,0,0,1,3,0.7154539537768693,8647.405967236022,MULE_CHAIN
10,8,4,0.3544481583429291,0,15,94230.22127111662,32374.864619631157,8,4,1,2,1,3,0.5589741196277339,728.6687534150803,MULE_CHAIN
6,6,3,0.27336413025319406,8,15,44915.52123915925,116198.06284105088,3,5,1,0,3,3,0.7906771606851792,8469.891023496733,MULE_CHAIN
13,6,4,0.28322378828171163,2,7,57951.77445192306,18775.8780701522,6,6,0,1,0,3,0.858981649188161,9259.522274566592,MULE_CHAIN
7,3,6,0.201993574543728,5,13,20258.92867015581,47307.94332570783,6,3,1,1,3,3,0.8036290873978359,4113.622897779471,MULE_CHAIN
12,7,2,0.2159093885884084,8,11,106232.07836473896,99725.10344711856,8,4,0,2,0,3,0.6718699145429886,1560.6374214269972,MULE_CHAIN
6,6,2,0.381074725685441,4,7,58784.69501084884,70783.31731244503,6,7,0,1,0,1,0.5239620477094765,7859.751369361748,MULE_CHAIN
7,8,4,0.3498770735393779,8,13,105866.73811514427,17405.069263319736,5,2,0,1,1,1,0.5736525823039567,4438.881376590907,MULE_CHAIN
12,6,5,0.1397295102824777,7,13,37350.954408104335,17092.885077099996,3,6,1,2,0,3,0.8124502193929511,2129.1597865386766,MULE_CHAIN
9,5,6,0.3041400421142286,2,12,43223.55167138399,106973.08751417199,3,2,1,0,2,3,0.6476175479982289,2246.864021556733,MULE_CHAIN
9,7,5,0.22152071555611058,5,5,68973.92849902267,110130.63304951349,4,6,0,1,2,1,0.5003845808351753,5737.537176459956,MULE_CHAIN
5,4,5,0.3481207148023391,4,9,39093.12557765347,59034.7715041398,7,6,0,2,3,2,0.8584248072279823,3144.6228508417444,MULE_CHAIN
14,7,5,0.18511114251309746,4,6,95591.98722506725,85868.4519087864,4,4,0,1,0,3,0.7423009349695988,4904.130769826699,MULE_CHAIN
14,7,5,0.15307621402102067,4,10,148084.67452750436,128585.14231600567,6,6,0,0,3,3,0.9739915154904795,9681.734664814148,MULE_CHAIN
11,3,4,0.13642541374353853,8,9,26351.2453289587,133440.8896294735,7,3,1,2,3,3,0.9037397066185946,4035.6049552966874,MULE_CHAIN
9,3,7,0.39366661978861184,8,12,129209.8505065006,105547.08736668616,6,3,0,1,0,0,0.9719475286727353,1131.735941403599,MULE_CHAIN
10,4,7,0.3530849468936713,0,12,96886.77437362583,82518.27377339707,4,2,1,0,0,1,0.8222136882216668,5961.661951312485,MULE_CHAIN
11,6,6,0.38272282064050356,2,6,92630.91115464813,92555.14364752804,7,4,0,0,2,1,0.5625511777228627,9358.636547644086,MULE_CHAIN
14,5,5,0.14588055929026528,2,15,145265.9699340293,51297.460877871235,8,7,1,2,3,3,0.9233126044523998,5498.826597562637,MULE_CHAIN
12,6,3,0.2927090760385057,1,6,28074.283669503373,67380.46411998662,6,4,1,2,2,3,0.8787846661195111,992.3831352137479,MULE_CHAIN
9,5,5,0.18598334763187954,1,14,84139.69908701442,18209.08654847317,3,4,0,0,2,1,0.8748962058081068,8591.949186957714,MULE_CHAIN
15,4,6,0.2779268503497093,1,6,69858.46605178816,136450.06680469328,5,4,0,1,0,2,0.5185197018273866,7103.2269356360775,MULE_CHAIN
15,3,5,0.11406730259942811,5,12,26575.19524587197,16413.48930805195,6,2,1,1,2,3,0.6229149769703326,2864.3254207196437,MULE_CHAIN
11,4,7,0.31941548445799706,4,8,138994.0117798731,82998.52061521534,7,4,0,0,0,0,0.6996700975466248,6091.380332670212,MULE_CHAIN
8,4,7,0.1710189968553464,7,11,27214.190298544432,38734.1836140504,4,3,1,0,3,2,0.9927268157468093,7238.292818538657,MULE_CHAIN
14,8,6,0.12779692681324048,8,15,30251.89982312781,39961.51968906582,5,3,1,0,1,0,0.9280794296803643,7298.567843557167,MULE_CHAIN
15,6,2,0.18858058525814486,5,12,148412.50688330224,33342.507088640195,8,7,0,1,1,1,0.6567697235416259,1558.6646396144938,MULE_CHAIN
11,8,2,0.34686228025910243,4,14,51704.51242443383,49037.41439918478,5,7,0,2,1,0,0.938199612470985,1103.472573668635,MULE_CHAIN
13,5,2,0.13892196276926314,6,12,20771.89578183469,128356.1901638858,7,5,0,1,1,0,0.7584682978737531,4151.489374785781,MULE_CHAIN
13,7,2,0.10328469766582794,0,8,97007.47486482955,138554.57727323176,7,2,0,0,0,3,0.5293511294033157,576.1357428619326,MULE_CHAIN
15,4,5,0.11249800782547664,2,14,75949.78962532974,31630.993097126677,8,6,1,2,3,2,0.9835040400306453,1565.0820952470738,MULE_CHAIN
6,3,6,0.10488699517538035,4,13,91243.1213809668,63661.2062415674,3,7,1,1,2,2,0.8146252421676776,2638.7260398346907,MULE_CHAIN
5,4,5,0.1307646776978524,6,11,90428.89986185307,18810.420117941638,4,4,0,1,3,0,0.5052425015581127,4370.311607486893,MULE_CHAIN
6,6,3,0.30381722239964243,6,15,84616.55531201682,26736.17627102265,3,5,1,0,0,2,0.711623370848479,6968.504913460435,MULE_CHAIN
9,8,7,0.20961005884511955,5,6,110271.55892600105,138439.24671216018,8,4,1,1,3,2,0.7337691246849471,4066.0736352352583,MULE_CHAIN
11,3,6,0.1705154386046714,1,10,84336.49990185804,93400.15894784838,8,6,1,1,2,3,0.7797830829769599,4582.009331404629,MULE_CHAIN
6,7,3,0.14918272128447913,7,14,83552.95815651427,42126.73432161446,5,5,0,2,2,1,0.9251544319740672,8154.25165446621,MULE_CHAIN
10,4,3,0.34464314519192973,7,12,131730.60981322906,96592.60096664695,6,6,1,1,0,1,0.6291436521907817,9254.814105235251,MULE_CHAIN
5,3,5,0.28505420130990194,2,8,56257.03869859547,32287.51343900134,4,6,0,0,1,0,0.9807636786137612,2887.940779648933,MULE_CHAIN
11,3,5,0.1970822366395984,8,14,100903.64522507194,40217.43862993468,8,6,1,0,2,2,0.9796991505516217,1704.9584315616032,MULE_CHAIN
8,4,2,0.22425024111577005,6,13,144142.4113645803,65226.13604420776,8,2,1,2,1,1,0.6493688774485635,4940.67445721619,MULE_CHAIN
5,8,5,0.3373256214888233,8,9,37195.93492682942,77007.37345055549,8,2,1,0,2,1,0.5092513139374462,1305.736280346648,MULE_CHAIN
13,8,4,0.29028782288793364,6,11,114760.70589741014,50340.56299708466,5,5,0,0,0,1,0.7239083285155363,2313.6475730395123,MULE_CHAIN
13,6,2,0.27678319306692367,3,14,21846.785639828468,50261.955668419025,5,4,1,2,2,0,0.8511001274005908,9182.000742909491,MULE_CHAIN
14,8,6,0.3416744745915753,6,6,62840.759382168355,51039.58018346212,8,2,1,1,0,1,0.9663928126522684,7326.709853161127,MULE_CHAIN
15,4,4,0.21930750172242322,1,12,110490.82751512804,23026.747822058143,8,6,0,2,2,3,0.7566959104476543,8353.753491865733,MULE_CHAIN
8,8,7,0.17662534842387112,8,15,59773.15478608028,108449.17533876546,5,5,0,1,0,3,0.7874772012213558,9880.771476382235,MULE_CHAIN
12,4,3,0.21849143982824304,5,6,27716.016654751533,125007.11856475925,3,6,1,0,1,0,0.708590418412067,8651.760557473623,MULE_CHAIN
11,5,4,0.3254823634594285,6,10,32983.89374357271,135757.83794014517,6,4,1,1,2,3,0.6273828501636545,5466.015901392016,MULE_CHAIN
9,5,2,0.14617187494440023,6,9,28932.442069643956,79036.51981496104,5,4,0,1,0,2,0.8058111722480856,4134.83792433554,MULE_CHAIN
8,6,3,0.11367456067032417,3,14,40004.77864682603,41520.09531175209,5,4,0,1,3,0,0.8214938767672041,4800.0353104536125,MULE_CHAIN
5,7,5,0.2913910137106781,5,14,83022.82156676688,120579.21688938153,6,6,0,2,2,0,0.9106345545326318,6845.747545321813,MULE_CHAIN
8,5,5,0.32553762128495045,2,12,146578.74925342994,16770.090845447867,5,6,1,2,0,2,0.6609340365911475,901.25491774356,MULE_CHAIN
5,4,2,0.20613227019760216,5,13,63176.06074866642,50045.8338954711,7,3,1,0,1,2,0.9207658427618606,6681.39931398014,MULE_CHAIN
6,8,4,0.1200081069323837,2,11,149145.87615562187,100841.979386919,8,4,1,1,3,3,0.8608172616324086,3970.346667459914,MULE_CHAIN
7,6,2,0.3210486001733505,2,10,68976.7035330541,92838.82204139978,8,6,1,0,3,1,0.6399754403745619,7781.304274409558,MULE_CHAIN
15,3,4,0.12768181632844958,8,13,90314.7077939276,33697.67093556099,3,5,1,1,1,1,0.8894697023432009,6601.294671671113,MULE_CHAIN
12,7,6,0.383751945747297,6,5,49639.8687459411,99913.70717764321,4,3,0,0,3,1,0.7866044307373986,5000.693266324308,MULE_CHAIN
12,6,5,0.1941880590778765,4,8,30061.210457595273,117317.8919018504,7,6,1,1,3,2,0.9324474094236123,1170.7125302973318,MULE_CHAIN
15,6,3,0.22149611076736653,8,13,54264.69081315565,78965.80435642402,4,6,0,2,2,2,0.7055124573609346,6280.98274573686,MULE_CHAIN
13,3,3,0.3785194968441258,6,15,103664.80238963403,120916.81642053952,7,6,0,2,0,2,0.8920689924151374,5698.229356450533,MULE_CHAIN
7,7,6,0.1431935572347542,0,13,49107.4813584769,128161.13426018515,7,3,0,0,0,3,0.755690443004495,2584.737632944826,MULE_CHAIN
10,8,5,0.10398091182194502,7,12,116165.55976273843,110742.76969843404,6,3,1,1,3,1,0.9199321709774142,2314.584744826201,MULE_CHAIN
8,7,4,0.3132725033659518,0,9,60453.35231567756,137731.94874553086,5,2,0,2,0,3,0.7686974563048652,6917.267667749181,MULE_CHAIN
10,8,5,0.3457406482124191,7,13,116675.09529644015,87847.41535677585,7,2,1,0,1,3,0.7189552928445542,4717.7110655709575,MULE_CHAIN
9,3,3,0.3458208324882787,2,11,143991.24956698125,116800.44083078293,8,5,1,2,2,2,0.5331968271434546,4993.772804422656,MULE_CHAIN
7,8,5,0.17005642750366162,3,13,120623.01543798367,41047.16337348369,6,6,1,1,3,1,0.5188729321088834,7181.35768442541,MULE_CHAIN
9,7,3,0.27492338441206615,4,11,138349.66247491175,52486.388619651036,3,5,1,0,3,2,0.8973545781683201,3796.1150255417338,MULE_CHAIN
14,3,5,0.11909260625083772,1,5,143279.59635110985,127194.9806488909,5,2,0,2,3,2,0.5384612847626964,9271.811606931196,MULE_CHAIN
12,6,4,0.10774913594710232,4,7,131725.71514769451,82001.81719387702,7,7,1,2,0,2,0.6443077611343484,2432.2587929140846,MULE_CHAIN
11,6,5,0.136934285461418,6,11,76615.96025400641,24744.940327010732,6,5,1,2,1,0,0.5697749256990174,2291.7723316576557,MULE_CHAIN
10,11,4,0.29382884050267094,4,25,172055.53680301347,51289.77314030904,11,4,0,2,1,2,0.6137185587613515,5670.0696228174065,FUNNEL_ACCOUNT
19,9,4,0.14688999956341503,1,20,270420.523187462,15508.43719498461,13,4,1,1,0,1,0.21128875199938735,7880.208623813799,FUNNEL_ACCOUNT
13,15,4,0.162638401144577,3,16,124657.64062079777,8373.589753914144,20,1,1,2,3,2,0.3560150234598505,7700.369298462061,FUNNEL_ACCOUNT
25,11,1,0.1461518128450277,2,15,113172.73513442173,32089.7904090546,11,1,1,2,2,3,0.4811111401072281,2215.395421294333,FUNNEL_ACCOUNT
24,16,4,0.20972199440939637,5,18,83503.27140623436,56615.27526084923,11,1,1,0,0,2,0.6966822876160418,6089.422053477839,FUNNEL_ACCOUNT
25,15,2,0.09887030280116473,3,14,131143.11861265302,75373.90474132611,17,1,0,0,2,0,0.059774541109094526,7369.32327314278,FUNNEL_ACCOUNT
24,13,4,0.1462623058881779,6,18,259737.38292768417,35490.961284738856,20,4,0,2,3,0,0.04533731650664996,6878.185960286833,FUNNEL_ACCOUNT
14,8,2,0.2909662794357877,3,21,277488.40357246733,6415.0165069550885,13,3,0,2,1,0,0.4042443784567741,1001.5414040872361,FUNNEL_ACCOUNT
12,8,1,0.2962828645794211,1,20,101451.66599900374,60514.14239367849,14,2,1,0,0,2,0.07538786721299995,3537.7057754701796,FUNNEL_ACCOUNT
8,9,1,0.2670740037904355,4,11,114006.4953531792,28006.04668021718,20,2,0,2,1,0,0.372438239885723,1828.4624161023114,FUNNEL_ACCOUNT
17,13,2,0.12764723410413742,2,13,124600.25841838693,65311.793329910775,16,4,0,0,2,2,0.832403830140221,4411.344155319866,FUNNEL_ACCOUNT
15,12,3,0.11901632723810299,8,23,151191.4645039275,63079.777336930005,11,3,1,0,3,3,0.6366573994608294,4998.757667381112,FUNNEL_ACCOUNT
24,8,4,0.1716276045593037,6,11,245689.06909342698,32710.543509112013,12,4,1,1,1,2,0.7875342089406271,8787.20570784821,FUNNEL_ACCOUNT
21,10,3,0.24454628657523664,2,12,269357.4326313719,58030.55667596583,12,2,1,2,2,1,0.3380638674525791,5831.333652252868,FUNNEL_ACCOUNT
17,14,3,0.1900464836120474,1,21,153239.69607202755,12595.106992849916,11,1,0,2,1,2,0.271453449223209,9431.76854598382,FUNNEL_ACCOUNT
11,14,2,0.23282040478005273,3,10,55780.35693076026,65480.22930038306,8,2,1,0,2,1,0.6738108169014791,5250.884125317431,FUNNEL_ACCOUNT
14,9,2,0.29542667811324397,2,17,198038.3142236876,27338.765924608644,14,2,1,1,0,1,0.3865974898033998,3113.4356740972985,FUNNEL_ACCOUNT
11,15,2,0.24457126635882626,4,17,148852.90231678524,47949.307856484025,8,2,1,1,3,1,0.9171610907908134,2316.921723481679,FUNNEL_ACCOUNT
25,11,2,0.15230004451087265,6,11,288983.14012145513,13057.71304470017,8,1,0,2,3,3,0.9895744820850709,742.9607317678038,FUNNEL_ACCOUNT
21,15,2,0.29053944104048046,3,16,120361.71116976153,66914.34407421485,16,1,0,0,1,2,0.9720628132812443,2546.719648124734,FUNNEL_ACCOUNT
10,20,1,0.09046334212014503,1,17,273408.0115553951,7898.93829292923,18,2,1,2,0,0,0.40045669682638285,9765.536022840402,FUNNEL_ACCOUNT
14,12,3,0.14651995123754286,8,16,102382.46790925316,19811.133076261984,10,1,0,0,2,1,0.12199389900843127,8533.505062104978,FUNNEL_ACCOUNT
10,20,4,0.10552134860099253,1,12,195741.69308290846,28207.78049131268,20,1,1,0,0,2,0.7872044405382307,1439.3793875315826,FUNNEL_ACCOUNT
12,15,1,0.2499735527074035,0,14,262283.29001008795,32637.67977665709,14,4,0,0,1,3,0.8510843935012885,3341.202542279519,FUNNEL_ACCOUNT
17,10,2,0.22111140842277843,1,11,269244.6385470873,10710.1367283537,13,3,1,2,0,3,0.12211423205180016,5987.155783833418,FUNNEL_ACCOUNT
13,20,4,0.24271060622196888,0,10,208249.1460503715,26224.677834599537,8,2,0,1,2,2,0.3371351597251049,9984.233167545215,FUNNEL_ACCOUNT
18,14,4,0.15653098185805692,4,20,141015.4167158472,42864.93314220217,11,3,1,2,1,0,0.030625509986610844,1506.685481317692,FUNNEL_ACCOUNT
9,9,3,0.26898471355263653,1,16,51273.41037025422,66380.88333126514,9,2,1,0,2,3,0.873964749336205,5025.903934346703,FUNNEL_ACCOUNT
11,15,2,0.19798569940744407,8,8,92125.13229283312,42612.664915685564,15,4,1,1,0,2,0.9882754606902294,8139.966172852476,FUNNEL_ACCOUNT
24,11,3,0.29998321960359103,2,17,118229.88408109068,7926.029484508494,8,1,0,1,0,2,0.47104245667712497,8730.117861015158,FUNNEL_ACCOUNT
22,10,2,0.24855156303560932,3,24,280883.94072957715,5574.184278889928,17,2,1,2,0,2,0.19423991679165076,9688.22986191364,FUNNEL_ACCOUNT
17,9,3,0.28020737343042207,5,18,69300.32412198265,29968.725557394515,11,3,0,0,1,0,0.851487309282928,725.4315465843083,FUNNEL_ACCOUNT
25,17,2,0.08496602002393971,4,15,174430.47013383132,73454.50730579648,20,3,0,2,0,1,0.08500244946449553,5344.424228402074,FUNNEL_ACCOUNT
18,13,4,0.25253452496124745,1,17,186182.81438864858,25869.301736302186,19,1,1,0,3,0,0.3189364955896228,3653.370043257036,FUNNEL_ACCOUNT
21,15,2,0.1313762089574066,0,16,273419.97370725736,11224.57642056412,13,4,1,0,3,0,0.7278877276813308,4190.8193651572965,FUNNEL_ACCOUNT
14,15,4,0.21551234718435802,3,13,123940.24221106105,27597.048502321522,18,4,0,0,2,1,0.6350182743407464,5364.268509025516,FUNNEL_ACCOUNT
22,19,2,0.14771912652503255,0,18,285574.2098262637,34874.020777839745,13,2,0,0,2,0,0.7667923572056721,3102.1133047353987,FUNNEL_ACCOUNT
22,8,2,0.29928486457344555,7,14,205145.6522100199,30345.283565478312,11,2,0,1,3,0,0.16215153245292913,2063.1511211750267,FUNNEL_ACCOUNT
21,14,2,0.27906062985944885,1,10,74802.19208704853,27161.80895526622,15,2,1,0,0,2,0.020255803403618988,8367.323620828269,FUNNEL_ACCOUNT
14,15,1,0.16716731823000291,0,12,292794.1173602805,14083.24988875623,13,1,1,2,1,1,0.8998471230724469,4133.272489452171,FUNNEL_ACCOUNT
15,18,2,0.1265622136161312,4,15,71188.15594111162,9634.562694688328,15,4,0,0,3,0,0.6714244304972787,963.1149396993778,FUNNEL_ACCOUNT
17,8,4,0.20746076553650344,5,12,121413.66748869757,63472.70433462897,11,1,1,2,3,0,0.5141227523979689,4000.4290518315493,FUNNEL_ACCOUNT
15,15,1,0.25212169321492167,6,11,286245.22752489336,31455.78209076731,17,3,1,1,3,2,0.44109214644072114,3235.4286012033704,FUNNEL_ACCOUNT
13,16,1,0.2607007155870237,7,18,151694.86452300262,10563.432796199002,15,1,1,0,3,3,0.06689646933243876,751.7757635240126,FUNNEL_ACCOUNT
12,11,4,0.10708292155424681,1,19,67903.07996609191,15354.461918706511,17,2,1,2,3,3,0.2044977719731601,2837.707171492958,FUNNEL_ACCOUNT
22,13,2,0.20535546947654426,3,25,268425.3674806835,57727.92579454822,17,2,1,0,0,0,0.028918005071280173,7591.347704276379,FUNNEL_ACCOUNT
14,20,4,0.17080159899107866,5,10,279837.4744575338,15459.57806030891,13,2,0,0,3,2,0.10328150161272842,6761.553553943111,FUNNEL_ACCOUNT
19,9,2,0.1873273861428895,0,16,105151.84060155618,65584.88781168341,13,3,1,0,3,3,0.8657986431793584,8829.831474223176,FUNNEL_ACCOUNT
17,19,3,0.2627014142756836,5,8,206368.57252212203,28617.6064270438,12,4,1,2,2,3,0.15974272910272125,3147.4796327530303,FUNNEL_ACCOUNT
13,17,2,0.24273291640212286,6,8,196076.69744198426,21163.314650245356,17,4,0,1,1,3,0.8758160428545669,7254.138374148347,FUNNEL_ACCOUNT
8,12,3,0.2939424633115847,1,22,79054.3490350599,43981.429463982604,10,3,0,0,1,2,0.8929795808600463,4883.956266388198,FUNNEL_ACCOUNT
16,13,1,0.23790890219030053,8,20,241484.32413087014,38395.0271895625,15,4,0,1,1,0,0.9264648151948006,7137.809408307238,FUNNEL_ACCOUNT
12,8,1,0.2760950888349516,2,24,81625.04618558707,66283.00833690572,12,3,0,0,0,0,0.9884395162635914,8891.168069398893,FUNNEL_ACCOUNT
16,17,3,0.2759435589288957,7,12,279306.72097822,25994.88018169584,8,3,1,1,0,1,0.3811905906254579,8592.302547305058,FUNNEL_ACCOUNT
20,9,4,0.15589573601751247,5,24,185223.34187808458,8659.06742405358,19,1,0,2,0,0,0.10828120186121748,3652.121810405317,FUNNEL_ACCOUNT
14,16,1,0.14037690202378741,0,14,164520.36969311308,31419.770813930314,15,3,1,2,2,0,0.6871035785494511,8419.559513305434,FUNNEL_ACCOUNT
16,8,1,0.2916546514926188,0,9,247577.45584826393,54279.346746974144,10,4,1,1,0,3,0.8407949344489108,4782.628224899553,FUNNEL_ACCOUNT
20,15,3,0.20741134540651363,3,24,89957.84076642842,9925.46640885457,11,2,1,1,3,0,0.08518745428882701,5927.219371983532,FUNNEL_ACCOUNT
25,13,2,0.16024412743306285,5,15,120572.16606889358,34092.223793368634,11,2,0,2,2,3,0.3271490517238649,7203.097953830183,FUNNEL_ACCOUNT
14,8,2,0.25351248453107816,7,18,275237.534988172,39651.94283729578,11,2,1,1,3,3,0.6047523458973091,2476.166162944245,FUNNEL_ACCOUNT
8,20,4,0.26000057609302957,3,8,81265.4113136252,59154.523001445516,16,4,1,0,2,2,0.4264691032953213,9698.66775547158,FUNNEL_ACCOUNT
12,13,2,0.23252469182869273,3,23,99604.8834195299,63517.457136440535,18,4,1,1,0,0,0.8788197320696371,5261.995477815341,FUNNEL_ACCOUNT
9,13,4,0.26672858343096945,2,22,239347.81778425642,67566.39934773724,15,1,0,1,2,3,0.21660633302068688,6939.199724502591,FUNNEL_ACCOUNT
20,16,2,0.12284970062424133,7,16,203748.31615649146,32498.41203112479,8,1,1,1,3,3,0.29599563062706524,6268.928742329031,FUNNEL_ACCOUNT
16,11,1,0.18090403277185008,6,19,169560.18893376342,23243.499708175714,19,3,0,2,1,1,0.8377885750550291,6004.8264281557385,FUNNEL_ACCOUNT
12,14,3,0.20331551079303417,1,14,261173.87240515344,73230.12978002286,18,3,0,1,1,3,0.008913360765054779,5287.23395102187,FUNNEL_ACCOUNT
16,14,2,0.29346582201998106,4,24,263265.9429379388,55908.40021060094,14,4,0,0,2,3,0.47199366666476705,1367.251986808478,FUNNEL_ACCOUNT
13,19,4,0.22735832086412494,1,17,252711.00110259396,56690.4575082919,8,1,1,0,1,2,0.3928453887904141,3664.189674010586,FUNNEL_ACCOUNT
23,9,4,0.28995886685978267,0,14,269777.06187398115,57205.549958436364,19,1,0,2,0,2,0.2798033595716318,8327.064371561919,FUNNEL_ACCOUNT
15,9,4,0.19462904933892763,3,8,263401.9766448991,44877.08760453939,20,3,0,0,0,0,0.5893329013318959,5500.071937569799,FUNNEL_ACCOUNT
15,18,4,0.17177499348993194,3,10,148477.02676503672,45034.219203250475,11,4,0,2,0,1,0.04936893972353951,2993.8650258603143,FUNNEL_ACCOUNT
15,9,1,0.08799389150355158,2,19,218585.79549892788,60626.138995126006,18,2,1,1,2,3,0.8468041792791029,8782.241920389866,FUNNEL_ACCOUNT
23,14,3,0.22248054047176208,3,11,156785.19956569409,56755.933575392104,14,4,0,2,2,1,0.6672659771307612,6260.839139755181,FUNNEL_ACCOUNT
13,15,4,0.1178174642493382,2,13,158063.84949941435,38288.99192515196,10,4,0,1,2,0,0.08778159118227447,6720.033550760645,FUNNEL_ACCOUNT
18,17,1,0.10982739307851302,7,18,170068.06296269072,16422.04428119628,17,4,0,2,0,3,0.2914339272736025,6045.454385112645,FUNNEL_ACCOUNT
17,9,4,0.10405929860641921,0,20,187859.01401697163,19135.32508816039,13,4,0,1,0,0,0.9184560158147103,9441.308646523541,FUNNEL_ACCOUNT
19,20,1,0.0809598153684128,5,13,198591.46197141334,52894.7698218452,12,3,1,0,0,2,0.5255821230153033,874.0891146122169,FUNNEL_ACCOUNT
8,9,4,0.2638348965169794,7,9,92728.84050686035,61567.64840839757,15,3,0,0,0,0,0.7310864022164681,1924.292133964645,FUNNEL_ACCOUNT
23,18,2,0.08435885196099008,5,12,246374.0907102098,72852.38984128163,20,3,0,0,0,3,0.16814818893697492,897.5534187971109,FUNNEL_ACCOUNT
19,14,4,0.13625667669574865,7,20,247246.45690671843,32141.525957328024,16,4,1,1,0,2,0.3050755291508753,9487.35227288142,FUNNEL_ACCOUNT
25,19,2,0.22549710085057695,5,19,207495.2642620003,69100.70029077544,18,4,1,1,1,2,0.5066765189044113,7972.214548426856,FUNNEL_ACCOUNT
17,11,2,0.25009070436984887,4,21,214221.8042707457,53662.09230487547,20,2,1,2,3,0,0.9243116565636734,9060.375249274106,FUNNEL_ACCOUNT
13,19,1,0.09125005722593398,5,14,279441.49372319056,61861.87144564935,12,2,0,1,0,1,0.5320116674090916,4308.483842038142,FUNNEL_ACCOUNT
10,14,2,0.153718149535364,7,19,59612.88749535388,14949.144547317728,9,3,1,1,2,0,0.24168911995163656,9291.073115702606,FUNNEL_ACCOUNT
18,11,1,0.2554471932257798,2,11,109750.1521125815,31444.462822436046,9,2,0,1,2,1,0.824364164648927,7630.6694833112715,FUNNEL_ACCOUNT
23,11,2,0.20188158569694103,2,19,135555.37826299653,11018.526252104375,13,3,0,2,2,0,0.6919007156127136,5473.939526476226,FUNNEL_ACCOUNT
21,10,4,0.12102493554085177,1,11,99949.08580081671,38169.639064099516,14,4,1,1,2,1,0.6886377666425367,7136.107443249829,FUNNEL_ACCOUNT
11,16,4,0.16629609551394303,5,8,155974.10904433567,22553.10338949948,17,1,1,0,1,3,0.02874735380482274,2946.6163999909986,FUNNEL_ACCOUNT
25,10,2,0.2811634976340794,3,21,219174.69315944056,12496.86692709634,15,2,0,1,2,0,0.712276930584983,7350.483971444369,FUNNEL_ACCOUNT
15,14,3,0.16057891123118656,8,12,246358.32444271407,22815.98223768191,16,2,0,2,2,1,0.05718430984951306,4008.324707106975,FUNNEL_ACCOUNT
16,11,1,0.19469420259583514,5,14,112182.8985137467,71219.9305081947,18,3,0,2,2,2,0.5904700757882212,7610.626054627872,FUNNEL_ACCOUNT
22,17,2,0.1657619082831963,2,18,277425.49227907223,21022.210115883365,20,1,1,0,3,1,0.6833199380676938,1589.5767808919807,FUNNEL_ACCOUNT
20,17,1,0.2531061723150153,2,22,158787.36856954923,41303.47891556565,11,4,0,2,1,1,0.09795022453147118,5724.476637980068,FUNNEL_ACCOUNT
8,20,2,0.08129324740771257,7,20,190115.3309165821,46621.36648572114,19,2,0,1,1,0,0.2542955374282899,3519.0622097672904,FUNNEL_ACCOUNT
14,12,4,0.23066570126824237,5,22,124399.36068921113,10160.555357003283,18,3,1,0,1,0,0.2722006142773391,6243.576306240823,FUNNEL_ACCOUNT
15,11,3,0.16256532917338173,1,11,89920.76990920538,5219.150501418888,16,3,1,0,0,0,0.8713475447173606,3478.9346862675434,FUNNEL_ACCOUNT
15,14,1,0.1322629853952201,5,10,297589.288736755,60370.95147019752,18,4,0,2,3,0,0.7236648260037241,6553.161549606987,FUNNEL_ACCOUNT
9,15,1,0.1804854423188476,4,21,190157.15264749498,70352.11417504234,11,3,0,1,1,0,0.2569791652169031,7314.07811825998,FUNNEL_ACCOUNT
16,13,4,0.21321174266915321,5,12,136029.2861953965,34211.39792876462,17,4,0,0,0,2,0.7985475334717493,3387.355830052251,FUNNEL_ACCOUNT
12,19,4,0.2482807286263991,7,20,185975.69841660312,75496.67221974175,20,4,1,0,3,1,0.584654311495836,4307.524032982004,FUNNEL_ACCOUNT
17,18,4,0.29151125263531846,1,17,271436.58880379656,18193.156660109235,12,4,0,0,1,1,0.6873905782049652,9312.478608006139,FUNNEL_ACCOUNT
11,17,4,0.29787699443854493,4,21,115482.9693570692,7040.986628300834,11,4,1,0,0,2,0.18556882661224594,5357.907601850182,FUNNEL_ACCOUNT
23,18,2,0.16834420293842278,6,15,241376.95868409312,48248.98532155692,19,1,1,2,1,0,0.02830681412148428,5642.195136017714,FUNNEL_ACCOUNT
9,14,2,0.20738207281173254,1,10,92584.71751265688,43517.22338621217,16,4,1,2,1,2,0.06441392782092836,9124.506972805508,FUNNEL_ACCOUNT
24,18,3,0.2631787667188141,0,23,206070.53153266653,9266.016734237124,12,4,0,1,2,3,0.5258202821971623,7426.434166770854,FUNNEL_ACCOUNT
8,14,1,0.18835352276621048,1,18,73678.22452104356,35595.09724385082,14,2,1,2,0,0,0.9949008892512754,8968.165533207772,FUNNEL_ACCOUNT
24,9,1,0.20627092245682804,5,14,147990.96645862097,78352.23459513459,16,1,1,2,2,3,0.21791860079767966,9181.63154144034,FUNNEL_ACCOUNT
14,14,1,0.25651269528468906,3,15,203480.05827699383,44516.25525732874,9,4,1,0,1,0,0.3890174718335523,8123.519415742617,FUNNEL_ACCOUNT
24,11,3,0.23286581019045077,0,15,88287.14877707712,68795.85486563947,18,1,0,2,2,2,0.3715715223244467,7876.986728330169,FUNNEL_ACCOUNT
16,15,4,0.27756666540720243,5,11,226667.10389381202,35436.20519960192,19,2,0,2,1,2,0.5576514667316124,8842.590925353052,FUNNEL_ACCOUNT
9,17,2,0.08190893126164663,3,23,180329.1090977891,60265.87870214594,17,4,1,1,1,0,0.3139512716949865,2567.466500191526,FUNNEL_ACCOUNT
14,13,1,0.17207815012411187,4,24,269336.20275220973,21184.44749880084,9,1,1,2,0,1,0.7026182048589821,4878.571421599567,FUNNEL_ACCOUNT
13,19,3,0.10069267579492923,7,24,252689.60075337085,9599.818258617834,20,2,0,2,1,2,0.13260411955756124,2130.683113934275,FUNNEL_ACCOUNT
16,10,1,0.11461522186166043,5,16,51830.71698566276,50069.2230692042,11,3,1,1,2,1,0.29653088570221686,9734.228050344404,FUNNEL_ACCOUNT
14,17,1,0.27739607157077256,1,22,127761.51752251762,52721.56167825784,8,3,1,1,0,2,0.10305015227890979,5202.431554643464,FUNNEL_ACCOUNT
13,19,2,0.08775118201612031,0,13,145557.76363448237,33620.35060270627,11,4,0,2,1,2,0.38333085417393575,6356.777530447349,FUNNEL_ACCOUNT
17,10,3,0.22381510122719211,5,12,144636.67576134176,55501.066173058745,12,1,0,0,1,0,0.8357746498369532,8033.970614445995,FUNNEL_ACCOUNT
20,14,3,0.2409640414133828,4,24,252983.8455616871,18179.590153104884,14,3,0,1,2,0,0.9390708502908515,7506.987541948976,FUNNEL_ACCOUNT
24,20,3,0.21393129318829973,2,23,112184.66827518906,37019.00020614374,18,1,1,0,2,1,0.9740812164479365,8599.365184565653,FUNNEL_ACCOUNT
18,12,2,0.2011053272478649,1,22,296488.7747257984,60467.89172835229,11,3,1,0,1,0,0.03763558538274547,6123.219773788841,FUNNEL_ACCOUNT
8,14,1,0.09870077689127216,6,16,277046.25144980004,11059.518098635712,17,4,1,0,3,0,0.45757607892364316,8606.849112538988,FUNNEL_ACCOUNT
24,14,1,0.23096949458943916,7,20,115189.86180978848,71511.38163537039,15,3,1,2,2,0,0.6526192377411313,1227.4490532039517,FUNNEL_ACCOUNT
18,20,4,0.169876267973422,5,15,127716.66728995951,15178.581899864974,15,3,1,0,2,2,0.7594687782923213,658.0690043738001,FUNNEL_ACCOUNT
15,16,3,0.27168452363654655,7,23,238892.47323645663,70590.82856267027,14,2,0,1,0,1,0.33043840569032,9813.207590512493,FUNNEL_ACCOUNT
8,19,1,0.08478184662276288,3,10,159818.73711435398,48357.92011248274,20,2,0,2,3,1,0.3230762743364939,3832.542613871244,FUNNEL_ACCOUNT
14,14,3,0.1712898571213321,0,9,103907.98720294505,27803.344026209503,11,4,1,1,2,3,0.7589866852376471,963.3402188835212,FUNNEL_ACCOUNT
21,9,4,0.23709417198066918,6,9,259549.6172533033,71443.16061204333,15,2,0,2,0,1,0.1961762623664015,4022.445974331885,FUNNEL_ACCOUNT
25,17,4,0.25901781133635,6,16,291547.12031294266,69401.76258292072,20,4,1,1,2,0,0.5094402478207141,9066.424031854813,FUNNEL_ACCOUNT
15,15,4,0.18246080810111867,4,25,56255.54707858417,70408.94926542285,15,3,0,1,3,2,0.8781776117222551,8757.522652009244,FUNNEL_ACCOUNT
9,20,1,0.22153694002239388,1,9,234618.70780866058,64723.15636037356,17,3,0,1,3,1,0.6517406983446756,2475.6287303883746,FUNNEL_ACCOUNT
14,18,2,0.28712705038902103,2,21,265425.2360723501,7761.437144258094,8,1,1,2,3,2,0.24600180493262747,9561.395453011894,FUNNEL_ACCOUNT
10,16,1,0.23022640224606483,1,18,237218.94167673143,38586.650781830074,16,2,1,0,0,3,0.833548071342395,9939.375149185382,FUNNEL_ACCOUNT
21,14,4,0.20046322088536908,4,12,235093.52090370643,58401.10965063827,19,1,1,2,0,2,0.7205472026881447,7464.237742451791,FUNNEL_ACCOUNT
13,15,4,0.27981899099700136,5,8,259543.97596638405,56030.68290760879,13,3,0,2,1,0,0.7299949987268496,5955.389679905257,FUNNEL_ACCOUNT
14,16,1,0.13573269739622063,0,24,115287.53872068072,27442.421055255825,13,2,1,0,2,3,0.3075283277859332,8742.34116684304,FUNNEL_ACCOUNT
21,14,3,0.28364765830899846,4,23,73878.00850679533,11762.94302719152,15,3,1,2,1,2,0.99211219014292,5604.070322214651,FUNNEL_ACCOUNT
24,20,3,0.22029300016845205,3,11,135931.80007641081,51696.33571434644,15,3,1,1,0,2,0.2100373875414301,6409.007298863064,FUNNEL_ACCOUNT
13,11,2,0.287342089920038,1,11,127762.2452610982,62165.34571047531,17,2,1,2,0,3,0.46071554232509304,7700.034751727579,FUNNEL_ACCOUNT
19,17,4,0.24380381841257587,0,15,260104.12198981098,60162.914613489585,20,1,0,1,1,1,0.3117567443454854,1991.3688300294068,FUNNEL_ACCOUNT
19,13,2,0.2667744744708705,2,10,59747.86130675917,9416.454290114722,13,2,1,0,1,1,0.0838474581564973,8885.21138273609,FUNNEL_ACCOUNT
21,11,3,0.15161799160651662,8,17,199408.96926636284,12371.03902251966,9,2,1,1,2,2,0.3197666738675423,4364.383694108666,FUNNEL_ACCOUNT
10,8,1,0.2769377395944758,2,24,90009.32474463023,23754.403926803323,18,2,0,1,0,3,0.9822023558670021,4115.0861498356335,FUNNEL_ACCOUNT
14,18,3,0.18924525637958753,8,10,52780.60761329285,47652.72984116965,19,1,1,0,3,3,0.9546034644991949,789.5314173865481,FUNNEL_ACCOUNT
22,12,3,0.2154506108800774,5,12,189125.27535684523,75445.67062822914,12,2,0,0,1,0,0.04662646323563979,6631.190220114421,FUNNEL_ACCOUNT
17,16,1,0.11817055235866367,5,13,154627.25867177482,31895.91283753423,12,1,0,2,1,3,0.015935598358613356,4110.981754341865,FUNNEL_ACCOUNT
16,11,1,0.10062903864776798,6,20,157853.7941076963,15090.2916233377,13,3,0,1,0,2,0.43565158838139895,9647.89940069766,FUNNEL_ACCOUNT
12,10,1,0.27463859304339083,7,11,189003.14342638582,5684.113570733877,20,2,0,0,1,3,0.6590019014401852,998.4347221147963,FUNNEL_ACCOUNT
24,17,3,0.2405675842918173,7,25,127009.92761816428,49184.09990778076,10,3,0,0,2,0,0.759927985973887,7437.624670083328,FUNNEL_ACCOUNT
18,19,2,0.10774080697187598,0,20,251957.09831378085,24188.562891184236,15,1,1,0,3,3,0.21505286276045976,1034.8068050347106,FUNNEL_ACCOUNT
25,8,1,0.19592731243396871,6,12,102417.14425708058,37759.21953745806,11,3,0,1,1,1,0.5255371399688215,2065.1214630200657,FUNNEL_ACCOUNT
16,17,3,0.2628091975038135,6,23,69837.35380890034,31806.065981934793,13,2,1,1,2,1,0.47963000069235273,3053.607817542756,FUNNEL_ACCOUNT
17,16,4,0.23045892890699926,5,13,130807.6351147386,14022.525235468778,14,4,1,1,3,2,0.08698559527820326,7015.396655436717,FUNNEL_ACCOUNT
22,16,4,0.13226822633877666,4,8,191431.13224844143,20490.867579893616,20,1,0,1,3,2,0.8867205836742547,6308.084721351968,FUNNEL_ACCOUNT
24,12,2,0.14716812334883617,3,13,152552.45408657417,8661.490548993803,15,4,1,2,1,1,0.921964759236439,1873.5433384731457,FUNNEL_ACCOUNT
18,11,4,0.24450522313447576,1,19,150061.28249087287,61015.31145310237,20,4,0,0,1,2,0.5535487756506209,1183.8999462559875,FUNNEL_ACCOUNT
12,8,3,0.24486509520833366,6,20,206012.72056509848,9722.488358850886,19,3,1,1,2,3,0.6329920567610497,1808.9681767660356,FUNNEL_ACCOUNT
19,13,2,0.20255821685566028,5,8,163497.18522314745,70606.3895598197,18,4,1,2,0,1,0.9811151779107101,8855.049840150694,FUNNEL_ACCOUNT
8,15,3,0.09808093716641383,6,11,164021.20717479748,33098.322285521004,17,1,1,1,3,0,0.44581102997942756,6290.347929144162,FUNNEL_ACCOUNT
13,16,2,0.1938168347756354,4,18,118028.32603449892,38370.59641315028,18,4,0,2,0,3,0.9176528623371767,6389.168837250976,FUNNEL_ACCOUNT
23,18,4,0.10240668977784241,0,21,287687.3588950634,59444.29889470686,20,2,0,2,2,1,0.9839905110436309,4603.139099492973,FUNNEL_ACCOUNT
18,18,3,0.18171560496142442,3,15,203640.38936969126,24712.2979389831,20,3,1,1,0,0,0.6639901626686653,1543.003426262428,FUNNEL_ACCOUNT
23,12,1,0.1665717400422155,7,18,166898.25023337576,51468.08747119717,18,3,1,1,2,0,0.22325077908194657,3068.453175257883,FUNNEL_ACCOUNT
21,14,1,0.11418446908318444,8,24,207017.45942286222,13816.834414393441,20,3,1,1,2,3,0.36212537384007903,5265.058561625703,FUNNEL_ACCOUNT
23,19,2,0.29432255539287744,4,11,228411.1081051486,47892.92227851914,16,3,1,2,3,0,0.2544854263181485,9801.18903279789,FUNNEL_ACCOUNT
8,18,1,0.24675526829860533,4,22,285029.3032512397,39500.89389799829,19,1,0,0,3,0,0.01929498521859252,4871.114684681436,FUNNEL_ACCOUNT
15,18,4,0.1779373171061049,6,15,247646.67829207383,41510.528065184415,13,2,0,1,1,0,0.7492611169675478,3969.069831027523,FUNNEL_ACCOUNT
15,20,3,0.26046002345847713,8,14,68602.66415794371,19217.114288617857,17,1,0,2,1,2,0.7790904051465894,9686.867226134958,FUNNEL_ACCOUNT
16,16,1,0.12312378641061937,4,8,278543.2451521548,55515.830919658736,18,1,1,2,3,3,0.7686255188299987,8902.169857876585,FUNNEL_ACCOUNT
16,19,1,0.11112790089099339,5,24,157291.05759221,48745.54721844544,20,4,0,1,1,3,0.2372845850655939,7429.8677069940995,FUNNEL_ACCOUNT
25,17,2,0.26543841371903026,3,17,162876.23637125085,24807.945170911185,14,3,0,1,0,0,0.5855808667036285,8002.321985350221,FUNNEL_ACCOUNT
22,11,1,0.23117287795534752,2,12,188154.21951101994,53605.09446457116,8,2,0,2,0,2,0.08532806645206481,4129.442011959706,FUNNEL_ACCOUNT
16,18,2,0.12363177920464793,6,18,274850.04756123933,13346.907711355434,12,1,0,1,3,1,0.16581250002906678,9488.126853166204,FUNNEL_ACCOUNT
23,14,1,0.29369132607848847,6,15,144304.1111237951,60534.6954262071,20,4,1,1,0,0,0.9913845764233757,6783.302361649387,FUNNEL_ACCOUNT
20,16,1,0.22448955093292117,7,11,253480.60238045242,21677.775631500095,16,4,1,0,0,2,0.5456001499559924,8532.776924992968,FUNNEL_ACCOUNT
15,17,1,0.165118809436396,4,16,291314.0285100038,58948.86008071999,20,1,1,1,0,0,0.40127803412828567,3567.562128009485,FUNNEL_ACCOUNT
20,16,2,0.20750697811005386,2,22,119318.00241610319,13839.927219259842,8,4,0,0,0,2,0.5586532471617175,1448.4899251488437,FUNNEL_ACCOUNT
8,16,4,0.160704448330304,6,16,85391.13861478766,68228.17686650332,16,1,0,0,1,0,0.42344361224313654,7482.2199108273635,FUNNEL_ACCOUNT
10,15,3,0.1543758255393861,8,16,242872.08223765282,57951.38266598498,14,2,0,1,2,3,0.23931308750353375,8132.653170075852,FUNNEL_ACCOUNT
23,17,1,0.284981013897958,4,18,74991.56537052599,74671.03099056197,20,4,0,0,0,2,0.3676433377953411,9539.368447143337,FUNNEL_ACCOUNT
8,13,1,0.2918987970521695,0,16,240191.5420491107,52339.756724581464,16,2,1,0,1,2,0.9100761259560232,7137.14695072826,FUNNEL_ACCOUNT
17,13,4,0.2287909111358592,8,15,240076.061033335,8345.540106844122,9,4,1,2,3,0,0.009389939813120085,3158.2455197884624,FUNNEL_ACCOUNT
25,8,3,0.23420009368743072,6,22,260924.3238662698,45605.09731586815,19,2,1,1,0,0,0.30219467388723154,3168.608471904679,FUNNEL_ACCOUNT
23,14,3,0.273844823084075,4,19,154581.89498897732,39600.103543991994,12,3,1,1,3,0,0.105186172630657,986.6373844378406,FUNNEL_ACCOUNT
21,8,4,0.16337034195053785,3,13,66919.83308360701,43955.22251662804,18,4,0,2,2,3,0.5284247313311061,3814.310651612344,FUNNEL_ACCOUNT
22,17,2,0.2734551832377495,7,22,63793.53170535058,37835.363462170244,9,1,0,2,1,3,0.1443150891084113,2616.8006414288484,FUNNEL_ACCOUNT
15,8,2,0.12744852807888515,6,15,144771.3051411466,64062.35728476321,12,3,0,1,1,1,0.23182828122818733,7001.903403144978,FUNNEL_ACCOUNT
20,13,2,0.21173285087357852,4,10,110610.02515702357,58655.18396793546,10,3,1,2,1,1,0.3410235228959174,5608.014493134394,FUNNEL_ACCOUNT
24,20,1,0.13630351496248014,4,19,276128.56727684394,44705.54627598892,13,3,1,1,1,0,0.11644791038220048,5997.244246316225,FUNNEL_ACCOUNT
13,8,2,0.23886347718402873,6,12,112276.60903281304,10637.056147895659,10,1,0,1,3,3,0.5443564533955411,760.4237194954437,FUNNEL_ACCOUNT
23,11,1,0.13535162699458397,5,13,191845.9869218861,64790.266347318044,20,3,0,2,3,3,0.15947956532005625,8912.705923872058,FUNNEL_ACCOUNT
9,10,4,0.1486882808392091,6,10,86784.89417043628,16940.817198132638,10,1,0,2,0,3,0.0044890792622128695,3579.7232370564225,FUNNEL_ACCOUNT
20,14,2,0.27237815292643647,5,18,244979.73490073383,31663.378907991915,18,1,1,2,1,0,0.05555363646480238,8936.436631203229,FUNNEL_ACCOUNT
14,11,1,0.20603027740769808,4,19,85439.68294204559,22843.075108972087,16,4,1,2,2,2,0.7349445189748176,9354.041862629998,FUNNEL_ACCOUNT
16,19,3,0.1900368749708895,0,11,51741.830437730576,32373.693721900585,17,4,1,2,1,1,0.134582164893567,5111.552325763065,FUNNEL_ACCOUNT
12,11,2,0.23510703334858124,7,22,193837.2780521311,68824.74835833766,8,3,0,0,0,1,0.5497086921619071,7348.269796758148,FUNNEL_ACCOUNT
10,12,2,0.2941910215040102,1,22,125675.98241565962,69440.85451440852,13,4,0,0,3,1,0.8020722836580724,6636.282225806277,FUNNEL_ACCOUNT
23,19,4,0.13183957611873362,7,21,170004.11408366833,71140.13766022187,19,4,1,2,0,1,0.6931006243086596,2189.2637338757663,FUNNEL_ACCOUNT
20,20,3,0.12901610178315615,3,24,258729.45740202756,51003.75029209415,18,1,1,0,3,2,0.47655292682586337,3706.805252194658,FUNNEL_ACCOUNT
10,14,3,0.1862444292766749,0,23,121995.96777368546,17584.4460384087,14,2,0,2,0,0,0.5676241538456117,590.0957823795907,FUNNEL_ACCOUNT
16,18,1,0.2807215780172964,2,18,110431.70226501892,75816.70484174664,10,4,1,2,1,0,0.5954327714478571,1303.0214929536567,FUNNEL_ACCOUNT
15,11,3,0.21438027527963666,6,16,90895.97642033291,48140.642273446916,15,3,0,0,0,2,0.1258737215281004,6298.576094755973,FUNNEL_ACCOUNT
13,19,3,0.18229412734725098,6,15,52649.44330361869,58977.71813131442,14,3,0,2,0,1,0.1661640884822324,7806.90620222218,FUNNEL_ACCOUNT
15,19,3,0.1499817557421153,0,9,94009.02733448453,23643.822590787484,19,3,1,0,2,2,0.14564898201532728,5280.762308422177,FUNNEL_ACCOUNT
20,17,1,0.14097885333211896,0,14,247796.1286741164,56666.72245418259,19,2,0,2,1,2,0.9559578167736356,6997.1440245092035,FUNNEL_ACCOUNT
14,8,2,0.2968672601178333,3,21,261283.46059231713,16439.527734995027,12,1,0,0,0,3,0.23244345394696442,3733.6757545265923,FUNNEL_ACCOUNT
9,10,2,0.2607298649032055,8,18,171868.42357497994,11733.081321588259,9,1,0,0,2,0,0.324196665852178,1189.9176746437752,FUNNEL_ACCOUNT
13,13,3,0.26828720420056806,0,12,177672.940121562,65949.61019359156,13,2,0,0,2,2,0.3932702638622255,1176.461001840339,FUNNEL_ACCOUNT
10,17,4,0.10421654085293369,3,23,139485.57916316696,76204.53908365767,20,3,1,2,1,2,0.6112403717711419,2912.3195175096807,FUNNEL_ACCOUNT
25,18,3,0.2761910074104868,8,21,82855.82551594474,70550.0600742756,11,3,0,1,0,3,0.13412787650060554,8594.704253279553,FUNNEL_ACCOUNT
10,12,2,0.23088449617825307,5,21,236290.72749141953,49464.55018852391,8,1,1,2,2,3,0.5956464294000907,4875.501840069982,FUNNEL_ACCOUNT
20,18,1,0.164892221588042,6,15,151907.94424505046,43119.21280238712,16,1,0,1,0,1,0.038264902539905776,8092.8625334144135,FUNNEL_ACCOUNT
9,8,4,0.2888342064197222,5,23,231000.6120024594,78763.69250229136,10,1,1,1,3,1,0.3801935276287268,2172.923501417423,FUNNEL_ACCOUNT
8,16,2,0.09093771211134072,4,20,288074.99722448725,44032.16482712051,17,4,1,1,0,3,0.5157650278752753,7407.941549137872,FUNNEL_ACCOUNT
24,19,4,0.1788768831041927,4,10,240715.36975246563,71991.1569548638,16,3,1,1,2,0,0.9438193249313646,4099.722590335639,FUNNEL_ACCOUNT
14,17,2,0.08357665165027243,0,9,182313.99438324283,77099.3638109981,10,3,1,0,0,0,0.9161050217287003,6730.300550680664,FUNNEL_ACCOUNT
21,9,3,0.14229768768289164,7,23,53153.81000212192,12762.231385471658,18,2,0,1,3,3,0.1082653745405574,7936.265044126202,FUNNEL_ACCOUNT
25,11,4,0.16832155003280508,5,22,83776.1553187973,33312.989937549486,11,4,1,2,0,0,0.665807981517801,6068.417047894189,FUNNEL_ACCOUNT
17,17,2,0.29690147820045965,4,23,76589.14856181089,79369.22801740776,19,3,0,2,0,2,0.22340163076573116,1995.1905894528031,FUNNEL_ACCOUNT
18,18,4,0.09225109473555584,6,13,59338.74608881635,21834.106424808262,10,2,0,2,3,1,0.14527213079350998,1974.4274675640863,FUNNEL_ACCOUNT
24,18,2,0.24988461680451485,7,24,67362.43332329715,35191.0203497986,8,3,1,0,2,0,0.8260657657861301,1471.745340293373,FUNNEL_ACCOUNT
18,10,4,0.16599977310396552,2,18,125686.52984300809,16646.957331232625,16,3,1,1,0,3,0.7996573760636221,4454.6998686159195,FUNNEL_ACCOUNT
15,9,1,0.2809479553793593,2,9,145064.7586566209,33548.632914925984,19,2,0,1,1,3,0.0768094159677879,3986.4171064998764,FUNNEL_ACCOUNT
12,19,3,0.26633975959243683,3,20,272097.7140660841,59471.08269829414,18,2,1,1,0,0,0.830819272264359,8238.53574329265,FUNNEL_ACCOUNT
25,18,1,0.14865110324424236,3,18,89143.09351679467,52713.56644994254,9,2,1,0,1,0,0.5156686760756716,1553.2111672069725,FUNNEL_ACCOUNT
24,15,2,0.09522597227090453,4,14,252331.0545966776,31526.558639254865,9,3,1,0,3,3,0.10008749586278332,6775.530388701841,FUNNEL_ACCOUNT
22,12,3,0.21601211397368664,2,24,201067.1525123868,22225.286688803997,15,1,0,1,2,0,0.22248411338623275,8649.588662644546,FUNNEL_ACCOUNT
22,13,2,0.2868666973291403,4,25,172227.60901872002,76096.366306717,8,3,0,1,0,1,0.16782968064119885,7711.236631021761,FUNNEL_ACCOUNT
17,8,1,0.14179774043693177,1,17,165969.7856743766,27523.52156312054,16,4,1,0,1,2,0.2258594065618873,855.7925164008544,FUNNEL_ACCOUNT
9,15,4,0.08086431820518214,8,10,287421.04499741516,62391.42402724694,15,4,0,2,1,3,0.8081236191579974,740.8550522339649,FUNNEL_ACCOUNT
21,8,1,0.14116703879489917,4,8,117012.38134245205,27029.349256007554,10,1,0,0,0,3,0.10661708991031649,7183.100731741277,FUNNEL_ACCOUNT
11,15,1,0.2600795738879256,4,15,276717.87627276464,70732.55598738816,13,2,1,2,2,2,0.9401231867205991,2673.712003169176,FUNNEL_ACCOUNT
14,17,3,0.24793672914852066,2,12,229414.23453907375,16417.737377301484,12,4,0,2,3,3,0.23535803782765308,9947.271308430169,FUNNEL_ACCOUNT
10,11,3,0.2068315276814014,8,11,279352.747293111,34288.76938688666,20,4,0,1,3,3,0.663781427536076,2977.357735203997,FUNNEL_ACCOUNT
25,17,2,0.28558181101769003,8,19,148286.22881743993,35048.3088243525,20,3,0,0,0,3,0.13624748840183898,732.7273542837349,FUNNEL_ACCOUNT
25,14,4,0.2898282170625023,5,12,81535.79608413714,67531.32439343887,13,3,0,1,1,3,0.6956102091068623,9830.793380297979,FUNNEL_ACCOUNT
22,11,3,0.2533118860090022,2,24,286889.7070879489,69156.17832782943,9,2,0,0,2,3,0.0737995834296804,1168.925337775317,FUNNEL_ACCOUNT
14,9,1,0.1380131341991448,8,16,173447.5573082809,71672.59984310839,16,1,0,2,3,3,0.12785671052815129,6901.611021575283,FUNNEL_ACCOUNT
24,16,2,0.27333301969420915,6,8,237663.225609085,44470.19636290242,14,2,0,2,1,1,0.9878258337961263,7834.950792919786,FUNNEL_ACCOUNT
21,17,2,0.1731833239755291,1,14,153456.7781679643,39683.10801380058,13,1,0,0,3,2,0.7645770543543134,7057.640135020152,FUNNEL_ACCOUNT
13,14,2,0.18144098243339463,1,16,261414.90314169938,17406.187841454004,17,3,0,2,1,3,0.8050432686076608,9159.338548527212,FUNNEL_ACCOUNT
11,9,3,0.25229380856186534,6,15,156521.42066043604,6823.113451711719,11,1,0,2,3,3,0.5072956242633284,8785.02774412893,FUNNEL_ACCOUNT
9,10,3,0.2069680045660821,1,12,288632.42452996504,76528.70589981633,8,3,1,2,1,3,0.5306466481008321,9326.17731982934,FUNNEL_ACCOUNT
23,15,2,0.23872646391527386,6,14,294186.4693329945,68953.61921500546,17,3,1,0,0,1,0.6224887618383387,3774.6550831943186,FUNNEL_ACCOUNT
14,19,4,0.11265188330029072,2,19,265711.3057208968,12805.471366314254,14,4,0,1,1,3,0.9631753260077346,4832.471259777022,FUNNEL_ACCOUNT
12,17,2,0.21822129529419648,2,25,105792.9071812864,73183.46241781142,10,4,1,1,1,0,0.7431154098192824,5327.5531280379055,FUNNEL_ACCOUNT
12,8,1,0.21578020005540255,8,8,84431.6857769526,40247.02168258892,16,3,1,1,2,2,0.1493458985082209,525.3590642168682,FUNNEL_ACCOUNT
8,8,3,0.2747004061771042,7,9,204610.85793296728,56647.669377419814,16,1,1,0,1,2,0.3534824500383207,1368.0568933643149,FUNNEL_ACCOUNT
24,11,1,0.23518567173906568,2,14,220700.71239461278,70786.64937202346,18,3,1,0,1,1,0.32223879574452585,1958.6369923152856,FUNNEL_ACCOUNT
21,20,4,0.2146875885487462,3,25,52312.435300516394,20475.59827089015,15,3,0,2,0,3,0.7094642176955587,2600.578570199719,FUNNEL_ACCOUNT
17,20,3,0.20151018773051535,4,11,172450.35992416885,27449.277607370877,13,1,1,2,3,0,0.030627635760413385,5692.657401638074,FUNNEL_ACCOUNT
11,13,2,0.23583662251317244,2,19,224078.5337288765,14986.93406246169,10,2,1,2,3,0,0.7308078908833683,7841.9451963443225,FUNNEL_ACCOUNT
18,19,2,0.21107916519127135,3,9,71734.90471357753,73597.6583489843,20,1,1,2,0,2,0.49694400277032313,4343.622950139563,FUNNEL_ACCOUNT
25,17,1,0.29326137253903717,6,8,250585.41354240762,45023.50711686203,12,3,0,1,0,1,0.08245602982620959,4728.850939314242,FUNNEL_ACCOUNT
17,18,3,0.211176599066272,8,13,234113.0569455244,31446.832658833384,8,3,0,2,1,2,0.9572783388385041,3620.5293991895824,FUNNEL_ACCOUNT
22,12,3,0.24875194513019955,1,11,50140.586028792466,47749.03162135145,9,4,0,0,2,2,0.4677358896410253,9729.87579819979,FUNNEL_ACCOUNT
20,8,1,0.28139092306110214,0,14,158155.73983035743,61125.00015851928,12,4,0,0,1,3,0.7093199083334796,6153.5705989606395,FUNNEL_ACCOUNT
23,17,2,0.1826393085951295,8,18,283760.31787812454,73427.4003560538,19,4,1,0,0,1,0.7305226239346082,5936.327135122049,FUNNEL_ACCOUNT
15,17,4,0.1671036585663918,8,15,211262.46937377905,40269.79753964315,8,1,1,2,3,0,0.5460982156766064,7786.396864450911,FUNNEL_ACCOUNT
13,19,4,0.10979629892730938,4,18,124429.55443373368,38894.343765645055,12,2,1,0,0,3,0.4029919920975744,9103.453277567178,FUNNEL_ACCOUNT
21,13,3,0.1790966821582935,0,15,132466.41683697648,54949.48654597006,18,4,0,2,2,0,0.46206123987119607,6256.715712609934,FUNNEL_ACCOUNT
14,13,1,0.22122209785738572,3,8,146976.05033194312,16754.16474153039,15,2,1,2,0,3,0.46569173006193,4185.329965444167,FUNNEL_ACCOUNT
12,18,4,0.14931342261303093,5,13,128390.49341968399,55322.88173824653,15,2,1,0,2,0,0.7280454128033448,2629.979024279746,FUNNEL_ACCOUNT
18,8,2,0.23627945422027763,2,18,223715.17503910617,79002.09083517856,13,3,0,1,3,3,0.07483657667055121,4526.868723526604,FUNNEL_ACCOUNT
13,9,2,0.28397774059912434,1,10,169402.2720251247,59931.428705803,18,2,1,2,2,3,0.7991954191895421,1555.9921918565594,FUNNEL_ACCOUNT
25,19,3,0.13463312333571364,6,8,142429.20637846368,65845.88855853924,12,3,0,2,0,2,0.3862032912376494,3191.192235669793,FUNNEL_ACCOUNT
21,11,1,0.13782764888735355,6,21,179887.14720670733,57071.06903670184,8,1,1,2,2,1,0.23208681230370698,1800.5353855900976,FUNNEL_ACCOUNT
20,9,4,0.2501169643790146,2,9,55939.246933324124,59097.65861954636,14,4,0,0,3,2,0.9488975579824946,6927.0785653736875,FUNNEL_ACCOUNT
20,10,1,0.20127126457387023,0,14,238727.29816708283,66342.31867150083,18,2,0,1,3,3,0.8940467846661044,9167.46266624182,FUNNEL_ACCOUNT
9,8,2,0.27458132201410734,6,24,161117.8598340557,25979.62043164171,11,4,0,0,3,0,0.15961541364592546,9236.620560065498,FUNNEL_ACCOUNT
24,19,1,0.2911968597576995,8,13,275384.19308352517,24401.46912780996,14,1,0,0,3,1,0.15072589485927979,7083.210660310247,FUNNEL_ACCOUNT
22,10,3,0.2816994909915724,2,18,165257.98443242704,38978.64264442341,10,3,1,2,0,3,0.8861165257566785,9532.674636841262,FUNNEL_ACCOUNT
21,9,2,0.27907401289985156,8,24,288373.9443892235,16486.488326875053,16,4,1,1,3,3,0.45814820211705687,8741.509128377947,FUNNEL_ACCOUNT
23,9,4,0.0873205859484639,2,20,185687.18641122998,5793.084946404293,19,4,1,1,0,3,0.026845790455563345,3745.2011545063083,FUNNEL_ACCOUNT
16,10,3,0.13240892586302722,6,19,70801.46006952022,34918.217542657585,18,3,0,0,3,1,0.8975669899822076,8861.114193908137,FUNNEL_ACCOUNT
19,10,1,0.1854984528036016,8,11,167823.90405798372,26392.39388977093,19,1,0,1,0,3,0.4858988737480535,9034.914754154766,FUNNEL_ACCOUNT
10,9,1,0.2838020394914522,8,8,62749.069957513435,12960.143962704846,8,4,0,2,2,3,0.08323749653764734,1010.2314212282683,FUNNEL_ACCOUNT
13,17,4,0.16018436475830353,5,23,218609.72473922887,54046.46035113064,12,4,0,2,1,1,0.03277210952273302,613.574202378793,FUNNEL_ACCOUNT
16,18,2,0.09235439301939118,6,10,78251.44929666429,63392.02313803064,14,3,1,0,2,1,0.383577850931187,6942.9125671412085,FUNNEL_ACCOUNT
22,14,1,0.2435793117339396,5,20,259370.66623977292,29017.297668478473,20,1,0,1,3,3,0.7415586007641903,7828.740637317246,FUNNEL_ACCOUNT
18,16,4,0.11760139556462407,0,9,161052.18018496744,24914.99755384457,18,3,0,1,2,0,0.5155080561214094,2508.669421687905,FUNNEL_ACCOUNT
9,19,3,0.2561497839723224,6,10,152589.61781380326,36821.81654334124,16,3,0,1,0,0,0.9013622039300203,1360.0271274820502,FUNNEL_ACCOUNT
25,8,1,0.27464494313570303,1,12,116174.3062638925,30962.403947226496,18,4,0,0,3,1,0.6508343910798301,7085.2097340035825,FUNNEL_ACCOUNT
17,15,3,0.21394705087204025,5,25,126261.77442557446,5368.989982467558,12,4,1,2,0,1,0.9683855627792903,8611.719088313082,FUNNEL_ACCOUNT
25,8,3,0.1557101638327102,1,12,155955.81949877407,69820.43616999287,17,2,0,1,3,0,0.4580112038788313,5240.8466874921,FUNNEL_ACCOUNT
10,11,3,0.08093970720038016,7,12,153987.21321433963,71789.08257760436,19,2,1,1,2,2,0.8834776539498499,7705.671122682498,FUNNEL_ACCOUNT
12,12,3,0.2532777135432758,6,23,155483.08066794078,64124.28349391357,17,2,0,1,3,1,0.515932489952524,758.5459430020986,FUNNEL_ACCOUNT
16,16,1,0.27060557536435137,1,15,58780.80377601023,57991.4759828912,9,4,0,0,3,0,0.6572308720565258,3685.234798686554,FUNNEL_ACCOUNT
19,14,2,0.26954703445567146,0,11,102426.73036382784,57389.63794764293,10,1,0,2,3,1,0.2842688135672471,4837.398493930296,FUNNEL_ACCOUNT
24,14,4,0.1309622946217706,7,21,69976.21827364959,74756.92288692425,13,3,0,1,2,2,0.6225828965139842,5351.24213731011,FUNNEL_ACCOUNT
20,17,3,0.11863268597504875,2,24,162251.8812928876,7700.250965546014,10,3,1,1,0,2,0.8341811072251627,6327.8011909785455,FUNNEL_ACCOUNT
14,14,4,0.19504994344730175,3,17,282366.8578131107,61172.90631711306,10,4,1,0,1,1,0.7457921516846274,9220.659596169891,FUNNEL_ACCOUNT
16,15,1,0.29044935959237456,5,8,216459.5204162299,22066.699168018447,14,2,0,0,0,3,0.44883580923853905,2651.7186045351427,FUNNEL_ACCOUNT
18,16,3,0.23525815344216278,5,23,285379.57505477057,63196.18485622974,11,1,0,1,3,0,0.05593466948486514,3640.6207496164184,FUNNEL_ACCOUNT
12,13,3,0.1543052535047965,2,21,295275.99770361045,64682.28454694235,16,2,1,2,1,2,0.041758818651006946,7404.798416227899,FUNNEL_ACCOUNT
24,14,3,0.16362499992488974,1,8,178724.81657416222,74557.40893135416,12,3,1,2,2,3,0.8694450232753416,4872.229894340361,FUNNEL_ACCOUNT
22,8,1,0.2250318015127129,3,21,219347.55186542892,24632.77921454055,10,2,1,2,2,2,0.5346590464207898,9221.187949552997,FUNNEL_ACCOUNT
15,11,1,0.23263799880305092,4,15,72779.35271550927,61940.509775236926,19,4,1,0,0,0,0.12877352494042116,7324.9026495843045,FUNNEL_ACCOUNT
22,12,2,0.15173702410469977,6,22,208971.9870238323,38738.883859106616,8,2,0,2,0,0,0.36597531898773816,2575.366839496102,FUNNEL_ACCOUNT
18,17,3,0.2947777691552475,5,8,274137.7321044696,22999.28696173928,13,3,1,2,2,2,0.9607143662470387,3735.9527155703804,FUNNEL_ACCOUNT
19,10,1,0.2873289270675839,1,24,243710.5092393373,10572.94323725118,18,2,0,2,2,1,0.6896788054178851,1744.323853560918,FUNNEL_ACCOUNT
12,15,4,0.24830752802678535,2,16,56430.15934692856,59798.833154855405,15,2,1,1,1,0,0.803831020031195,883.4217898560601,FUNNEL_ACCOUNT
21,11,3,0.22167686435438116,5,8,72563.54536121232,64791.26899496624,17,3,1,1,0,1,0.5827495470663533,9987.349170018622,FUNNEL_ACCOUNT
15,10,3,0.14654708347812284,2,8,288702.9583873895,63629.63634385911,9,1,0,1,3,2,0.0885406295679172,8104.533882092838,FUNNEL_ACCOUNT
21,9,2,0.18858513975611074,3,17,242000.8195871436,16305.298111915532,10,1,0,0,3,1,0.8924937804168516,4561.430194938293,FUNNEL_ACCOUNT
9,16,1,0.2072470501330953,3,21,89445.82154649479,13776.291175466919,12,3,1,2,0,1,0.6180690640631504,9532.485818283614,FUNNEL_ACCOUNT
21,18,4,0.18759234273317152,0,17,277820.91141539277,11380.710384628834,19,1,1,2,1,0,0.44226866184995317,1940.2424448601407,FUNNEL_ACCOUNT
13,8,2,0.13993478409641075,1,16,157464.3321853428,76861.22228936818,17,3,0,1,0,0,0.23917774649096246,2456.4704069968666,FUNNEL_ACCOUNT
14,9,4,0.08574144619520435,6,14,289920.2559934738,42787.13814621193,18,4,0,1,3,1,0.22609365042479024,8342.341017608203,FUNNEL_ACCOUNT
22,8,1,0.15598139651594872,0,16,149303.27848795586,50344.703781733886,14,4,0,2,3,1,0.060426953617673695,4289.905117911399,FUNNEL_ACCOUNT
21,11,2,0.12017325079116656,0,17,249770.35886167764,35466.56083556557,11,1,0,0,3,0,0.2743482638594833,961.2835967139446,FUNNEL_ACCOUNT
18,16,2,0.23089728327276887,8,25,139017.6805041078,79920.21203242248,13,3,1,1,0,3,0.18650414900586476,5483.689789352722,FUNNEL_ACCOUNT
25,19,4,0.12299945315125163,6,14,182972.27028197414,7440.617005209031,10,2,0,0,3,3,0.5426609781443604,9134.31870534138,FUNNEL_ACCOUNT
10,10,1,0.16807144142804062,8,11,136301.79779652774,17649.27177229192,15,3,1,2,3,2,0.09826492065857961,2693.4386690362603,FUNNEL_ACCOUNT
17,19,2,0.23467046024973554,4,10,184753.7345834247,13869.70596498482,9,4,1,1,0,2,0.43941237910287534,5668.47621702424,FUNNEL_ACCOUNT
16,10,4,0.19017077083402023,6,15,281224.8383635535,75731.3972220837,14,3,1,1,2,2,0.37908384182563093,3831.0244913606757,FUNNEL_ACCOUNT
15,8,1,0.10039748349945402,4,21,88046.93836074884,63157.72348074381,18,2,1,1,2,3,0.7879292773007702,772.2910164612057,FUNNEL_ACCOUNT
18,18,4,0.08472473647866295,7,14,245223.1129931956,50341.94967164848,12,1,1,2,1,2,0.6581201984443035,8810.163255973686,FUNNEL_ACCOUNT
23,15,1,0.08343106099982571,5,21,281988.13865038095,29803.968544599516,10,4,0,0,2,2,0.561972918152885,2293.7846539933107,FUNNEL_ACCOUNT
23,19,3,0.26584298667108347,2,12,92139.01702405837,5581.430811749267,15,3,1,2,2,2,0.13818817463000754,1303.163426512704,FUNNEL_ACCOUNT
21,19,2,0.20117661737017073,1,13,277361.70651816373,43579.02676204559,14,3,1,2,2,1,0.23423489416423815,6904.500012223859,FUNNEL_ACCOUNT
15,8,3,0.27227049261179703,0,17,72465.54698581039,74075.12593261189,16,3,0,2,2,2,0.44847160134491093,9544.368413921267,FUNNEL_ACCOUNT
23,17,1,0.22509984557171248,3,9,271315.0827693035,33376.78358364041,10,4,0,1,1,3,0.7129417982637885,8664.730059736537,FUNNEL_ACCOUNT
23,19,1,0.10551857976277179,1,21,125174.19184190163,35099.656390656775,9,1,1,0,2,0,0.9323599690313107,9392.082642907471,FUNNEL_ACCOUNT
24,16,3,0.2934150021992521,1,13,299997.21482696384,55182.9027102437,11,4,1,1,1,2,0.8731628054254701,5149.990968573198,FUNNEL_ACCOUNT
10,20,1,0.20113230640560897,7,13,151544.73312771105,47881.34387038043,20,2,0,1,1,1,0.3343343133585265,1400.6645194428356,FUNNEL_ACCOUNT
24,10,1,0.2490779116585956,6,8,220716.399313927,60876.78037903451,8,2,0,2,2,3,0.06317731298407303,3420.6691780973583,FUNNEL_ACCOUNT
9,17,2,0.14005173348645528,0,16,218096.63306035916,56867.3400032487,17,2,1,2,3,1,0.1642213690026436,5237.749648132997,FUNNEL_ACCOUNT
21,15,4,0.15929913706284748,6,16,175536.27994463383,38506.142719426556,9,2,1,2,2,2,0.39496758816139454,4695.59689809159,FUNNEL_ACCOUNT
15,8,2,0.10750161428700733,0,20,136328.3167999806,76477.27604568291,18,3,0,0,0,1,0.43746330570406156,2205.7367024825376,FUNNEL_ACCOUNT
12,12,4,0.16793665516241607,0,23,81286.09497584031,58106.76538831367,13,1,0,1,0,3,0.5149404506596146,1893.0593330361926,FUNNEL_ACCOUNT
14,12,2,0.11287867722819629,0,19,89835.21791795372,75985.13921952515,19,4,1,2,1,1,0.13600300619428551,4627.517373786923,FUNNEL_ACCOUNT
9,8,3,0.11136648374867145,3,14,101103.49085752587,38432.815602686554,12,1,0,0,1,1,0.7174607475961379,8333.245253449802,FUNNEL_ACCOUNT
25,18,1,0.1392640850115031,3,15,198110.4502897054,65071.00942220393,15,1,1,1,3,0,0.12788264721667286,6633.862172255102,FUNNEL_ACCOUNT
12,9,3,0.18768287276067816,6,25,165891.85822889965,55153.7916198421,20,2,1,2,2,2,0.30245173519780044,8403.98825009188,FUNNEL_ACCOUNT
25,11,1,0.12860865185194206,2,22,278426.3259103334,55770.38929171686,17,4,1,2,1,2,0.7258277085539212,1761.471763243107,FUNNEL_ACCOUNT
12,13,1,0.16714696553275443,5,21,209474.11893139483,62555.985471321386,19,4,1,1,2,0,0.6809353357922141,7411.100151267705,FUNNEL_ACCOUNT
8,11,3,0.12074366903522835,4,12,92224.08151757705,12737.252856746883,15,4,1,0,1,2,0.724159029242678,1345.7557369804854,FUNNEL_ACCOUNT
19,13,3,0.17124679103273635,7,21,99596.59292266966,40244.76125363696,20,3,1,2,2,2,0.007222676285077667,5785.148798282302,FUNNEL_ACCOUNT
19,19,4,0.22449858169883846,1,22,92502.96381688418,59728.538843526556,11,2,1,2,3,1,0.6828962992348152,9743.249070596514,FUNNEL_ACCOUNT
24,14,4,0.2383994440245703,3,8,101968.17773610845,69414.3267046016,19,4,0,2,0,0,0.6032081470666566,3372.455129122715,FUNNEL_ACCOUNT
9,20,1,0.21188342588783837,7,23,123158.92896669274,75328.2505857741,9,4,1,2,2,2,0.09136571350949885,9921.336901128903,FUNNEL_ACCOUNT
15,16,4,0.2489849728405662,4,9,82691.98630223691,75753.8583721593,19,3,1,2,2,2,0.9141665808391388,8031.363200600269,FUNNEL_ACCOUNT
19,8,4,0.19178447134912385,5,14,148767.84152862174,61017.98351297348,16,1,1,0,1,3,0.2734389174395172,8245.23799872561,FUNNEL_ACCOUNT
18,10,1,0.1210662321780212,6,11,147218.97362208663,66690.84100153361,18,3,0,1,1,2,0.25113531595758865,4354.153563463791,FUNNEL_ACCOUNT
23,14,3,0.17708514258835484,0,22,214268.3571980848,71100.55905687729,14,1,1,1,0,2,0.5874054789720548,1056.6831790909669,FUNNEL_ACCOUNT
9,8,3,0.10697710565513605,5,24,103714.32605511512,32960.51416416958,17,2,1,1,3,0,0.6384736192452085,9077.93780840106,FUNNEL_ACCOUNT
11,8,1,0.12055907955933194,0,17,264037.6557888421,12100.767249115808,20,3,0,0,2,3,0.19302287541194585,5427.253593577714,FUNNEL_ACCOUNT
11,18,2,0.26332912284370075,1,21,70370.97979647353,37482.461889248356,16,4,0,1,2,0,0.8770871859508875,3692.4079444090594,FUNNEL_ACCOUNT
11,17,4,0.0984204586879433,0,15,68556.44353182273,19603.49500893533,11,2,0,2,2,0,0.49039570181376524,9161.894475437326,FUNNEL_ACCOUNT
12,19,4,0.13607505559174926,4,8,76554.19906283407,56787.94632748092,14,4,0,1,3,2,0.5221502971326658,3813.187339610533,FUNNEL_ACCOUNT
11,9,4,0.09057458313496206,0,10,274804.3494698383,55041.9069434692,16,1,1,0,3,2,0.4903866326345073,1386.3728016329862,FUNNEL_ACCOUNT
23,17,2,0.09310487608926017,3,12,247678.21074368234,66199.55889661793,11,1,0,0,2,2,0.5837165107936906,7582.629686785491,FUNNEL_ACCOUNT
17,13,1,0.15563158300460134,8,10,238633.59475313345,68191.13180999775,9,2,1,2,0,3,0.8601779531506667,959.8216540025319,FUNNEL_ACCOUNT
23,9,3,0.08839103219641234,4,25,156213.02307382782,29426.246209225847,11,3,1,1,3,0,0.8764427791618954,7163.957809776655,FUNNEL_ACCOUNT
25,11,3,0.2057296920109501,6,9,85414.89617598911,78710.15098365747,15,3,0,1,1,3,0.2622757132387181,4284.560237868762,FUNNEL_ACCOUNT
10,17,3,0.1229552403828291,0,11,173842.26571579266,44332.72938080692,14,3,0,1,1,2,0.4541393548714845,7651.11825026629,FUNNEL_ACCOUNT
20,10,4,0.17578497455815342,6,14,117517.07905514851,75592.18142182787,12,2,0,2,3,3,0.08480235279321435,7706.272197568282,FUNNEL_ACCOUNT
12,11,1,0.2376956680887829,6,12,118379.10260876906,77076.79685377277,13,2,0,0,0,2,0.821859836092269,5223.783318270239,FUNNEL_ACCOUNT
9,13,2,0.08181603325684542,6,19,132614.48740813526,62565.65430443172,19,2,1,2,3,0,0.4526162011902988,1526.0046529670988,FUNNEL_ACCOUNT
11,8,1,0.2743021425032204,5,16,231384.36993398302,64462.27879135991,12,2,1,2,1,1,0.14942301159259208,7393.213255847769,FUNNEL_ACCOUNT
25,10,3,0.08992913385027265,4,12,156771.02381467837,44817.77568195337,9,1,0,1,1,3,0.8759508567636703,5076.277689051168,FUNNEL_ACCOUNT
22,16,4,0.2583690392058325,8,18,162914.62922916518,26168.057681788807,13,4,1,0,2,1,0.9734240800768129,3766.134548463712,FUNNEL_ACCOUNT
18,11,3,0.10568612333293151,4,22,188384.64771442537,29833.90274237606,16,2,0,1,2,2,0.747852021349068,1718.4844283331065,FUNNEL_ACCOUNT
20,19,1,0.19710091954671516,8,25,124807.01863943206,58007.69360529075,16,4,0,1,3,3,0.4728151145215941,4107.063618997307,FUNNEL_ACCOUNT
12,14,2,0.10096199262489929,0,9,227968.0864857098,75542.58217040422,15,3,1,2,1,0,0.3714177144850461,7625.621432355085,FUNNEL_ACCOUNT
16,11,2,0.09520805754464133,1,23,220881.28784912318,32181.84491253363,9,1,0,2,3,2,0.3525272213505751,4882.92773785398,FUNNEL_ACCOUNT
17,12,4,0.16014524670359823,7,25,253430.73560213382,58770.58689297497,19,3,0,0,0,1,0.7918234440176242,3374.1734448799693,FUNNEL_ACCOUNT
21,11,2,0.1880297256906696,1,17,288144.52238348324,20799.20754640529,17,1,0,1,1,3,0.6070044432217402,2564.828629309482,FUNNEL_ACCOUNT
24,11,4,0.20222662167199854,5,17,230764.27068282414,42227.71513602044,15,4,1,1,1,0,0.9805604466214535,7452.440425359519,FUNNEL_ACCOUNT
25,10,1,0.27040033633077015,6,13,80230.56049091455,67174.5157584164,20,2,0,0,3,3,0.962355037905638,1822.8730562293167,FUNNEL_ACCOUNT
17,19,3,0.22164633519180482,8,21,215564.36523886427,7751.299869343977,17,2,1,1,1,1,0.19756136723225948,605.3874389078333,FUNNEL_ACCOUNT
16,17,1,0.10474233145005304,0,24,295361.73392127,64875.313062032874,18,3,0,1,2,1,0.9984812761847057,5449.9856621625895,FUNNEL_ACCOUNT
15,20,4,0.1355324601955875,2,24,222324.35645678957,59495.85505093479,9,1,0,1,0,2,0.5591111757630209,7395.460057338231,FUNNEL_ACCOUNT
11,11,4,0.12255267530761502,8,20,94316.52368765537,34981.182214552144,13,4,0,2,1,3,0.5738082882367486,2374.6688794587753,FUNNEL_ACCOUNT
19,11,1,0.2911852833665883,5,25,94789.04871708344,63996.71418111148,20,3,0,1,0,3,0.2568386569501441,6158.345331946392,FUNNEL_ACCOUNT
18,12,1,0.14771989064121951,0,13,153174.53736778366,23833.568971263998,19,2,0,0,0,0,0.08199754524189107,6293.000806193733,FUNNEL_ACCOUNT
10,13,4,0.12931778428457247,0,8,203274.21936878236,47922.18855445649,14,4,1,1,3,0,0.31186617046032583,6473.985372612765,FUNNEL_ACCOUNT
9,13,4,0.20487504083289865,2,22,277792.8802428246,51533.74142060732,10,3,0,1,1,3,0.3055526481846048,6908.954163251703,FUNNEL_ACCOUNT
11,15,4,0.1252324257610521,5,13,51150.58909571966,77480.88470822493,19,4,1,1,0,0,0.11563151837356767,3688.6067608625985,FUNNEL_ACCOUNT
20,15,3,0.2624410029259204,8,14,117885.47501658663,42213.81670854633,14,3,0,0,2,3,0.20046655790331902,3794.304592602457,FUNNEL_ACCOUNT
16,17,3,0.293938330988408,6,10,260489.82372201444,65686.13887109424,13,3,1,1,2,3,0.6558226476715249,4178.8369354427105,FUNNEL_ACCOUNT
25,19,3,0.22942973526555982,5,24,128705.142957149,22024.30004720544,17,4,1,0,3,3,0.16965306252625423,6650.807984566847,FUNNEL_ACCOUNT
20,17,2,0.12103653102185893,5,11,200208.90418398168,27720.789709697216,11,4,0,1,1,1,0.19872166014758608,5569.940556085094,FUNNEL_ACCOUNT
16,8,3,0.10273914866220729,0,12,179131.32129322918,70201.19730362465,14,3,1,0,3,1,0.17667791106401276,9899.634694397277,FUNNEL_ACCOUNT
12,15,2,0.2608919380041501,3,23,133918.5837556334,15997.74527320242,12,1,1,1,0,1,0.21841052063379096,8642.561357770948,FUNNEL_ACCOUNT
24,12,4,0.1846708458995217,1,23,298961.24049287103,69728.15638474755,11,2,0,1,0,2,0.11498468661114691,3340.782152706053,FUNNEL_ACCOUNT
13,14,1,0.1208604871281668,3,22,265179.35121032846,40277.83919169762,8,4,0,1,0,2,0.6686814409300773,7801.073089931956,FUNNEL_ACCOUNT
12,11,4,0.1815785588009789,8,19,289988.36553128756,12684.053126657029,17,3,0,2,3,0,0.8626953677715464,5914.8607853277035,FUNNEL_ACCOUNT
19,9,1,0.2601073705703726,8,16,58953.155885670196,39130.15279604697,8,4,1,2,0,0,0.6279685035544973,7661.437484192798,FUNNEL_ACCOUNT
18,18,3,0.23182198292945727,7,8,205047.76710513272,40940.66436479023,12,3,0,1,2,3,0.21306673014804345,9332.117521968905,FUNNEL_ACCOUNT
24,12,3,0.2986463890878354,7,9,299128.8776368542,49071.77430518646,16,3,0,2,0,3,0.4924478884354667,5432.945430974731,FUNNEL_ACCOUNT
9,10,4,0.16384142803462892,0,15,277563.62379693927,31866.23363738106,8,2,0,1,0,0,0.7432171654820668,2010.0597065975144,FUNNEL_ACCOUNT
11,10,3,0.12730040416532723,3,25,55497.91248926187,14601.713270216014,13,1,1,0,1,3,0.20848037246161277,2051.8478024354727,FUNNEL_ACCOUNT
9,13,3,0.1967510676632426,0,22,160866.25374199293,66841.59525786348,11,3,0,1,0,0,0.5666154566221969,9145.452322015048,FUNNEL_ACCOUNT
14,20,2,0.17604997385289878,2,16,267018.3508781515,12384.995094189388,10,3,0,1,0,1,0.4860195155839595,8665.847207946084,FUNNEL_ACCOUNT
21,19,3,0.2658925307298668,7,16,146920.15331855806,55640.53468361901,19,4,1,1,0,1,0.05363760841533716,5376.369134913148,FUNNEL_ACCOUNT
15,13,1,0.17759633843012773,8,21,136667.44042905845,31422.25805744587,17,3,0,2,2,2,0.40722188138846593,3259.5678149921823,FUNNEL_ACCOUNT
23,15,3,0.16186285396198374,1,13,269845.99476314965,13810.397308054018,13,3,1,1,2,2,0.4470281285616692,8445.46066071277,FUNNEL_ACCOUNT
18,13,3,0.20043221833607636,4,17,165461.28037644213,24886.371449766484,17,4,1,2,0,0,0.4934598137596563,7251.601019559176,FUNNEL_ACCOUNT
22,14,4,0.13797162649999825,5,8,80981.22734993408,16614.847878701927,14,3,1,1,1,2,0.9016378822168126,9336.227555596693,FUNNEL_ACCOUNT
9,8,3,0.142241889173419,6,19,247576.4339599573,31489.415404748022,13,2,0,2,1,2,0.1032189689311116,9110.819483730525,FUNNEL_ACCOUNT
19,20,1,0.1463348862340504,1,10,239783.08461148173,8811.133071986833,8,4,1,2,3,3,0.4147612341416973,1012.7008991290761,FUNNEL_ACCOUNT
9,20,2,0.27147490110311484,5,21,211557.4465677454,6833.284262298843,8,3,1,2,1,1,0.39096904215207695,4145.297623634977,FUNNEL_ACCOUNT
14,18,2,0.23567526823110407,8,21,196858.8785129877,18870.57280707008,11,4,0,0,1,3,0.28503546899920396,813.2939286928408,FUNNEL_ACCOUNT
11,20,4,0.2500434623630141,8,21,236932.80011782455,25472.684435925294,14,2,0,2,2,2,0.9525915975803757,4773.049495648329,FUNNEL_ACCOUNT
17,12,1,0.13668457986326518,4,25,240406.36437927317,49945.32373944164,11,2,1,1,3,2,0.14889929985948436,8253.634631065805,FUNNEL_ACCOUNT
10,12,3,0.16448488667159109,5,14,112330.34486295926,65778.02385782998,20,3,1,1,1,2,0.3881703654414007,4735.70974026351,FUNNEL_ACCOUNT
20,14,1,0.29092209739552716,2,11,259945.5467222355,48240.3876156559,18,2,0,2,3,2,0.7656724151607643,6096.924146203019,FUNNEL_ACCOUNT
16,8,4,0.22860778135587034,2,10,172984.9530754937,27560.123562911947,11,4,0,1,1,1,0.4859703831896376,5800.972929959075,FUNNEL_ACCOUNT
8,8,3,0.15421131308945152,4,12,212914.63454132725,24585.37044328504,14,4,1,2,2,3,0.5024156897170321,5835.413377221771,FUNNEL_ACCOUNT
13,8,1,0.1442046531528504,6,10,160769.20339848846,39193.48209091957,18,4,1,1,2,1,0.8828103337534545,8096.543140004208,FUNNEL_ACCOUNT
18,16,3,0.09092565759683452,5,10,297222.72937658604,73433.08239372242,18,3,0,1,3,2,0.6273495115435251,2736.608111307635,FUNNEL_ACCOUNT
20,8,1,0.24206928358349394,7,23,140907.59633314103,14518.22359290283,8,1,0,1,1,1,0.2044552381930298,1409.9912570033698,FUNNEL_ACCOUNT
21,9,1,0.2563901023848727,4,14,61186.80520376422,75663.22334148739,13,2,0,1,1,3,0.0189455725497788,2211.808110310123,FUNNEL_ACCOUNT
18,20,2,0.2610833384184415,5,11,109801.69208054733,67577.9609130682,12,4,0,0,0,3,0.5497596605693845,4829.856647038882,FUNNEL_ACCOUNT
14,14,1,0.2789521991539066,2,19,154629.9855463857,15915.933689408028,13,1,1,1,2,3,0.8558937537911216,2167.5711989835327,FUNNEL_ACCOUNT
8,8,3,0.27875249329680046,6,21,60417.32249085967,48428.54749564474,16,4,1,2,0,1,0.4546946192087473,3483.811889372608,FUNNEL_ACCOUNT
15,20,2,0.08367356165142091,2,19,233518.99754770403,57564.71707653538,12,3,0,0,1,2,0.7994381323139429,2282.421458187112,FUNNEL_ACCOUNT
21,19,3,0.21817760873099912,0,18,193384.26296515358,15701.337114392296,19,1,0,0,1,2,0.17663757052976503,6992.339279637738,FUNNEL_ACCOUNT
15,11,4,0.12467819756321348,1,15,170498.483457916,62918.45379488794,8,3,0,0,1,1,0.2844331889700198,7859.549313543251,FUNNEL_ACCOUNT
12,9,4,0.0823592798580226,0,16,77829.78270000794,18795.212474284148,15,1,1,1,1,3,0.9290761459542313,813.5459801404268,FUNNEL_ACCOUNT
22,13,1,0.1580133133601205,3,11,291968.0965867307,63067.301416474074,15,2,0,1,2,3,0.5291861154767924,4813.12675846082,FUNNEL_ACCOUNT
14,14,3,0.22158829353678883,0,8,230670.6754490314,8237.028076708548,16,3,1,2,1,1,0.7174744505469504,1199.5426277607517,FUNNEL_ACCOUNT
20,13,1,0.20684084786035967,4,20,167243.46417558315,71055.21662982134,10,1,0,1,3,0,0.6639468334426207,8598.673048874149,FUNNEL_ACCOUNT
8,19,1,0.08580570189482756,2,15,196908.75755502481,10100.241446625772,14,1,0,0,3,0,0.1212810543262437,4643.045010932243,FUNNEL_ACCOUNT
24,15,4,0.26112173667556376,1,23,71156.70829551334,55326.8435161577,20,1,1,2,3,1,0.5273816661843896,3774.894765214128,FUNNEL_ACCOUNT
19,14,1,0.29790762164015533,2,13,138525.2912814183,66196.59239514475,10,1,1,1,0,3,0.44959814252168195,6539.529144915798,FUNNEL_ACCOUNT
16,20,4,0.22057167860891225,7,14,187749.18230384158,59811.71521153616,13,1,1,0,0,3,0.3569244377750206,4531.94946748218,FUNNEL_ACCOUNT
23,20,1,0.11903762561937381,7,12,260588.34917890604,50872.55354978903,20,1,1,2,2,1,0.5370469781398517,4042.015225983944,FUNNEL_ACCOUNT
9,11,1,0.13396945050525813,6,25,59901.388214783234,53104.5578010277,15,2,0,2,3,1,0.21081886715859854,2770.267180676134,FUNNEL_ACCOUNT
25,15,3,0.1856119870462997,7,11,189632.6313868977,35242.32215670325,9,2,1,2,1,0,0.13575145302879,6917.599515089952,FUNNEL_ACCOUNT
8,20,2,0.20488476591724886,7,16,143380.41737023325,61852.654168849935,18,4,0,0,3,3,0.5106832119189311,3688.6475019441673,FUNNEL_ACCOUNT
18,11,3,0.1344797170954864,7,10,173738.425507617,7374.319838573458,9,3,1,0,0,1,0.6693173296844074,2510.987649613542,FUNNEL_ACCOUNT
14,11,1,0.16952606289003036,4,20,294120.150813393,65493.994795263294,20,4,1,1,2,3,0.18645330430612295,6312.207534443807,FUNNEL_ACCOUNT
23,12,2,0.15673769445157887,4,12,76701.05518922333,44342.86188317255,9,1,0,0,0,0,0.2998419563912369,8652.020857665342,FUNNEL_ACCOUNT
14,16,3,0.25524641119402175,6,10,131237.691858112,42461.33765443249,9,1,0,2,1,2,0.44829817094751145,9555.813074477875,FUNNEL_ACCOUNT
18,12,4,0.2976113994105652,0,8,257632.23102412163,30626.195245822208,10,1,0,1,1,2,0.8321697633028586,3676.068884369873,FUNNEL_ACCOUNT
9,20,3,0.26330404746353747,2,16,230185.5799965395,8797.727125019157,15,1,0,1,1,2,0.22907388416077812,4156.750866314294,FUNNEL_ACCOUNT
10,19,2,0.08010011450036386,1,13,208276.99770535168,41570.33760358796,10,3,1,0,2,1,0.07455862507044198,6507.865158797628,FUNNEL_ACCOUNT
19,19,1,0.11090525428902723,5,18,132184.79325024562,37332.085462273506,17,1,1,0,1,1,0.6741113826413366,4630.130177174692,FUNNEL_ACCOUNT
13,10,1,0.25917678392437987,1,11,212602.46426452007,17002.42912607021,18,1,0,2,2,1,0.7377244591936013,3388.168548272273,FUNNEL_ACCOUNT
18,10,1,0.2792682421695842,4,13,77018.15860387794,27647.807871939345,19,1,1,2,1,0,0.28450976948977014,2099.880195526675,FUNNEL_ACCOUNT
12,15,2,0.28668903019907904,8,11,164265.5329535068,55101.85744256643,11,4,1,1,2,2,0.5437591304935727,7064.801206092494,FUNNEL_ACCOUNT
12,11,1,0.15904686338142507,1,25,271802.8399434767,22686.692042175524,20,2,0,0,0,1,0.06163631765084243,3489.1313827436807,FUNNEL_ACCOUNT
13,8,2,0.1488896393352549,0,16,184224.0859268454,38075.85593304124,10,2,0,1,3,0,0.6297319027982364,9991.184483568406,FUNNEL_ACCOUNT
25,19,4,0.1870948687934635,4,12,162205.32963106167,30353.098015381845,9,1,1,2,3,3,0.9099550282192667,3372.647333831976,FUNNEL_ACCOUNT
16,10,4,0.15619814607243782,3,10,198381.95252769036,41404.70765424286,14,2,1,0,2,3,0.8043269215123795,1806.907108234766,FUNNEL_ACCOUNT
13,20,4,0.20084174262881416,8,21,169526.01351708017,78784.91670131333,16,1,0,2,1,3,0.648104199705302,9717.340323111925,FUNNEL_ACCOUNT
13,18,1,0.22317614720804402,3,18,226777.2239960344,58993.614049830496,11,3,1,2,1,0,0.8206186449575689,7391.941097010855,FUNNEL_ACCOUNT
20,16,4,0.23495686434807017,0,21,109420.03344527265,75077.29486272749,10,1,1,2,2,3,0.1978197677600244,3791.779494528858,FUNNEL_ACCOUNT
14,19,1,0.24334912353775912,4,10,74066.85535206465,36010.28923401745,13,3,1,2,2,2,0.10082162317741272,8262.751121357254,FUNNEL_ACCOUNT
8,13,1,0.1353979426195831,1,23,270725.6963878479,72920.73295024924,11,4,0,1,1,3,0.7563098173996934,7474.2789510738785,FUNNEL_ACCOUNT
24,17,2,0.1577270500942876,7,17,235430.89494479893,68870.68540740423,18,4,0,0,0,1,0.5159544876231127,4692.808990178393,FUNNEL_ACCOUNT
14,11,1,0.27748643475437723,2,25,90493.48081273779,23055.33583490448,16,4,1,0,0,0,0.3058132127398664,8491.995629390538,FUNNEL_ACCOUNT
10,18,1,0.2818929592504883,4,12,126137.88559251041,57981.64407880628,9,2,0,0,3,2,0.5471416484701264,4036.1188076064127,FUNNEL_ACCOUNT
23,8,2,0.2262427747863458,2,8,211056.80784469063,54821.86788445835,12,2,1,2,3,1,0.1837167647442839,1110.1932538651972,FUNNEL_ACCOUNT
11,11,1,0.13157084043301784,4,19,192806.17479879683,14986.849341909468,13,4,0,1,3,0,0.06563577809920096,6475.558633184519,FUNNEL_ACCOUNT
25,17,4,0.23736915157601007,3,22,169030.2460185251,37846.57965478936,15,4,0,1,3,0,0.7107728684152261,8107.006164346565,FUNNEL_ACCOUNT
9,12,4,0.1294614267985796,7,16,196732.1724685145,28931.384836276575,13,1,0,2,1,3,0.6432230519940038,8098.872803352778,FUNNEL_ACCOUNT
11,13,4,0.257068720982817,7,24,276793.16544668353,12953.23016153539,13,2,0,1,3,2,0.7279143309394701,880.4759372455104,FUNNEL_ACCOUNT
16,8,4,0.13013883153828726,2,18,52108.29105278948,78284.08642925846,14,4,0,0,1,3,0.08115018661522944,5853.6377065174365,FUNNEL_ACCOUNT
16,12,1,0.1790386295836109,3,24,164008.1313773693,57390.77227247094,19,4,1,2,2,2,0.7557616250145844,6900.812149318307,FUNNEL_ACCOUNT
17,15,1,0.2971766780872267,2,13,76412.50321284425,38269.48212481719,12,4,0,2,0,2,0.02166414088777069,7682.918465705427,FUNNEL_ACCOUNT
16,10,4,0.10773825339458884,4,17,64823.52930252276,24407.088996628834,12,4,1,1,3,0,0.5218166591110714,2942.56551962229,FUNNEL_ACCOUNT
17,11,1,0.18198778177604275,0,12,214851.75569196153,62950.835971224085,12,4,0,0,2,3,0.7765580940768584,7082.912364676765,FUNNEL_ACCOUNT
13,12,4,0.08491287441665063,0,24,282272.8185633109,56006.534057659635,9,1,0,1,3,1,0.2611217901404448,8494.068268308776,FUNNEL_ACCOUNT
10,15,1,0.08474626849636963,4,16,117702.95686611987,59662.79378694066,11,4,1,1,0,0,0.1660511155703397,3988.435522835217,FUNNEL_ACCOUNT
14,9,1,0.2607561863514972,7,16,78385.66078221913,67697.54539438922,9,1,1,0,2,0,0.8753392148718506,6881.662115238161,FUNNEL_ACCOUNT
17,12,2,0.2222803748414965,0,21,213496.45887749802,75967.3754373625,20,4,0,0,2,1,0.1765362104429854,9788.822627898453,FUNNEL_ACCOUNT
10,16,3,0.267224070444307,2,18,159647.08172378814,63048.42505422973,13,2,1,2,2,2,0.7345582406347175,4424.327433295613,FUNNEL_ACCOUNT
14,13,3,0.21049561255125526,2,19,223416.11013981362,76175.46256799051,16,1,1,2,2,0,0.18297242223525234,2319.2867507702176,FUNNEL_ACCOUNT
17,10,3,0.11978350402198526,0,23,170605.91625629365,26395.5671220673,15,4,1,2,0,3,0.8082952142642332,3926.765922180167,FUNNEL_ACCOUNT
12,19,4,0.1601139771742376,3,19,174209.77179452224,49526.95691652778,20,2,1,0,3,1,0.39017461462059155,5690.1986384891525,FUNNEL_ACCOUNT
14,17,4,0.08957515329396401,6,21,85333.86223466556,52417.4889232068,8,2,0,1,1,2,0.2532811746733351,9788.748285659878,FUNNEL_ACCOUNT
19,8,2,0.24489426262443842,2,17,286933.8278983488,75337.32169562289,11,3,1,0,0,3,0.773851477032689,2567.262889825658,FUNNEL_ACCOUNT
19,19,3,0.26539915189454055,3,24,162156.34034040672,19478.424969491254,9,2,1,2,2,2,0.9264560624840738,3409.794969429977,FUNNEL_ACCOUNT
12,15,4,0.10251964883183937,2,21,241611.38993932714,25757.96703537593,12,1,1,0,1,1,0.5997013074531468,2482.351204338026,FUNNEL_ACCOUNT
12,19,2,0.19701733975157792,5,13,243736.23030232155,26896.520450247976,8,4,0,2,0,0,0.9648239092223958,3827.0426695214405,FUNNEL_ACCOUNT
16,11,2,0.2603823050895724,8,22,228862.89291170595,44002.22142975216,11,2,1,1,1,1,0.6249501795336287,3524.2829556950405,FUNNEL_ACCOUNT
16,11,3,0.28982705205133397,2,24,292812.6703762893,74483.35869125041,14,4,0,1,0,3,0.4410226103409405,2068.7733377759623,FUNNEL_ACCOUNT
19,8,4,0.21699329350970942,5,15,262497.75556773244,72841.9190800201,15,4,0,2,1,0,0.5561137829212547,2608.8226533535967,FUNNEL_ACCOUNT
8,16,2,0.17063447549718874,3,8,168017.20811192563,17961.61414730503,8,1,0,0,3,2,0.6065371978201057,8379.836324629614,FUNNEL_ACCOUNT
14,9,3,0.2583520322781048,1,24,286519.05795704504,13624.085109817244,19,4,0,0,2,3,0.7724257337883311,1748.346416119363,FUNNEL_ACCOUNT
8,10,3,0.10678808740004683,2,15,160925.46119026258,51895.50858713291,8,1,0,1,0,2,0.9389589955437003,4916.141142652124,FUNNEL_ACCOUNT
22,10,2,0.16598183908094707,7,17,81984.01526606274,18348.604646532807,18,4,1,2,0,2,0.33525797756831444,3318.42199621218,FUNNEL_ACCOUNT
20,10,1,0.18713866630854595,1,20,282266.72279815027,50358.06041387057,12,2,1,2,2,0,0.68197900767945,7043.360635361658,FUNNEL_ACCOUNT
10,8,4,0.2220384706439837,6,21,294584.2724829753,26727.268183390137,15,2,1,2,2,2,0.4465186392570516,6395.64493832048,FUNNEL_ACCOUNT
11,14,3,0.15840230471397557,7,24,295544.15465676744,78992.45999930345,10,3,0,0,1,2,0.5749910042640649,8848.738480458765,FUNNEL_ACCOUNT
21,19,2,0.246507364891755,0,15,167405.7385936923,20625.7098338939,18,2,1,0,3,2,0.39391224672174585,6009.097402506509,FUNNEL_ACCOUNT
19,20,1,0.1608302406334003,6,12,95407.17292655114,63169.48398297278,19,3,0,0,2,3,0.65973172713777,8693.965822257242,FUNNEL_ACCOUNT
16,9,2,0.26079915821635696,0,20,81252.46723798438,43668.70682119054,13,2,1,2,0,1,0.030826152877394986,9067.804464290959,FUNNEL_ACCOUNT
11,12,2,0.13445452266792574,7,22,245983.51843241334,59994.17330580937,8,1,0,1,0,0,0.4987196719076913,9417.092893903022,FUNNEL_ACCOUNT
19,15,4,0.25599796076291176,4,8,113741.67459502004,33099.222201857745,19,3,0,2,3,3,0.1864585494621569,1253.6898226453418,FUNNEL_ACCOUNT
24,16,4,0.11808661037697099,4,14,221512.34591743618,17901.88920618468,19,3,0,1,2,1,0.6277673249208915,2881.579198195465,FUNNEL_ACCOUNT
8,12,3,0.2885765607097774,8,16,154977.3757408919,74274.58725594095,20,3,0,0,3,0,0.21162179754052823,9713.473475104689,FUNNEL_ACCOUNT
10,9,4,0.23083688378434175,4,17,213226.98705023454,41866.26269703274,13,4,0,1,2,3,0.5480562641404307,8459.337094362048,FUNNEL_ACCOUNT
21,12,3,0.27370203517782804,6,13,140939.19407953144,26563.859417974752,9,4,1,0,0,2,0.8498682054933954,1826.944027603398,FUNNEL_ACCOUNT
19,19,1,0.17111389797844334,8,13,245909.08415510983,22411.965306115206,17,4,0,0,0,3,0.07700498913928144,7148.400003188104,FUNNEL_ACCOUNT
10,16,2,0.2999614142229224,6,15,274209.4391565396,13137.066618602792,11,1,0,0,1,0,0.2569431308446206,1028.292263618232,FUNNEL_ACCOUNT
20,9,3,0.09646034077425021,6,14,284100.6607803545,30983.158008096405,14,4,1,1,2,1,0.6965295544978206,3877.0519454632486,FUNNEL_ACCOUNT
15,18,2,0.25773479122678755,8,25,227647.7096327128,60841.229969932625,19,3,1,1,3,3,0.9138673738958542,4604.248685740527,FUNNEL_ACCOUNT
17,18,4,0.17259912770099836,8,13,148333.59122594376,71399.39882830005,17,2,0,2,3,1,0.26373698458605677,4533.3980945913445,FUNNEL_ACCOUNT
23,9,1,0.22952856803728483,5,18,259171.09774244644,19090.453390046852,19,2,1,1,0,0,0.8126529446074793,537.283716690567,FUNNEL_ACCOUNT
17,19,3,0.17175593414528778,1,13,73462.62036019203,30243.627703761438,10,1,0,2,2,2,0.7310096829869577,4135.562703977955,FUNNEL_ACCOUNT
16,8,2,0.09180393518138749,3,23,286099.9302102756,49647.5158017413,13,3,0,1,1,2,0.24058235193488453,5615.369948504603,FUNNEL_ACCOUNT
14,19,2,0.28716541380063587,2,24,56110.87333357682,24874.865526238318,8,4,1,0,3,2,0.36907257150473183,7719.685428367905,FUNNEL_ACCOUNT
15,15,4,0.15801177870849115,0,16,66217.89752984614,14545.53453837323,15,4,1,2,1,1,0.7564908926922616,5145.150024516833,FUNNEL_ACCOUNT
14,20,2,0.21358762382400265,4,13,258067.19202331436,77128.966302969,15,1,1,1,3,0,0.3395856387266164,6991.742315494267,FUNNEL_ACCOUNT
22,15,2,0.12734804477593517,4,10,105261.82325542386,73921.91159273803,10,1,1,0,3,2,0.5042465193639365,8970.566784860224,FUNNEL_ACCOUNT
13,8,4,0.2684024833422736,3,18,61464.538059859115,58785.60662797063,17,1,1,0,0,0,0.42142241403767833,6896.734686763914,FUNNEL_ACCOUNT
8,18,1,0.1819454797985799,3,12,149493.36520918296,42516.941077435295,10,4,1,2,0,2,0.14735417929522776,7055.172310929002,FUNNEL_ACCOUNT
9,8,1,0.20936034746129245,8,9,102926.59929792634,78160.21982981486,18,4,0,2,1,1,0.5404070224658388,4035.2634606618412,FUNNEL_ACCOUNT
22,18,1,0.1330924295160538,7,16,209430.5917929823,21516.44921888252,20,4,1,0,3,1,0.5527399827396129,3436.1288149454185,FUNNEL_ACCOUNT
23,11,3,0.2940308360560573,6,10,77056.32110612097,59681.64468731525,16,3,1,2,3,1,0.33289691896056706,4922.624211533234,FUNNEL_ACCOUNT
15,19,2,0.17849472927801452,5,18,192342.22442471894,34637.11530161842,10,2,1,1,0,0,0.7856410587475442,6585.373515298254,FUNNEL_ACCOUNT
19,19,2,0.17969501153423106,1,12,149124.7099139033,8380.53904828567,11,4,0,2,2,2,0.35312655180660746,9219.186127817615,FUNNEL_ACCOUNT
11,8,2,0.15957480058403556,4,12,201527.7049556915,17464.66931366671,12,2,0,0,3,1,0.17893784933043622,5815.8650350277385,FUNNEL_ACCOUNT
22,16,2,0.22503078713803515,4,17,150718.6089789631,56527.85458995158,20,4,1,1,2,1,0.6034573544147254,9250.90407717835,FUNNEL_ACCOUNT
17,11,4,0.19122297804749905,4,19,182344.37876749644,30154.26999662894,19,1,1,2,1,3,0.9292848906240154,8286.019306974864,FUNNEL_ACCOUNT
17,19,4,0.28279862239111503,7,13,231913.89680285723,25286.14439118179,15,1,0,1,3,1,0.4878416228670448,6504.06900034884,FUNNEL_ACCOUNT
20,9,1,0.29567051353495005,4,24,175538.374881736,46167.310841072365,14,2,1,0,0,2,0.10013010306165426,9585.933225851435,FUNNEL_ACCOUNT
17,12,1,0.2670207591616971,4,25,267206.7502541408,45834.749814629904,11,2,1,0,3,2,0.41708791851998916,1323.437107210645,FUNNEL_ACCOUNT
13,10,1,0.09689135286824602,3,14,95095.13830967133,5442.790031721607,9,3,1,1,1,0,0.09105894547623106,6897.761406959956,FUNNEL_ACCOUNT
13,11,1,0.20083811022979725,2,21,58741.08045127958,13429.767852425082,15,2,0,1,0,1,0.07954948520631744,5107.824101539438,FUNNEL_ACCOUNT
10,15,4,0.2711402818218306,3,14,284752.7524345105,68745.19913023752,20,2,0,0,0,0,0.6561583249407569,6569.115377798711,FUNNEL_ACCOUNT
22,18,1,0.2775400386558243,8,25,83343.58424438666,15547.369271352147,15,1,1,2,3,2,0.4353631780952696,1595.0547797894653,FUNNEL_ACCOUNT
20,18,1,0.08550157548803639,3,14,224473.5000209507,45978.83472224863,10,3,0,1,0,1,0.8373755380876006,2093.4467917377615,FUNNEL_ACCOUNT
19,19,3,0.1164373481006106,2,14,173526.85943177575,6992.923823099921,10,4,0,0,1,0,0.09872816828379749,4939.563280776108,FUNNEL_ACCOUNT
24,14,3,0.24588272956939566,1,21,244928.41142367656,17797.406597686822,15,2,0,2,0,1,0.3198586336959204,3664.381200772668,FUNNEL_ACCOUNT
24,12,1,0.09334269751789825,7,18,130587.98088760216,28979.667761900717,8,4,1,2,0,2,0.7919408768220718,1237.23495959622,FUNNEL_ACCOUNT
15,8,4,0.1663947416839925,4,17,283440.98126503994,22421.949648445858,8,3,1,1,3,3,0.049511043234441776,565.9047686439671,FUNNEL_ACCOUNT
15,10,1,0.15942143636753264,2,10,65802.73327681614,19495.814361955367,20,2,0,2,1,0,0.11780484651588508,7051.245392843061,FUNNEL_ACCOUNT
23,18,3,0.2682894184381663,8,23,229753.8066072678,39566.62113723747,20,1,0,0,2,0,0.4012297489851572,1110.0516068068218,FUNNEL_ACCOUNT
8,12,3,0.19946544416727718,7,10,194387.31234975308,73543.54913772849,11,1,0,0,2,0,0.4478309954574412,6772.321114238852,FUNNEL_ACCOUNT
9,17,2,0.2538325694263177,7,22,132776.54289286846,74898.95528154261,14,3,1,0,2,3,0.7377934979571955,1416.1162122892056,FUNNEL_ACCOUNT
14,19,2,0.09305011477916765,2,19,183028.8374196235,44310.08012817899,18,2,1,1,1,3,0.46044882131456244,1791.8564086009214,FUNNEL_ACCOUNT
13,19,3,0.0866028292234358,7,15,216494.55097259578,19658.61464694183,17,4,0,0,2,3,0.8917491710518421,6456.650943689157,FUNNEL_ACCOUNT
10,16,4,0.22553295761253112,4,20,168330.2891420729,30011.773392544805,10,2,1,2,3,2,0.13087075732732345,2777.5889242194576,FUNNEL_ACCOUNT
12,9,3,0.1676386682073545,6,14,94263.16725517108,70524.99798067045,12,3,0,0,2,0,0.11669090585263975,7065.986874226554,FUNNEL_ACCOUNT
11,19,3,0.12474486991462802,8,17,69374.04108280854,40039.144944139174,10,1,1,0,2,2,0.2663445052788129,3949.162897411881,FUNNEL_ACCOUNT
19,9,2,0.21728889692182513,5,11,238107.77457639424,53126.10164868688,14,3,1,0,2,3,0.2376370393162004,1541.7762178383634,FUNNEL_ACCOUNT
24,15,3,0.24822819100269972,2,11,263516.78483579325,9586.64696554712,13,2,1,1,1,2,0.2144076723740559,9120.44228543955,FUNNEL_ACCOUNT
25,10,3,0.15134200798595732,1,14,231054.52415192896,11884.2555249002,9,1,0,2,1,0,0.3396043476302969,4922.606976488878,FUNNEL_ACCOUNT
8,14,4,0.24200389045147686,3,20,144404.97087128944,69868.91578599787,9,1,1,0,0,0,0.9209161718834274,6503.091342372787,FUNNEL_ACCOUNT
16,15,1,0.15699918007767072,4,8,275097.9769317246,28881.582730761984,9,1,1,2,0,3,0.33816536522622564,4535.036036644149,FUNNEL_ACCOUNT
13,8,4,0.27548410264841194,0,16,85252.48052911024,7751.472508795719,19,3,0,2,3,1,0.6388717005674858,1571.7908389291215,FUNNEL_ACCOUNT
23,11,4,0.11730757858061794,7,25,229600.72305007948,31547.361861252357,14,1,1,0,2,2,0.1364149470432714,4226.437584545347,FUNNEL_ACCOUNT
23,19,2,0.21046734743205348,5,8,174728.12361616723,48108.61218863849,13,3,1,2,3,3,0.21334008049511233,7658.456102221166,FUNNEL_ACCOUNT
15,17,1,0.29455296421054017,7,18,235518.652248041,70592.94935317777,20,4,0,2,2,0,0.31645901504488205,7832.867105804707,FUNNEL_ACCOUNT
10,20,2,0.09915596464668884,6,10,82382.65288885661,17389.59431459324,16,3,1,1,3,3,0.017091117104547915,5118.611355149797,FUNNEL_ACCOUNT
15,13,4,0.16217022592491354,4,18,210227.4407524095,40297.212250278775,10,3,1,2,2,0,0.5017092849987735,9835.341784869814,FUNNEL_ACCOUNT
19,19,2,0.1526567627245983,7,13,284552.83756883565,60835.2732383512,10,3,1,0,3,2,0.560130825731291,7620.103106570066,FUNNEL_ACCOUNT
21,13,2,0.12598562652646297,0,20,219660.89582708626,48860.056782258,15,3,1,2,1,2,0.5626078820649719,7727.460589642082,FUNNEL_ACCOUNT
21,17,3,0.1833528238204668,8,18,67297.66038649883,79489.28739971462,11,3,1,0,2,0,0.941344843275121,3187.251015478898,FUNNEL_ACCOUNT
20,20,2,0.12498848526151096,2,21,181802.51717347337,42363.50491209534,9,1,0,0,2,0,0.5111220356387428,1837.0045178607777,FUNNEL_ACCOUNT
10,15,1,0.25697863053193937,2,20,100583.1036445046,67120.40264419377,8,2,0,2,0,2,0.10240962886734595,9567.26042794604,FUNNEL_ACCOUNT
10,11,4,0.28033070088722956,4,25,221038.37040905823,10011.055449814587,8,2,1,0,1,0,0.6304611683256297,9221.288210843184,FUNNEL_ACCOUNT
18,17,1,0.12576601039650068,6,24,251480.66032839433,57185.73207973592,9,3,1,1,3,3,0.31115191695899136,3811.6421948265606,FUNNEL_ACCOUNT
12,11,2,0.12149029719543641,1,10,219678.74531672715,78754.80406163243,11,3,1,0,1,0,0.5373562247922185,7450.043217357414,FUNNEL_ACCOUNT
18,18,1,0.24419700578956116,0,17,159244.85913885117,13052.181973613104,12,4,0,1,0,3,0.4400163835394444,7314.362868727552,FUNNEL_ACCOUNT
23,10,3,0.1169003330668299,4,9,235131.7487612496,63123.74593193696,10,2,0,0,1,2,0.053680095350610135,5884.46283421158,FUNNEL_ACCOUNT
10,14,3,0.21748696005436047,7,10,128391.82733783661,66237.47624098345,19,3,1,2,0,2,0.830151338900256,3903.2467383230937,FUNNEL_ACCOUNT
24,14,4,0.19843588784638946,5,18,272644.8506290754,64059.72518164282,12,4,0,1,1,2,0.8730223935560212,9793.785630333716,FUNNEL_ACCOUNT
9,19,2,0.2796690652576974,0,8,216507.83843680806,39606.96571519102,8,3,0,1,3,1,0.7587704035764916,9554.025089481958,FUNNEL_ACCOUNT
20,12,3,0.18591492214199157,6,13,122145.31981869976,18438.666640347445,15,3,1,0,3,1,0.8018915108236024,7584.681230292668,FUNNEL_ACCOUNT
11,19,3,0.16025724682127812,7,21,70237.71379069272,36602.59988973829,18,4,0,1,3,0,0.3475261431826193,7555.798206082822,FUNNEL_ACCOUNT
15,11,3,0.17137174439813363,3,14,115199.77544676367,32858.761100716685,10,2,1,1,0,3,0.11656710403873483,9111.868531865159,FUNNEL_ACCOUNT
24,15,4,0.24269567358198257,6,10,282428.5548636073,9384.135090282838,17,4,1,2,2,3,0.5797338819957083,5757.737043422751,FUNNEL_ACCOUNT
11,10,4,0.1419448455362069,3,8,147613.27543072306,77976.99420224084,9,4,1,2,0,3,0.2504396597530478,2733.076077260685,FUNNEL_ACCOUNT
14,8,4,0.12148388770688742,3,21,210293.3085279678,31458.91485195538,15,2,1,0,3,0,0.4200611918279291,1924.106394133562,FUNNEL_ACCOUNT
14,8,2,0.24552738299996713,4,17,227362.0814913683,27845.448105525244,20,2,1,0,0,1,0.855144983116482,2013.798989007995,FUNNEL_ACCOUNT
25,8,4,0.26852846206233766,2,18,291645.8952030919,54598.72573638745,16,4,0,2,1,0,0.9653417635175199,8430.643787742818,FUNNEL_ACCOUNT
20,14,4,0.16651367016343577,1,20,170040.3444006794,43033.86804105958,18,3,0,1,3,0,0.8095392729286596,2486.429736440664,FUNNEL_ACCOUNT
8,11,4,0.15946994161692024,5,19,216573.6674187073,13074.18711119351,18,2,1,2,0,1,0.6678430338503496,6211.565924001885,FUNNEL_ACCOUNT
15,8,3,0.1686178369096782,5,22,164020.3248517334,10029.42136999312,16,1,1,0,2,0,0.8132915705907207,8369.16495073506,FUNNEL_ACCOUNT
11,12,4,0.1771777962838365,4,21,111522.97258369386,59441.18199026113,12,1,0,2,1,0,0.9069348552304657,1201.4516377155355,FUNNEL_ACCOUNT
8,10,3,0.2036177664122536,5,16,97427.97030304177,68934.28896256577,17,3,0,2,2,2,0.7084345737767577,5853.757987401588,FUNNEL_ACCOUNT
9,19,1,0.23343670353927376,6,19,236203.57372537247,43667.62436228325,19,4,1,1,2,0,0.7769437859714102,9587.85007428465,FUNNEL_ACCOUNT
25,20,3,0.22769804336535138,5,21,183726.99924109157,79643.44218525344,8,4,1,0,1,3,0.030690956227990784,4137.185201106367,FUNNEL_ACCOUNT
21,14,4,0.17429428126864396,0,15,286064.525353633,19950.58088388371,15,2,0,0,1,0,0.7583517351221771,5989.482241639135,FUNNEL_ACCOUNT
18,15,3,0.2645785560431818,8,14,172279.63745280393,7547.54609483113,17,4,0,1,0,0,0.3475068539800633,6763.849624563721,FUNNEL_ACCOUNT
9,20,3,0.19384651640790257,3,24,64533.32947536351,17062.099201892976,14,1,1,1,3,3,0.7462637943545036,2790.324753727589,FUNNEL_ACCOUNT
17,8,1,0.25150771129618477,2,20,202099.10792757146,40013.43174012368,9,3,1,2,0,0,0.5635506237132789,5398.965667870745,FUNNEL_ACCOUNT
20,20,2,0.2604618747995961,0,9,76158.62751504005,13048.439533101624,16,3,1,1,1,2,0.7284641153823349,3189.043822274433,FUNNEL_ACCOUNT
10,17,1,0.12319016297350185,8,19,264954.7203406489,6080.037045007659,17,3,1,0,2,1,0.3584618913401567,1143.7577864815576,FUNNEL_ACCOUNT
22,18,4,0.297196497343609,1,20,298436.1168607258,34043.18990077314,14,1,0,2,1,1,0.24690253703163612,5651.293652074412,FUNNEL_ACCOUNT
14,8,1,0.1923173581305268,5,21,222645.25174391904,47635.577915893475,11,2,0,2,3,1,0.5337531004930697,3224.316092259195,FUNNEL_ACCOUNT
10,16,3,0.10578834450946477,7,15,253177.00220254055,43201.60855443851,9,1,0,0,3,0,0.348250932495332,3434.7143084763306,FUNNEL_ACCOUNT
22,13,4,0.13935953399069026,6,19,109556.77233557319,67697.04588480626,16,2,0,0,1,0,0.9218673643178156,5541.327858091683,FUNNEL_ACCOUNT
22,9,2,0.28315429157817784,7,17,169156.2189683792,24407.272356383604,17,4,1,2,1,3,0.32362918810251096,7631.168018014906,FUNNEL_ACCOUNT
9,19,1,0.2596018358658079,5,19,254733.64761512197,28600.57424892485,9,1,1,1,1,2,0.1394959294818393,4482.979202416567,FUNNEL_ACCOUNT
25,8,2,0.19088106842153663,8,14,114794.22083854285,29270.819706403337,9,2,1,1,0,2,0.06028457478447813,4430.224438262059,FUNNEL_ACCOUNT
15,12,3,0.11044947476206135,6,18,134750.44570328726,28759.428708018037,15,1,0,2,1,1,0.7774256806111345,5991.796094417078,FUNNEL_ACCOUNT
24,19,4,0.2500376757633317,2,24,195001.40200466837,39701.97820584292,18,4,1,2,1,3,0.08867322189760252,1545.9661246715423,FUNNEL_ACCOUNT
14,9,2,0.11934768199368476,2,16,283289.7967892259,57627.334309511,9,2,1,1,3,1,0.4132081309453355,1411.8360498739576,FUNNEL_ACCOUNT
13,13,2,0.0988184030166369,6,8,136789.10024899442,21849.34926852029,8,2,1,1,2,2,0.2782047619255199,8511.468098476415,FUNNEL_ACCOUNT
24,17,4,0.22393377982558293,7,10,244865.1685177251,64531.71422706136,11,2,1,1,3,2,0.4430288381894061,4553.007121153358,FUNNEL_ACCOUNT
25,10,2,0.08446263765436672,8,13,94273.33831911023,49848.8692518832,13,4,1,1,3,0,0.6852225190407287,5476.589652359877,FUNNEL_ACCOUNT
12,16,1,0.13183563759796366,3,14,127899.10698060895,8682.611239459362,19,4,1,1,0,0,0.4690894719786747,7570.087937595319,FUNNEL_ACCOUNT
11,14,4,0.13167106724599564,1,20,296183.1416035772,77832.07446914761,14,2,0,2,0,1,0.9427850328014589,1080.0993202375707,FUNNEL_ACCOUNT
8,16,3,0.19595071460260222,4,10,232778.58380680712,63060.30412087516,8,4,1,0,1,2,0.07595255049919813,8456.580042756152,FUNNEL_ACCOUNT
14,16,1,0.2799831292109327,2,20,119364.06916490082,77330.28673971385,10,3,0,2,0,3,0.2618466810322043,6771.1632675472965,FUNNEL_ACCOUNT
16,10,2,0.25032111104922744,8,14,235633.94482106686,68535.32942130709,13,3,0,1,2,0,0.8748518390782168,9156.164508248123,FUNNEL_ACCOUNT
8,14,4,0.17779144570784944,0,16,108496.24225886859,21678.149247760783,16,3,0,0,1,0,0.9904695477042863,6567.592813344668,FUNNEL_ACCOUNT
13,8,2,0.1916819662660777,4,25,246534.59760095077,18574.82022469415,9,3,0,2,1,2,0.7537430059793356,6000.4030778172955,FUNNEL_ACCOUNT
23,19,2,0.29710740787342327,6,12,107920.95304914025,50058.84235464765,12,1,1,0,2,0,0.8510375345320237,7712.813709243653,FUNNEL_ACCOUNT
9,20,2,0.18600288645415655,2,20,102621.67676561358,48802.39970527831,13,3,1,0,1,1,0.5058283206841558,3176.2876906173988,FUNNEL_ACCOUNT
15,10,1,0.19337531365641308,5,8,238487.21651336862,25428.649301093352,13,1,1,2,2,0,0.28748222110141153,4408.9146124268045,FUNNEL_ACCOUNT
17,12,4,0.20592533016198827,0,15,222953.75293441565,40374.91436575028,17,1,1,0,0,0,0.6142890010177029,5091.37380424723,FUNNEL_ACCOUNT
20,14,4,0.28803832606286295,3,22,148439.51347925805,59720.84138060974,10,2,1,1,3,1,0.47886283169516464,7916.963701265281,FUNNEL_ACCOUNT
25,18,3,0.08104437073580882,0,14,243428.7200961553,13772.502878021713,17,2,0,2,1,2,0.8401939858316471,1761.2080537521229,FUNNEL_ACCOUNT
14,14,4,0.19511274602479828,5,22,115406.20854911844,53564.40195076663,13,2,1,2,0,1,0.6664393897396717,1437.1478599299498,FUNNEL_ACCOUNT
20,8,3,0.12140532404024076,6,25,122569.93782672295,69880.71998405934,15,2,0,0,1,2,0.2403293818191855,3983.601959710331,FUNNEL_ACCOUNT
9,17,4,0.18094061402590628,7,10,141148.49534422267,64389.24870790495,17,3,1,0,3,3,0.03694094922735869,7728.085421699321,FUNNEL_ACCOUNT
25,19,1,0.28295285203501025,3,24,123334.48493919891,13212.902605027894,19,1,1,0,2,3,0.205593950364915,9021.661406859199,FUNNEL_ACCOUNT
11,14,3,0.1913861291242439,4,13,111811.76064201219,62239.813396787824,11,4,1,2,3,0,0.6774301135458716,4531.2617276045075,FUNNEL_ACCOUNT
25,9,2,0.26502363480213087,5,11,239534.9744003497,51784.45345238121,10,4,0,0,3,2,0.8092168903131858,7095.270138369675,FUNNEL_ACCOUNT
15,8,3,0.12719099790052538,1,21,182403.07443005018,32630.754689957255,11,1,0,2,2,2,0.8756678131812056,2336.3600963308936,FUNNEL_ACCOUNT
16,8,4,0.16131014473934058,1,9,243556.35132911045,79613.97822370975,10,2,0,1,2,0,0.0047779385679201924,7590.288296157358,FUNNEL_ACCOUNT
18,19,3,0.11385113715946274,0,14,114655.78078271702,49151.777612705715,19,3,1,2,1,1,0.7329764557020075,5281.374288993848,FUNNEL_ACCOUNT
19,16,4,0.2639893661682627,5,15,277446.5562159695,73269.39548915524,18,4,0,1,3,2,0.9917878156591898,4730.876709977226,FUNNEL_ACCOUNT
11,15,3,0.28424505702680214,2,8,290753.18672642944,16835.402259711693,12,1,1,0,2,1,0.7147153422333459,519.2135668887287,FUNNEL_ACCOUNT
22,17,4,0.1025688963874972,3,21,52317.64914548924,70500.94604310981,11,3,1,0,3,0,0.4378185354955433,9910.820029524122,FUNNEL_ACCOUNT
22,8,2,0.24241336521881046,0,17,149066.68148999958,78801.42975113301,11,1,1,1,3,1,0.9329225634381856,2095.525030477109,FUNNEL_ACCOUNT
9,18,2,0.1758841198420374,4,8,130068.11646750045,64665.4381805677,14,1,0,1,3,3,0.9888293586025387,5367.542028404507,FUNNEL_ACCOUNT
21,14,4,0.17579390845677162,6,18,131080.45949472435,60191.264283801356,12,1,0,0,1,1,0.7929630411476023,6884.142399031795,FUNNEL_ACCOUNT
8,13,1,0.13274729918479541,1,24,163271.00400692102,19009.31856543452,8,3,1,0,1,3,0.9134876510000126,4930.437335568832,FUNNEL_ACCOUNT
19,18,3,0.295991022210566,8,8,205723.6182433855,33011.11733696492,13,2,1,0,2,0,0.030172373655941054,605.7772333367263,FUNNEL_ACCOUNT
20,11,3,0.1747948283366132,4,9,133681.54739125085,30937.886012480747,14,2,1,2,1,2,0.5613163813736005,6168.666127543573,FUNNEL_ACCOUNT
13,15,2,0.13876600048207394,7,16,182490.09595506956,6492.045634819889,20,3,1,2,2,2,0.2178795938709156,8433.55399968435,FUNNEL_ACCOUNT
21,20,3,0.13461743930918754,2,12,275736.9065261375,63033.53625330264,10,3,1,2,3,0,0.3198436211697533,9415.829979994665,FUNNEL_ACCOUNT
16,11,4,0.2489719028324186,0,17,252374.33376863567,72068.117522737,16,1,1,0,2,0,0.774393870235019,5777.786494868711,FUNNEL_ACCOUNT
17,19,1,0.1547815769811959,0,9,223719.53972002974,71988.82675630487,16,1,0,1,0,0,0.26777070772706646,2329.606980517422,FUNNEL_ACCOUNT
11,14,4,0.2050470422712069,8,21,290200.4890821339,10631.475612947686,8,2,0,2,1,0,0.7778933736377481,9996.675373245987,FUNNEL_ACCOUNT
24,16,3,0.2086533455425485,4,18,261808.77121568317,34159.46264071383,17,1,0,1,1,0,0.45703716440682407,8182.894733108754,FUNNEL_ACCOUNT
24,18,1,0.12643799010659684,4,17,262341.16341423313,27740.475592270985,17,3,0,1,3,2,0.4909686509566069,8675.89940302568,FUNNEL_ACCOUNT
16,19,4,0.16482058894655174,4,11,74684.32652317063,21317.764857505223,10,4,0,0,1,1,0.02296693229499225,9963.666814592581,FUNNEL_ACCOUNT
15,13,3,0.2193676365869296,8,16,178739.54424709204,31465.270052439617,10,4,0,2,1,2,0.8845122826424511,843.2993398736608,FUNNEL_ACCOUNT
21,16,2,0.09823968855562884,6,13,107673.98682567276,24073.762813265905,15,3,1,0,3,3,0.6883393836262269,1819.1352134937827,FUNNEL_ACCOUNT
8,14,2,0.20408624787005872,5,19,237225.07988396034,54540.51548153189,8,2,0,0,0,0,0.8608936775799858,5222.768405573996,FUNNEL_ACCOUNT
11,16,4,0.26435541634153975,5,21,272108.90320046,36652.157738654554,15,1,0,0,1,1,0.9497805330033106,7491.582033426355,FUNNEL_ACCOUNT
25,10,4,0.08392560731111601,2,10,167193.87902239338,40675.84573431765,18,4,1,0,1,2,0.24689961032330432,4948.613509824512,FUNNEL_ACCOUNT
23,15,2,0.18031736016542693,4,16,218613.19977618192,8592.610637576596,13,4,0,0,2,1,0.36008341524804055,7759.673768126403,FUNNEL_ACCOUNT
15,17,4,0.2365309036410576,5,25,94086.49878825119,63782.80886401302,15,3,1,1,0,1,0.7109754486267401,2301.241640350413,FUNNEL_ACCOUNT
15,18,2,0.19576939415092215,8,15,87553.36066853329,78001.17645433752,10,1,1,1,0,3,0.5762282811221672,9545.705645244821,FUNNEL_ACCOUNT
24,20,4,0.1273548389812369,6,21,268277.1586344114,70229.61756634968,19,1,1,2,3,3,0.5253391985930965,8034.508888783743,FUNNEL_ACCOUNT
9,9,3,0.18133778234592168,5,23,84409.8404069028,55601.27965921651,15,4,1,2,3,1,0.22965636814277002,6509.29319602095,FUNNEL_ACCOUNT
8,20,1,0.10143180119483233,7,16,216951.2175325619,49711.294988752554,10,4,0,0,0,0,0.5501406395293691,6625.642192897115,FUNNEL_ACCOUNT
16,18,3,0.19326576316967148,7,23,89156.64676382768,18087.159665545907,10,3,1,1,0,0,0.6638000869099294,575.2648153518621,FUNNEL_ACCOUNT
12,19,3,0.09406810581392873,6,14,239717.14739316594,22626.163546487674,12,2,0,0,2,0,0.45663821789843984,6070.075403266486,FUNNEL_ACCOUNT
8,12,4,0.21183841198886233,7,16,278115.3732489479,10625.916437924745,8,4,1,1,3,2,0.04808817212892336,6823.350076833292,FUNNEL_ACCOUNT
23,18,3,0.1844048082332567,6,10,237674.6657038717,17770.871793756793,15,1,1,1,3,3,0.8873895608483408,9803.799554086268,FUNNEL_ACCOUNT
22,19,4,0.1877164528184657,3,18,168637.19107505912,47017.70094741346,19,1,0,1,2,1,0.8835772004902884,3596.2850604517726,FUNNEL_ACCOUNT
16,17,2,0.22437737739886654,2,15,94013.67690532135,77155.33121481266,9,4,1,1,3,0,0.18341397255558256,4099.336310011082,FUNNEL_ACCOUNT
8,8,4,0.12418732736866951,4,12,248135.54918503758,9036.268233528168,19,1,0,2,2,3,0.8886739983568065,4308.5347158332515,FUNNEL_ACCOUNT
14,19,4,0.24469743444766284,8,15,141222.61392140697,17006.867574191096,17,4,0,0,1,2,0.7651477818455799,8973.953807059812,FUNNEL_ACCOUNT
20,17,1,0.1516447688962303,8,25,52366.38458376001,54264.33980127377,10,4,1,1,0,3,0.0891717596776137,2230.3957349602365,FUNNEL_ACCOUNT
25,12,1,0.15913534857287165,3,23,235462.39958615633,79311.93016510368,9,2,1,0,1,0,0.24971374448060113,7699.524135721602,FUNNEL_ACCOUNT
15,19,3,0.15953684206485885,5,12,189093.01998139577,55113.567351828526,19,3,1,1,2,2,0.5579750061037715,1986.8544524447318,FUNNEL_ACCOUNT
23,9,3,0.23976392758362003,2,14,125080.18889357205,75741.56188777574,13,4,0,0,2,1,0.5431678507764767,4668.863549887949,FUNNEL_ACCOUNT
11,16,3,0.23971436493504605,7,9,283657.4951928888,41013.73060574308,16,1,1,2,1,1,0.10270839004360988,593.1742621314686,FUNNEL_ACCOUNT
25,18,4,0.18702600531875313,5,23,113409.67956846257,37643.13419128545,20,3,0,1,0,0,0.001508404031485222,9092.558515046725,FUNNEL_ACCOUNT
16,19,4,0.2942947081502645,8,14,89054.24437152917,69898.1816683095,15,2,1,0,1,1,0.30034862322538014,4720.031698834265,FUNNEL_ACCOUNT
11,17,3,0.08190809436357047,1,8,82641.07136344319,36253.157012027106,12,4,1,0,2,2,0.050278747999163764,9654.487260159844,FUNNEL_ACCOUNT
10,15,3,0.18663166623515182,1,15,141209.6727732305,51049.82143708709,14,4,1,1,0,2,0.5806002848956846,6261.733474494321,FUNNEL_ACCOUNT
20,9,4,0.13349483300548862,8,18,169723.00196247987,40810.37343110744,10,3,0,0,0,2,0.9591897447589363,3007.4874617301693,FUNNEL_ACCOUNT
10,16,4,0.15306422741807119,2,23,81708.226968481,19054.93271386757,17,2,1,1,3,0,0.7854498465150559,9215.819242581792,FUNNEL_ACCOUNT
10,17,2,0.1409947954613096,5,13,81421.26064697077,54328.09513400359,12,4,0,1,2,2,0.28438247019363216,3563.9372462696665,FUNNEL_ACCOUNT
23,13,1,0.20547077497176314,3,13,232559.02026579893,14002.866183078591,16,2,0,0,2,1,0.876782377911216,4000.06051599276,FUNNEL_ACCOUNT
15,8,4,0.18024441859340914,7,24,266909.84151762864,68415.77417300307,19,2,0,2,3,1,0.46506948658778846,9424.767699366597,FUNNEL_ACCOUNT
20,10,1,0.23097910641112762,7,8,227667.5678453712,56730.20509047748,15,2,1,1,2,0,0.4436903946418793,1834.7141720780223,FUNNEL_ACCOUNT
22,15,3,0.12472528449067331,8,25,91147.61069037166,65116.00455502567,20,4,1,2,0,2,0.42535504326131335,1650.1364569592001,FUNNEL_ACCOUNT
8,13,2,0.2431639366314865,8,18,85483.79510152838,44118.02929840523,17,4,0,1,2,2,0.7648142293131467,7061.484573266604,FUNNEL_ACCOUNT
18,14,2,0.2016139452083298,0,8,266263.14510468417,44052.006567010525,10,4,1,1,1,0,0.7794820526874938,5579.928375886333,FUNNEL_ACCOUNT
21,19,2,0.20459887480568026,8,24,58334.78087186265,46945.0468909764,13,2,1,0,1,3,0.10342495500626392,2792.671431034523,FUNNEL_ACCOUNT
19,17,3,0.1787585240053061,6,15,122652.66608536891,65816.2898587093,19,3,1,0,3,3,0.48074881264115443,9958.98155401144,FUNNEL_ACCOUNT
18,20,3,0.19629167123483043,7,12,171107.70960124335,26897.08040435156,11,3,0,0,2,0,0.025790956826378775,5635.505647685218,FUNNEL_ACCOUNT
17,17,2,0.1057274036804944,8,20,157030.5588963008,56039.866444918036,8,1,0,1,0,3,0.7351423721759103,9395.034739717034,FUNNEL_ACCOUNT
17,13,3,0.08746169618347195,6,25,82530.76900950308,40816.82668427216,17,2,1,2,2,0,0.042092189501458765,8780.97186891711,FUNNEL_ACCOUNT
20,11,2,0.16875898349608393,6,23,126100.34078884861,29390.55858434109,10,2,1,2,2,0,0.9203143244813825,2640.010725638643,FUNNEL_ACCOUNT
9,20,1,0.2405188625132335,3,16,197924.4323581115,76108.77225737373,13,2,1,1,3,3,0.7023481372578793,6876.3383200090475,FUNNEL_ACCOUNT
11,19,4,0.09120452898903458,8,24,68379.04285232794,66847.61208328136,15,2,0,1,0,2,0.010245581622606137,5965.858024184085,FUNNEL_ACCOUNT
11,14,3,0.15161329431417575,8,21,142423.1082931019,22372.562239898005,14,2,1,2,0,1,0.5495158962602178,3965.9267851648215,FUNNEL_ACCOUNT
17,15,3,0.16004919102912732,2,25,79933.24672104286,72780.73286537461,8,4,0,2,2,3,0.7917802016854752,6569.318417842888,FUNNEL_ACCOUNT
16,12,1,0.16139539540393752,1,21,292136.4548523009,56164.035867674975,12,3,1,1,3,0,0.8966543929084586,3663.2002878969365,FUNNEL_ACCOUNT
21,10,1,0.21264688895387318,4,25,161060.9569522189,49567.20411340349,20,2,0,2,3,0,0.2542904957751715,5306.823835585334,FUNNEL_ACCOUNT
8,20,2,0.17577271992440552,2,11,97820.43263765961,16619.185465695336,11,3,0,1,3,2,0.8448580038763548,8988.69367366639,FUNNEL_ACCOUNT
10,8,3,0.14009749207303895,3,12,243182.91571245177,69970.35351465057,18,3,0,2,2,0,0.8630886948699568,3920.810030955347,FUNNEL_ACCOUNT
20,11,2,0.1475076690850869,8,13,172178.2146571165,75222.34877868755,18,2,0,2,0,3,0.15635418497631726,1182.2988423505528,FUNNEL_ACCOUNT
18,16,1,0.20773950352968967,7,17,184357.0928453122,38476.181686016855,20,4,1,2,3,3,0.29142040337933084,8879.839635169983,FUNNEL_ACCOUNT
20,14,3,0.23604969024133937,4,8,107477.44702610688,53685.14151649109,18,3,1,1,2,3,0.15698309978984082,8730.161297156714,FUNNEL_ACCOUNT
14,16,2,0.12167055132936856,2,11,248872.20668197074,54856.015448307655,18,3,1,1,0,2,0.2433257274509002,891.6926435665827,FUNNEL_ACCOUNT
24,19,3,0.2901079464157553,6,10,119007.85262676603,71397.18376182974,9,3,0,2,0,0,0.8713040619864433,2609.7747553658824,FUNNEL_ACCOUNT
13,11,4,0.1577075889193491,1,17,287643.6277127797,35779.84819906717,14,1,0,0,3,3,0.012312125415415043,4492.2709989346795,FUNNEL_ACCOUNT
12,9,1,0.19646055850088542,7,9,266611.97483552154,68326.395832123,9,3,0,1,0,1,0.337350808405221,9576.947152243596,FUNNEL_ACCOUNT
25,11,4,0.20151587397193493,8,20,78427.66100710382,8147.9133903186885,16,2,0,1,3,3,0.9327785922152487,971.3670187882205,FUNNEL_ACCOUNT
20,10,4,0.25514010644483437,7,23,296236.89363146527,75181.07191727232,8,2,0,2,0,1,0.026166118036291097,994.4663363862574,FUNNEL_ACCOUNT
18,10,2,0.2111319212066191,7,14,193724.21513034753,55296.576514282184,10,2,0,0,1,1,0.4618462117643066,5563.0196900177,FUNNEL_ACCOUNT
20,20,3,0.15942166501308885,4,16,64357.63291186085,66049.30935195133,15,1,1,1,2,1,0.6408839008608278,5305.669479828687,FUNNEL_ACCOUNT
18,16,2,0.19872575140315513,3,19,268625.89147255546,42485.11192259026,8,1,1,1,2,2,0.6483239607294505,3161.356012523193,FUNNEL_ACCOUNT
19,18,4,0.20775103280332208,3,16,62190.22289551067,28428.678553014324,8,1,1,2,0,2,0.19294598109631078,2746.5286295482306,FUNNEL_ACCOUNT
16,10,4,0.16769372347245698,3,15,144785.0422831084,26962.62370002542,11,1,0,1,0,1,0.07726187251279015,4183.514066493443,FUNNEL_ACCOUNT
19,8,1,0.21156368402478987,7,8,153267.3451515906,38073.20613298089,8,3,1,1,2,0,0.3344490882933867,1546.2748649371529,FUNNEL_ACCOUNT
8,10,2,0.25738290834620675,6,24,169734.28166331275,12336.105436639376,20,4,0,1,1,2,0.10942737191772522,6695.521447656388,FUNNEL_ACCOUNT
9,13,4,0.09879902071984599,0,18,82126.27342595611,42199.257238065744,11,2,1,1,3,2,0.08115333068588826,3359.633453263168,FUNNEL_ACCOUNT
11,9,1,0.13677281689454635,2,16,123190.66245428992,65447.46404555688,9,2,0,1,1,0,0.47735086806717886,1505.9530959565946,FUNNEL_ACCOUNT
8,18,4,0.1685032013905381,7,18,213663.5159207597,45706.1485677308,12,3,0,2,3,2,0.09240813980523022,8967.874692824029,FUNNEL_ACCOUNT
9,9,1,0.22786269685371924,0,22,264271.3276491952,54849.99110123059,11,2,0,1,0,3,0.10426590000313829,6677.387120797948,FUNNEL_ACCOUNT
18,12,2,0.2518522118608534,3,9,188238.83574438244,76945.0528632211,19,4,0,0,0,0,0.6657038314237729,8594.817825962735,FUNNEL_ACCOUNT
21,10,3,0.2801062177541607,4,24,107206.12956645308,68221.91174837593,10,2,0,1,3,2,0.8776501140865793,6759.343279597748,FUNNEL_ACCOUNT
21,14,3,0.1123097155557462,1,23,114280.13616195277,19124.366693897085,12,4,1,0,2,1,0.23806596010236192,9233.8240411112,FUNNEL_ACCOUNT
11,11,3,0.2209688227889256,4,15,239228.56949939614,5891.133740439506,18,1,1,0,0,1,0.4758050663799027,9994.399769755242,FUNNEL_ACCOUNT
18,18,3,0.22051966549728602,0,23,110111.23440809161,25059.852694422596,12,4,1,0,0,1,0.9839262218303291,3105.750080284018,FUNNEL_ACCOUNT
15,9,4,0.255344098879184,7,18,295872.30012583925,64637.20785277465,8,3,1,2,2,1,0.836101278298839,3946.71538061268,FUNNEL_ACCOUNT
19,8,3,0.18628037812392528,1,12,182659.40410439164,38518.443850756514,16,1,1,2,0,2,0.16915198836221812,701.8381663540596,FUNNEL_ACCOUNT
9,20,4,0.11905039506203066,6,23,177630.6230147828,44955.56738054037,16,1,0,1,0,0,0.5968270625645616,8687.439199979457,FUNNEL_ACCOUNT
14,11,1,0.12078293437101847,1,20,84250.83373899802,5173.187344091383,15,4,1,2,1,1,0.7785068737417339,8867.159627540485,FUNNEL_ACCOUNT
14,10,2,0.14942063706459685,6,23,265729.4550060858,18492.36289497571,11,4,0,0,2,1,0.49680505434207545,7229.725962119985,FUNNEL_ACCOUNT
17,10,3,0.09109114464415292,0,18,215772.20328013433,68518.63544076012,17,2,1,1,0,2,0.6494829245521496,4825.769835131636,FUNNEL_ACCOUNT
23,11,4,0.20869365734317807,0,22,180142.87822257768,52012.84268845523,10,2,1,2,1,3,0.2953833987668597,7945.174543040112,FUNNEL_ACCOUNT
9,10,3,0.1691012508746692,2,16,227866.4937833326,70764.2614675244,16,3,0,0,0,0,0.4754240090263877,2283.376626991324,FUNNEL_ACCOUNT
17,11,1,0.13468140025145123,2,8,190464.24045781858,37970.48823467809,16,3,1,0,2,3,0.059234492042135045,7797.29030423231,FUNNEL_ACCOUNT
14,15,1,0.1619228141268796,3,15,260612.51413720916,27619.70803325447,9,4,0,1,0,0,0.6172709464692602,8192.227592040177,FUNNEL_ACCOUNT
16,14,2,0.147363779584386,4,19,57793.38076640146,69224.13782492894,13,3,0,0,1,1,0.44538735643923333,6875.861871070936,FUNNEL_ACCOUNT
25,20,2,0.2042231647925089,5,15,64489.728596009474,74786.01094500055,16,3,1,2,0,0,0.7790546678839171,760.6188605995501,FUNNEL_ACCOUNT
18,20,2,0.1276002672580712,8,9,145331.40139834106,36206.955768762025,15,1,0,1,0,2,0.4261686039726771,3300.4770461692747,FUNNEL_ACCOUNT
18,13,2,0.08562358432183728,6,15,231599.31919367777,68076.76407898568,15,2,0,2,3,0,0.9988996319797065,9897.48093224292,FUNNEL_ACCOUNT
9,8,3,0.2966923892669319,7,19,61270.94305459039,15791.03246691689,16,2,0,0,3,0,0.8107503767196254,6016.743606349085,FUNNEL_ACCOUNT
9,20,4,0.28790547201234495,7,12,133822.15670590167,71833.03800533152,17,1,1,0,1,2,0.8790781705777375,9249.33358320629,FUNNEL_ACCOUNT
18,8,1,0.2050414484216862,2,21,119419.83163698268,37657.650109366674,16,3,1,1,0,1,0.3137763715932025,9765.384582179146,FUNNEL_ACCOUNT
19,19,3,0.17236199145433298,1,16,62125.80710098754,59700.89319733446,8,2,1,1,0,2,0.904184058941311,9750.576887195708,FUNNEL_ACCOUNT
20,18,4,0.08420306865573265,3,10,288358.27490946895,31951.290094850145,12,3,0,1,0,2,0.737726819732387,5619.019955363504,FUNNEL_ACCOUNT
25,20,4,0.15722150413309882,4,19,120513.4924380541,72138.50212372655,14,1,1,2,3,3,0.528423002302161,2505.0364942033807,FUNNEL_ACCOUNT
24,9,2,0.22686926213159625,5,11,138225.99272594368,56094.79687616707,20,4,0,2,3,2,0.7384791007572403,1347.1805556381776,FUNNEL_ACCOUNT
21,18,3,0.18582597917965954,5,23,269523.5680578108,66391.88843052194,20,4,1,0,3,0,0.7758825905416837,2938.866609156008,FUNNEL_ACCOUNT
20,9,4,0.1921770652821323,3,17,198428.58616154705,26214.229445237863,12,4,1,1,3,0,0.16216138275132708,3419.2471664576565,FUNNEL_ACCOUNT
16,20,4,0.2853782786184838,8,13,237041.54475971998,29346.10835041832,20,4,0,1,1,2,0.9417261760374915,6987.064532686875,FUNNEL_ACCOUNT
25,12,4,0.13161805640185809,4,12,190087.4755186043,68225.04978657741,18,3,0,2,2,3,0.33975701667916514,7727.0346336616385,FUNNEL_ACCOUNT
15,12,2,0.15713442045847525,7,11,80654.82792156648,14509.75018367938,16,4,1,2,3,1,0.45276436605402004,930.2228954097316,FUNNEL_ACCOUNT
16,10,3,0.20691048029602044,7,14,158807.10718160728,48452.806116762025,9,4,0,2,0,1,0.8941279304383762,2054.977458828725,FUNNEL_ACCOUNT
16,20,4,0.18504303509379888,7,23,58512.441730941704,65371.912336134206,9,3,0,2,3,3,0.04640815899948714,3378.6039958100896,FUNNEL_ACCOUNT
20,18,2,0.18793452409531208,0,16,139234.15529845678,59942.21542225898,19,3,1,0,2,3,0.812242473093936,1755.7617464432176,FUNNEL_ACCOUNT
13,15,4,0.10876303073878503,3,12,192946.15076293182,55418.856651062044,15,4,1,0,2,1,0.7803469524522451,7015.345154468113,FUNNEL_ACCOUNT
13,20,4,0.1757393489025209,4,17,210356.21781734485,62770.551331378236,12,2,0,0,3,3,0.8109564603129594,5632.908719000002,FUNNEL_ACCOUNT
24,12,2,0.14120256996165184,0,11,191062.82404619406,9847.220286588541,14,3,1,0,3,3,0.8706699593434426,4936.827197426932,FUNNEL_ACCOUNT
10,13,4,0.2148707907260584,6,24,206220.5972329243,15644.284565836015,8,4,1,2,1,2,0.03607504143646734,4187.872720965452,FUNNEL_ACCOUNT
21,17,2,0.24673664563602582,8,16,74417.26541556546,5283.56262871265,17,3,0,0,1,3,0.2996517213560521,2189.574710253026,FUNNEL_ACCOUNT
25,15,1,0.1378968852432227,1,19,73972.05490113191,11158.174567031347,17,3,1,0,1,0,0.9909187861306875,5652.796000086164,FUNNEL_ACCOUNT
14,19,4,0.15859429116336685,0,17,146226.8174483189,40553.35815223282,10,3,1,0,1,2,0.8270919635063768,5797.4319153935885,FUNNEL_ACCOUNT
20,10,3,0.090248264139397,5,18,89485.1126233462,38263.5713465824,13,2,1,0,0,3,0.5754548847999322,8233.201333946658,FUNNEL_ACCOUNT
13,16,4,0.17733753529536098,8,24,114277.73367215582,64133.95166678784,15,4,1,2,1,2,0.8606145724245399,1252.9525653473925,FUNNEL_ACCOUNT
11,19,3,0.18693692958718816,0,10,85181.38270499105,26424.576465145336,18,1,1,2,3,2,0.1826410281274512,7618.80353969437,FUNNEL_ACCOUNT
21,13,4,0.1964039620987758,7,11,105504.37942215052,31820.339626362635,12,4,0,2,1,3,0.05622909954472266,9296.027833300142,FUNNEL_ACCOUNT
10,11,4,0.09265810111738199,3,9,296775.24466827745,56979.09705033896,19,1,1,1,3,3,0.8433444069716934,9566.722868496043,FUNNEL_ACCOUNT
23,20,1,0.09835402269006596,7,8,191420.18402331465,36029.858713867914,9,3,0,0,0,3,0.21311001072186386,2524.20824201747,FUNNEL_ACCOUNT
21,14,1,0.11763558388815044,2,18,112387.80979326271,45686.40548095135,9,3,0,0,3,2,0.269923782694905,7078.383424422401,FUNNEL_ACCOUNT
11,17,3,0.21447435537532994,8,21,170479.757722904,50031.90095375804,8,2,1,0,0,2,0.746359990853245,9265.877590816488,FUNNEL_ACCOUNT
16,10,2,0.1481153631818033,7,16,146697.5048010478,70754.55196022164,20,1,1,1,1,2,0.47219511382235235,578.1842876615405,FUNNEL_ACCOUNT
11,14,1,0.16120068141961175,5,25,191880.57649734637,55337.322681588106,8,1,1,1,0,0,0.30010930867312036,5801.713651863518,FUNNEL_ACCOUNT
16,19,2,0.21730886127086618,2,16,237179.9796901728,42026.38882639287,20,2,1,1,2,0,0.9023085407838117,9108.300833729532,FUNNEL_ACCOUNT
22,8,3,0.11145550084153598,5,10,123703.25392087476,70557.3155208515,14,1,1,2,3,1,0.41070703796928987,2894.6311797110575,FUNNEL_ACCOUNT
15,17,4,0.16611545913253425,1,11,128222.24358390151,14112.418926626364,18,1,1,0,3,2,0.5767814999253138,1964.5339949510055,FUNNEL_ACCOUNT
25,12,2,0.19151882769516593,7,19,159200.21143303465,44710.55967274982,13,4,0,2,0,0,0.8991223309098009,9169.600617109949,FUNNEL_ACCOUNT
14,8,2,0.10436387717517966,6,13,236330.4904914344,51661.97084930357,15,2,0,2,1,2,0.5861946632276084,1614.5425771175026,FUNNEL_ACCOUNT
17,19,4,0.218171019354585,7,20,72651.03566714773,55337.975904834406,17,1,0,0,0,2,0.5930085970759196,8179.8820312488715,FUNNEL_ACCOUNT
10,14,2,0.23789037041662925,0,20,164419.74539732322,21986.365375031855,19,2,0,0,2,3,0.8238025207681957,865.6061219066917,FUNNEL_ACCOUNT
19,16,4,0.2832122322333147,1,14,83188.42645836686,31980.88488176612,14,1,1,2,3,1,0.9825634999017462,4355.759522479926,FUNNEL_ACCOUNT
22,16,4,0.2602637265991192,2,25,254305.96515563026,45186.26077925837,15,1,1,0,0,3,0.6144443919377918,674.2426329780598,FUNNEL_ACCOUNT
15,8,1,0.14086370970853393,0,9,259135.38457845693,58592.649147336604,11,3,1,2,2,1,0.8516500421725484,7674.842280783724,FUNNEL_ACCOUNT
9,18,3,0.24446684510990352,7,15,167472.473559447,14486.618724785758,8,3,1,2,0,2,0.2826531191727407,8893.98858920269,FUNNEL_ACCOUNT
25,16,1,0.1992266357109316,5,13,56090.431255863834,16993.51354158737,15,3,0,0,2,3,0.3284032590596546,5080.870538895085,FUNNEL_ACCOUNT
9,9,2,0.15248476098880348,7,16,72967.76101174814,37828.5488595391,15,1,0,2,2,0,0.31960287572601265,4013.0433815305173,FUNNEL_ACCOUNT
11,10,1,0.2929101820059171,5,8,207987.5758383932,8128.598431610516,15,3,1,0,0,2,0.7486575327261394,8306.322788821059,FUNNEL_ACCOUNT
16,15,2,0.19240423234107293,6,14,218596.3019163023,18362.554563640275,8,2,1,1,1,3,0.5617554006855557,8986.250446848868,FUNNEL_ACCOUNT
17,17,1,0.11011877642526999,0,18,191873.05461955827,72018.99064532695,16,1,0,0,2,0,0.2035856357006851,2449.240094367918,FUNNEL_ACCOUNT
11,13,1,0.24591246723734494,6,18,145368.55425916676,22453.29152221249,9,3,1,2,2,2,0.3728326108479918,4496.772618914183,FUNNEL_ACCOUNT
15,19,2,0.10280184630685468,7,20,131098.96448831016,50793.67510580397,8,2,0,0,2,1,0.8104497404746073,2496.8154749752794,FUNNEL_ACCOUNT
12,14,1,0.24240886058838879,0,22,233422.89422869583,50448.12706399612,13,4,1,1,2,3,0.040104544250522456,5246.623744793334,FUNNEL_ACCOUNT
25,10,3,0.18211112819609593,5,9,140484.28404941334,44272.855609131744,18,4,0,0,1,0,0.5642402653425491,780.6544481738836,FUNNEL_ACCOUNT
20,8,1,0.1632483401187328,8,20,268810.91018557304,16972.191083995785,20,1,1,1,1,0,0.8793594421715895,5672.2081080125445,FUNNEL_ACCOUNT
17,9,4,0.2985488599016587,5,22,80827.80920208925,46820.7185690971,8,2,0,1,0,3,0.5967827821833227,1989.4368424811348,FUNNEL_ACCOUNT
14,12,4,0.27801561039016764,8,18,279484.43832257926,39340.21132960136,16,4,1,2,0,2,0.8973809476517117,5572.849626418162,FUNNEL_ACCOUNT
23,18,3,0.12896549985465375,3,8,231199.75096691828,5646.066391019584,16,4,1,2,3,2,0.0561124780787261,9258.050013927399,FUNNEL_ACCOUNT
18,20,3,0.18705446704412043,5,11,100071.6282323102,10836.996594651775,11,4,1,2,3,0,0.2873311191272284,9005.673693588438,FUNNEL_ACCOUNT
15,19,1,0.15740852611393935,6,23,83715.61138336748,44590.772041440665,14,4,0,0,0,3,0.9760322983906934,2010.974349610795,FUNNEL_ACCOUNT
23,16,3,0.2653498534413844,6,18,129023.8937418141,30770.21643369754,18,2,1,1,3,3,0.1389144816759541,6199.037867317807,FUNNEL_ACCOUNT
16,8,4,0.22656558770808277,6,11,76053.36760667077,43757.30288977223,13,3,0,1,1,1,0.9826762208239497,4490.223433715855,FUNNEL_ACCOUNT
24,19,4,0.12107751387252826,8,21,65098.89257448802,32030.175031038434,14,1,1,0,1,2,0.6468990659801119,2902.4015033278843,FUNNEL_ACCOUNT
20,8,1,0.24054395926723487,0,12,265443.63961623714,69151.41749588458,14,4,0,1,1,3,0.23181446363699887,3973.508507301192,FUNNEL_ACCOUNT
18,12,3,0.28740885234189034,0,15,74021.51650669123,71381.40893667602,8,1,0,1,3,2,0.8345310290605337,6132.341193359768,FUNNEL_ACCOUNT
24,15,2,0.09242974243906493,7,14,152916.56477722275,34762.7665327022,10,1,1,0,1,2,0.6652140071599383,5724.269840276276,FUNNEL_ACCOUNT
12,13,1,0.28910405252082894,7,21,86923.7381569029,39378.67033888471,12,2,0,1,0,1,0.6689456173245345,2901.861134982324,FUNNEL_ACCOUNT
16,9,1,0.29911305718477826,4,8,225279.79160288972,70791.24518801841,10,3,0,1,1,2,0.4990874297079777,5158.274940275821,FUNNEL_ACCOUNT
19,13,2,0.2916973456268015,7,24,240675.06348418797,8730.039562558852,19,2,1,2,1,0,0.26032942327587094,1162.6498542316567,FUNNEL_ACCOUNT
15,20,2,0.2104915204233614,0,17,181325.0221844524,76152.49238103612,13,4,1,1,2,2,0.6433676687966132,3229.029716245851,FUNNEL_ACCOUNT
24,11,3,0.10261038783075282,0,8,206954.7595416941,64417.80488515578,14,4,1,2,3,2,0.9135110275473892,5067.852511467248,FUNNEL_ACCOUNT
11,10,2,0.17320762379623272,7,24,292402.6555843965,8773.450647021436,13,4,0,2,1,0,0.3792702677552011,2966.8972547782764,FUNNEL_ACCOUNT
20,13,1,0.22314437100607998,0,15,279781.2612079798,25642.468364466265,12,2,0,1,2,1,0.264499103118082,9885.69437587309,FUNNEL_ACCOUNT
16,13,1,0.24333387169218418,0,14,89011.69919045104,17265.354063356805,19,1,1,2,2,1,0.32267811099407784,4773.099751240201,FUNNEL_ACCOUNT
23,8,3,0.2682614550457674,2,22,286750.4865775156,59114.98231066034,8,3,1,1,1,3,0.6356470359235086,4829.431734923785,FUNNEL_ACCOUNT
24,8,3,0.24251640266209468,2,9,160232.27796753088,74345.7354887089,15,2,1,1,3,1,0.003316662891072686,7805.448589565659,FUNNEL_ACCOUNT
25,18,2,0.2959960822129785,3,19,181826.96917202038,34982.78502853964,15,2,0,2,2,2,0.27711072018523497,1522.478474158601,FUNNEL_ACCOUNT
23,9,3,0.22141172478294674,6,15,67669.25300661231,53569.94288748356,11,2,1,0,3,2,0.4463331613858248,8109.089431630501,FUNNEL_ACCOUNT
12,9,1,0.2563896610177175,4,9,182085.9779122297,28076.90642564284,10,4,1,2,0,3,0.37945987552981997,6489.2537257118665,FUNNEL_ACCOUNT
8,13,2,0.2751669927619932,7,20,92651.14242245357,46721.646935305034,17,2,0,2,0,3,0.1932810552086962,6333.631624666444,FUNNEL_ACCOUNT
13,18,3,0.24712361584980674,6,14,83499.43060287237,54224.728546824794,16,4,1,1,1,0,0.0767109300707316,8876.827976146164,FUNNEL_ACCOUNT
20,10,3,0.2272089882534128,1,25,291463.67716546985,76089.11905373845,12,1,0,2,3,2,0.31557390815819,6946.055639233773,FUNNEL_ACCOUNT
25,10,3,0.09950811089716051,1,11,284424.736707455,11723.5305829143,20,1,1,0,3,0,0.3204937701963356,1543.1770347739916,FUNNEL_ACCOUNT
8,9,3,0.09201028673055507,7,16,298701.48860191926,62652.553961338344,11,3,1,0,3,3,0.7281980548733453,7019.820530534975,FUNNEL_ACCOUNT
23,15,3,0.09838960147047884,5,9,158305.15906149906,29331.942171402905,13,1,1,1,3,1,0.7251174907331746,6085.52014907747,FUNNEL_ACCOUNT
20,13,2,0.2669481495338644,0,22,130494.41353201859,63202.20496982207,11,1,0,1,3,0,0.8638144613665545,8459.643776922952,FUNNEL_ACCOUNT
11,8,4,0.16757742290784883,7,20,105063.44034050617,68552.3201171663,17,1,0,0,3,0,0.35161688080173503,1033.5894975850533,FUNNEL_ACCOUNT
17,14,4,0.08710148576570453,4,20,187376.04294193134,25335.88156991879,18,1,1,2,3,1,0.10390910204069526,5964.9304881555145,FUNNEL_ACCOUNT
24,10,3,0.2510904564536748,8,22,296552.3882415687,60560.90551896497,13,4,1,2,3,3,0.8495125290988774,5622.006288395714,FUNNEL_ACCOUNT
19,8,1,0.2587307599092794,8,14,146161.08881743194,69342.15371574508,20,2,1,0,2,2,0.48812693964223186,3663.0226679808698,FUNNEL_ACCOUNT
21,20,3,0.09230605561239817,8,16,215977.5670808582,63696.4647564753,18,2,1,1,2,0,0.6407125461099732,4769.113147686612,FUNNEL_ACCOUNT
8,8,3,0.27859493327752904,3,9,233414.92545842353,26106.660700454453,12,4,0,1,0,0,0.7091627511479622,4121.468861907091,FUNNEL_ACCOUNT
10,17,2,0.1754832976588116,8,25,55277.17102995309,42539.96259191459,17,1,1,0,3,0,0.9996580173475537,7181.568465730169,FUNNEL_ACCOUNT
22,18,2,0.26375712479688745,8,16,152307.05493795886,69907.32997774502,10,1,1,2,3,3,0.09601709323247132,5030.619596785164,FUNNEL_ACCOUNT
18,19,4,0.11886069478595068,8,8,64679.95941135272,11263.463403377791,8,2,1,2,3,3,0.711688672633209,6099.382324235227,FUNNEL_ACCOUNT
16,18,1,0.21420472100008842,1,19,95287.42841520206,32217.259486364183,16,2,0,2,2,2,0.6336677292727171,4948.339629797463,FUNNEL_ACCOUNT
13,14,2,0.1316533791701518,6,19,115979.83687837944,57059.35702375562,19,3,1,1,3,0,0.5315037915659983,5983.924816597007,FUNNEL_ACCOUNT
11,11,3,0.2961875960309103,8,15,167638.08757367707,6044.353006914386,10,2,1,2,2,0,0.6722003665985171,4021.248186125625,FUNNEL_ACCOUNT
14,17,3,0.2554897482937289,7,23,131474.00420744024,37788.12719459486,20,4,0,1,1,2,0.6986691217478003,1412.0329023766933,FUNNEL_ACCOUNT
25,10,4,0.1211800262359464,5,19,237124.46313295467,48240.51021930272,16,4,0,1,1,2,0.041667152016280684,8650.232601523574,FUNNEL_ACCOUNT
12,14,2,0.24626114684812245,2,10,143318.8942245947,6506.521960822621,14,4,1,0,0,2,0.35206020279595285,1763.2995497509066,FUNNEL_ACCOUNT
25,16,4,0.12653967784303644,7,23,296811.5472040713,79069.98179300435,9,2,1,1,3,2,0.7571197105924004,8586.247512181482,FUNNEL_ACCOUNT
20,20,3,0.17963819780457918,5,19,248025.0678205236,34169.08689019972,11,4,0,0,1,1,0.9844514553171713,8754.38874447016,FUNNEL_ACCOUNT
12,17,4,0.10684525896708519,5,24,68792.94320754873,55833.24138953553,8,4,0,1,3,2,0.6766072159173159,8099.829389411806,FUNNEL_ACCOUNT
24,19,4,0.08323612546435263,3,13,225274.65614558183,64624.44122811777,15,3,0,2,1,1,0.07060322449456014,1884.1796573727981,FUNNEL_ACCOUNT
14,13,2,0.200365605326843,3,25,219340.23791218057,75743.30610135251,17,1,0,1,0,3,0.6135009996599146,1196.5227524312381,FUNNEL_ACCOUNT
18,16,3,0.1374356205169233,0,16,83582.69255528497,13469.70854722696,11,4,1,0,1,3,0.5113387482564556,5322.137424174397,FUNNEL_ACCOUNT
17,19,2,0.09026457153000379,7,23,132362.52881317222,62851.93110395241,17,4,0,2,0,0,0.8010318748982971,2712.8828567902,FUNNEL_ACCOUNT
15,9,1,0.11508760416653196,8,20,127292.36667537793,5552.758137064138,13,4,1,1,1,0,0.7134007584576749,7078.791707469703,FUNNEL_ACCOUNT
25,16,1,0.2720351123620431,2,25,56043.980670170895,21398.382200471708,13,2,0,2,1,1,0.49393001091491917,3489.786997406831,FUNNEL_ACCOUNT
10,15,2,0.24670225434935011,7,10,266860.29925427045,17742.282164898366,11,4,0,2,2,1,0.09686386536200409,903.9608961099817,FUNNEL_ACCOUNT
16,14,4,0.09812035523628702,3,15,283917.79785123543,42149.8348989481,14,1,0,2,2,0,0.07474927504046569,9200.850447102559,FUNNEL_ACCOUNT
19,8,1,0.2900380068160219,4,13,131364.650231104,10117.621851526572,14,2,1,2,1,2,0.22869032800925904,9625.615183000922,FUNNEL_ACCOUNT
20,15,2,0.09212424241221609,1,12,169439.71237055853,12002.256794492878,12,1,1,0,1,1,0.6575264716563772,778.5231405569593,FUNNEL_ACCOUNT
11,17,3,0.2721904220503679,6,8,56916.12585523698,46446.54774951436,19,1,1,0,2,3,0.27795040756920464,2602.207830157972,FUNNEL_ACCOUNT
8,11,3,0.24907838195031512,7,19,147127.52487575257,60716.72224676664,13,3,0,2,0,2,0.39132863553407016,551.6722512866477,FUNNEL_ACCOUNT
11,15,3,0.08711562469911754,0,18,147470.7283354458,72770.49310215385,9,2,0,2,0,3,0.7441294492469962,8509.205815504727,FUNNEL_ACCOUNT
25,20,4,0.25260846533253134,4,13,272065.722576334,24281.855697920444,8,2,1,0,3,2,0.4249759580040817,8857.7279527708,FUNNEL_ACCOUNT
23,9,4,0.2862856629863048,6,18,265907.10114053095,32249.596592300444,11,1,1,0,2,2,0.7851949493784919,7364.5315926993135,FUNNEL_ACCOUNT
16,10,4,0.231344046820548,0,16,207296.9669342712,7851.583224126078,11,4,1,1,3,1,0.9738820740218105,4534.89057091681,FUNNEL_ACCOUNT
22,12,1,0.18823654780562732,4,21,93365.14950358383,17734.97827479212,8,2,1,1,0,1,0.8360390007355102,4474.253546873411,FUNNEL_ACCOUNT
16,18,1,0.10116721917272292,3,15,137748.8325747832,46202.35998267049,15,1,0,2,2,2,0.9261051496063459,5171.971302589584,FUNNEL_ACCOUNT
21,9,2,0.2586810174092613,3,20,119444.09705857304,35659.491291298385,12,4,0,0,1,3,0.6517235760462218,9768.208346236665,FUNNEL_ACCOUNT
12,13,4,0.2742131179827079,5,13,79951.50537841907,15819.078155402301,16,4,1,0,0,2,0.24781333501856306,9849.898225573112,FUNNEL_ACCOUNT
25,20,4,0.15421645956660646,1,11,265274.9837175265,47209.86056606598,16,1,1,0,0,1,0.1856578211399238,9292.242667745782,FUNNEL_ACCOUNT
25,11,1,0.12993934485050088,3,24,76150.86499158667,37307.44039864091,12,1,0,0,3,3,0.21931379206150492,642.2137504260678,FUNNEL_ACCOUNT
23,12,3,0.15663693834815534,1,16,197774.41498581288,79125.06453378344,8,4,0,1,0,3,0.0350038081547378,3862.9573381957507,FUNNEL_ACCOUNT
22,17,2,0.20390315907425666,6,13,106645.16084653304,58699.748111442284,19,4,1,2,2,3,0.4953390018985466,6278.6916903213105,FUNNEL_ACCOUNT
11,12,1,0.230750146742062,7,17,273195.76600255666,34788.183896819144,11,1,0,1,3,3,0.7647894868339948,6990.752631088196,FUNNEL_ACCOUNT
16,10,2,0.17410719741029734,7,15,232221.5759411159,21126.563472205664,15,3,1,2,0,0,0.47079125637143715,570.6214831870284,FUNNEL_ACCOUNT
12,14,1,0.09438349845933648,1,17,281300.3836140275,17793.15297967139,15,4,1,2,3,0,0.8047928395676593,7621.309614439373,FUNNEL_ACCOUNT
14,9,1,0.2512567708433717,7,24,198113.36654447656,35339.372196657685,16,3,1,1,2,3,0.8708214484551469,4794.61167436671,FUNNEL_ACCOUNT
19,15,1,0.1690121960801997,0,21,272509.33698904654,64415.23682922078,8,1,0,2,1,0,0.12457542343596506,5696.574776209963,FUNNEL_ACCOUNT
20,8,4,0.12785660719947667,0,21,115476.92709411378,19636.006405324166,11,1,0,2,1,3,0.06560199310845438,2449.6417492022865,FUNNEL_ACCOUNT
24,20,2,0.14098051745363277,2,11,150460.2579143427,41756.24099322733,18,1,1,1,0,1,0.003285234989458319,9031.945620483086,FUNNEL_ACCOUNT
23,20,1,0.20281846744226215,3,19,214790.56063972312,18905.23558391835,13,2,0,2,3,1,0.8880517534811231,2032.9686294396386,FUNNEL_ACCOUNT
23,12,1,0.1838569216070333,6,21,182688.5027975069,10321.655238308382,19,3,1,0,3,3,0.40366444746657704,1968.1348007436898,FUNNEL_ACCOUNT
9,20,2,0.2924192013682209,1,13,211561.99566087555,43766.940923261915,20,4,0,1,1,2,0.9057073491379819,5889.58344326376,FUNNEL_ACCOUNT
24,14,1,0.2691588162586538,5,10,249942.57928689706,55402.12990611106,13,4,0,0,0,3,0.16739327186598862,3354.864774160728,FUNNEL_ACCOUNT
12,16,1,0.13617111954739597,6,22,59287.08536032047,47138.092146187686,9,2,1,1,0,0,0.276950513599471,9844.435332237712,FUNNEL_ACCOUNT
12,20,4,0.1810222285475553,4,21,293557.01498329034,19117.63258905373,8,4,1,2,0,3,0.9266683103245887,8128.351022383393,FUNNEL_ACCOUNT
15,14,4,0.28492766764641025,6,15,168906.83647494265,67572.63766571431,18,2,1,1,0,3,0.5936635251997427,2884.5742428448257,FUNNEL_ACCOUNT
18,16,2,0.17107967165273666,8,25,159952.91041515232,28404.100094731933,18,2,1,2,2,1,0.6879923314555305,3127.4619934195057,FUNNEL_ACCOUNT
23,20,2,0.21592674444042614,6,25,278284.6577427602,61926.795714586915,16,1,0,1,3,3,0.640431717501867,1976.3545143988113,FUNNEL_ACCOUNT
21,17,1,0.192751649177471,3,20,264645.85348986724,6138.47732022922,13,3,0,1,1,3,0.25546132840236313,6438.793808141785,FUNNEL_ACCOUNT
13,18,4,0.2547550955472233,7,17,275444.76025329216,9946.941074366254,10,3,0,2,0,1,0.12790508287013957,3387.9093103606015,FUNNEL_ACCOUNT
18,13,4,0.12623975809769036,5,17,193061.0798387353,5497.211019775646,9,1,0,0,3,0,0.7842163096433972,4245.795917239247,FUNNEL_ACCOUNT
13,12,3,0.23259621458050272,1,20,225595.09089192594,11855.218583866226,17,4,0,0,3,3,0.4058749975327166,8142.807864268692,FUNNEL_ACCOUNT
13,14,1,0.161998809149551,6,15,253217.77021446684,28272.172328830096,16,2,1,1,3,0,0.384505521927732,2310.109641768465,FUNNEL_ACCOUNT
14,14,2,0.2862889822369621,0,24,133411.07723358658,15358.518996459996,15,3,1,1,0,2,0.10797962761764301,6574.535609682535,FUNNEL_ACCOUNT
13,9,2,0.14042915164380804,7,18,201664.69590893094,49742.532650318884,13,4,0,2,2,2,0.2154486026149498,9425.287486363017,FUNNEL_ACCOUNT
24,11,4,0.23351409283439994,6,19,121204.5712378688,22710.747606457564,9,1,0,0,3,1,0.9411502511732093,3810.35138103426,FUNNEL_ACCOUNT
21,15,3,0.15225589224310265,7,22,252264.3967199715,7258.088535155386,17,1,0,1,3,3,0.2181216811233353,1255.8688491497678,FUNNEL_ACCOUNT
16,9,2,0.22852002848314967,2,20,241633.09884425486,44067.980512846414,15,3,0,2,1,3,0.8404550447166376,4745.282715819639,FUNNEL_ACCOUNT
17,17,1,0.23113971503018876,7,17,119709.35535851431,39353.11450807162,12,4,0,2,1,2,0.5840855541689003,7585.910449817176,FUNNEL_ACCOUNT
9,15,3,0.29563139527947296,5,15,282894.65765012545,33637.234194863726,17,1,1,1,3,1,0.5496072581056777,3134.024475484281,FUNNEL_ACCOUNT
8,19,4,0.15881028090766558,8,11,259509.70389445042,50047.276631699606,11,2,0,2,0,2,0.5349406487852905,5062.933216698348,FUNNEL_ACCOUNT
20,10,4,0.16940490216647136,7,22,67500.42737229602,72652.74232203088,19,4,1,0,0,3,0.7777067905842332,1136.9623201217528,FUNNEL_ACCOUNT
20,13,3,0.2047447792219551,8,22,106249.47584075357,27270.73308212172,8,3,0,1,3,2,0.02722588636012191,2902.2142166107915,FUNNEL_ACCOUNT
15,12,2,0.1971797777862354,4,8,255704.6760223421,31651.281628438413,20,2,0,2,0,0,0.7006309865164263,8708.350118583841,FUNNEL_ACCOUNT
18,10,3,0.0832077909179845,5,16,209316.07309015846,29529.063243807814,9,3,0,0,1,1,0.18814371592904655,7963.525363119303,FUNNEL_ACCOUNT
21,17,3,0.2789913984688475,8,8,114124.41431828638,29036.176566638485,9,3,1,2,1,1,0.2262001874970122,8375.167247823578,FUNNEL_ACCOUNT
10,18,4,0.27530381526097086,2,13,142150.47178116487,15541.514611961531,18,4,1,1,0,0,0.21380571333924814,5579.030822334767,FUNNEL_ACCOUNT
17,18,1,0.09674774476879597,5,24,226340.19811761784,43260.14524224232,17,2,1,2,3,3,0.6754175213986927,4638.135656512806,FUNNEL_ACCOUNT
21,20,1,0.18923135513502382,5,24,245542.71913571583,79934.09002578836,9,2,1,2,3,1,0.8294001369583942,5563.018171856831,FUNNEL_ACCOUNT
25,10,3,0.09139395838086814,1,19,242210.60586988003,36325.094799930244,18,3,1,2,0,2,0.018456178712129345,7138.626015416574,FUNNEL_ACCOUNT
15,20,1,0.1310476354222248,0,18,144646.1564104553,22092.526126236015,16,3,1,2,3,1,0.6391771021457695,1977.5769086022838,FUNNEL_ACCOUNT
15,8,3,0.23059887320972117,5,8,239751.5156708039,52551.406024658376,8,2,0,2,2,0,0.9558376779569194,5821.90851283703,FUNNEL_ACCOUNT
23,13,4,0.2552647380227,6,22,258575.3027055521,65769.87156426713,16,2,1,2,3,1,0.8881129362060851,3364.566786337616,FUNNEL_ACCOUNT
8,18,3,0.1861053180666581,3,24,179608.06153449568,5908.783645621638,11,4,1,1,3,1,0.7852124190381812,5528.809613974985,FUNNEL_ACCOUNT
21,10,3,0.2293612376169572,5,20,50886.060103695796,20689.91462450508,18,4,1,2,0,3,0.7536847613180641,3743.989085827117,FUNNEL_ACCOUNT
12,8,3,0.1680855716354618,8,9,102039.28161601341,6565.226334773442,15,3,0,2,1,0,0.4856371308967573,8917.6608050194,FUNNEL_ACCOUNT
10,16,1,0.10657437320697932,7,13,239328.6768301647,41622.293988121055,8,2,1,0,3,1,0.635450907805873,5954.493936866297,FUNNEL_ACCOUNT
10,8,4,0.23276338134773633,1,15,160741.90277913853,36522.50183746351,13,2,1,0,3,3,0.6622872458420386,3108.574107978133,FUNNEL_ACCOUNT
13,9,3,0.11483436061156878,3,9,123801.53810505863,65550.38612615998,8,4,0,0,3,0,0.6355391581788132,5486.468658607159,FUNNEL_ACCOUNT
17,14,3,0.29680826799400106,3,23,145194.93961379718,64304.58478263872,9,1,0,0,3,3,0.14029500791624006,1741.682828123688,FUNNEL_ACCOUNT
8,16,3,0.18360326406764763,3,25,231603.75227170528,54147.674866969224,19,1,0,1,0,0,0.039354987889252735,4861.750904686304,FUNNEL_ACCOUNT
15,14,4,0.2715505282596546,6,18,242052.88493857515,74874.95325684745,18,3,1,1,2,3,0.5925660805500169,8920.79774394705,FUNNEL_ACCOUNT
17,13,2,0.12259123636934241,3,14,202967.39864689694,45842.72096348773,8,3,1,1,1,1,0.7709127742274356,5611.445233541426,FUNNEL_ACCOUNT
10,14,2,0.19638078518726212,2,18,167776.30793633594,66394.81280430993,9,1,1,1,1,3,0.8049434519604908,8004.070622909807,FUNNEL_ACCOUNT
16,16,1,0.19775858145643685,5,24,270135.7049767673,10930.582121376483,19,4,0,2,1,0,0.54408275162184,9115.382641575083,FUNNEL_ACCOUNT
20,16,1,0.08017401400377369,4,24,299810.0500843829,72522.56700521875,9,4,1,0,0,0,0.13353842083530232,1516.6673822141795,FUNNEL_ACCOUNT
24,18,4,0.14030035460159607,2,17,168164.8222475727,22642.199816136355,9,3,0,0,3,0,0.9359949782113453,5574.250030508665,FUNNEL_ACCOUNT
23,19,4,0.2584732148479443,3,15,72109.321110005,51986.63180722533,18,3,1,1,3,3,0.5383684753100689,8428.682147797927,FUNNEL_ACCOUNT
10,13,1,0.216616701291372,3,20,85208.38399156314,9346.591597702405,19,2,0,2,2,0,0.6788852992646055,8062.206973417686,FUNNEL_ACCOUNT
8,14,2,0.200459191662999,6,24,229909.8825000052,59688.94228821431,9,3,0,0,2,0,0.3935462767310801,9278.657132307013,FUNNEL_ACCOUNT
14,14,2,0.15078095537220007,3,24,160731.48737762333,52174.687079603944,8,4,0,2,1,2,0.9310576185586662,3104.0596794255866,FUNNEL_ACCOUNT
23,12,2,0.2125952063565082,4,14,182066.88731211587,59702.58852569482,10,4,1,2,2,1,0.020590615400926437,4367.222526799669,FUNNEL_ACCOUNT
20,10,4,0.18489085182004716,2,14,265387.8154692454,19043.42632980214,11,1,0,2,2,2,0.26481318120817465,8001.410085458067,FUNNEL_ACCOUNT
21,13,2,0.2669517981202495,8,12,261200.9126895232,35083.579485888,12,4,1,0,3,2,0.26123506516239126,9879.465769546541,FUNNEL_ACCOUNT
18,8,1,0.15797835601290217,1,22,227306.50962618343,76624.7964893697,12,3,0,2,2,2,0.2605505857050189,4815.641282327989,FUNNEL_ACCOUNT
14,13,3,0.19894482030586386,7,12,81699.43631987576,66958.18946890876,12,3,0,1,3,0,0.49540177386831397,7843.73722025226,FUNNEL_ACCOUNT
11,8,1,0.14443825593730972,5,22,207338.86727955125,67123.56700206628,11,1,1,1,0,2,0.09870643245578958,6624.9323097878505,FUNNEL_ACCOUNT
20,18,3,0.12281979726305847,8,8,220287.15545477933,26133.80614933242,17,1,0,0,3,3,0.6973075651013122,9188.014652997672,FUNNEL_ACCOUNT
20,13,3,0.08724603812397783,8,15,112957.52771562379,14506.093424611074,15,4,0,0,0,3,0.2614247562595998,1420.4813968219448,FUNNEL_ACCOUNT
8,13,1,0.22720802717761884,2,11,51731.71367310662,23557.16705325105,16,1,1,1,1,3,0.043748073187081404,627.0956565963024,FUNNEL_ACCOUNT
25,9,4,0.20564271511395843,2,13,268274.7585840599,49273.80960474369,10,2,0,0,1,0,0.4543033769020485,1083.434305026664,FUNNEL_ACCOUNT
13,19,3,0.2667544898445252,5,12,104165.00816518921,45345.325750621516,18,4,0,1,0,1,0.45434298168014176,1773.8644472262254,FUNNEL_ACCOUNT
12,20,2,0.2868321038242207,6,19,163884.815657945,77477.21933676423,13,3,1,2,2,2,0.6090069196257486,1003.6561436136327,FUNNEL_ACCOUNT
12,17,4,0.09898439586022684,8,9,66121.06790504606,40101.215299015064,20,3,0,1,2,3,0.3656785131093586,676.2324208982628,FUNNEL_ACCOUNT
10,16,1,0.18410530923153132,0,13,134296.7737153211,43706.38066950341,16,3,0,1,2,2,0.9221377413079885,1268.333525889697,FUNNEL_ACCOUNT
9,16,1,0.15820841685312143,0,8,121306.15015339755,20774.105283108744,9,4,1,1,0,3,0.6567860930070221,9879.257784808891,FUNNEL_ACCOUNT
8,9,3,0.23280358764327014,2,25,245099.3187931625,33513.51621962465,9,2,0,2,2,3,0.817951132355572,7424.731628045409,FUNNEL_ACCOUNT
12,12,3,0.2518423427156608,4,9,252204.68744966204,40477.85395147053,17,3,0,2,0,3,0.8962746534561854,4760.489024887985,FUNNEL_ACCOUNT
11,20,1,0.08812978295643396,7,21,210236.0298115828,28054.590426881132,11,3,0,1,3,1,0.669363152508418,6230.577057461033,FUNNEL_ACCOUNT
21,16,2,0.2847675507536159,2,23,289387.44598873775,31993.9748911194,14,3,1,1,3,1,0.21479853975837881,7882.982439162163,FUNNEL_ACCOUNT
23,16,2,0.22472536748788052,6,17,77891.69405431316,8372.158138792145,16,4,0,2,3,3,0.2673733233344655,9693.547369980495,FUNNEL_ACCOUNT
24,12,3,0.18012669281163557,6,17,142969.4045991196,29670.554324812307,9,3,1,2,2,1,0.5849652235620117,6536.630633871505,FUNNEL_ACCOUNT
19,18,3,0.1516523142460477,6,16,193716.61380769865,75440.53977533751,10,2,0,2,3,0,0.1978235359103755,6626.912088605054,FUNNEL_ACCOUNT
22,12,2,0.1633841226350697,1,16,266517.0900395649,43982.563837528636,16,1,0,2,0,0,0.7138283304389093,4085.5675428667823,FUNNEL_ACCOUNT
25,17,2,0.2373724264744047,3,21,207963.33502476814,11801.10456456115,9,4,0,2,2,3,0.3904356710407322,9510.698366235232,FUNNEL_ACCOUNT
22,17,1,0.2208425892396842,5,8,215812.91903701896,15062.348466084284,13,2,1,2,2,1,0.7256340016971826,9099.285215850052,FUNNEL_ACCOUNT
11,18,2,0.1714673228076627,7,10,173999.43269496615,23132.866984804212,11,1,1,2,2,3,0.42345911691505933,3549.468551249301,FUNNEL_ACCOUNT
24,8,2,0.1435745334361221,3,18,279265.8129737233,62439.2369295711,15,1,1,1,1,1,0.1764410645582276,4012.91383865361,FUNNEL_ACCOUNT
11,15,3,0.2194686676458319,3,9,61117.92952249016,33525.435926138525,10,1,1,0,1,3,0.700834058632777,1961.6563800914241,FUNNEL_ACCOUNT
20,18,2,0.21033203674131878,4,25,59432.363904138234,17829.14336627767,18,4,1,0,1,2,0.3980793899128743,1201.447064044523,FUNNEL_ACCOUNT
19,8,3,0.24064874815774762,1,17,92368.05697616184,8846.861403528907,16,3,0,1,1,1,0.6685496001044416,9268.391179440177,FUNNEL_ACCOUNT
8,8,3,0.16042559805754641,7,24,168317.7071880374,68423.15932804304,17,2,0,0,3,0,0.9611983605915615,9937.418856799772,FUNNEL_ACCOUNT
25,9,2,0.2024396686057725,7,14,124272.02636352726,64265.56534481152,17,4,1,1,2,3,0.2398613207721627,4021.029242170068,FUNNEL_ACCOUNT
17,8,3,0.13541108906499502,7,19,163745.19543220263,28597.69438329302,8,1,0,1,1,3,0.6296634106957436,509.2070996094341,FUNNEL_ACCOUNT
12,10,2,0.11723282623055656,5,13,110057.7723572833,9594.385101998068,8,3,1,1,3,3,0.8653462215447718,7612.90061668783,FUNNEL_ACCOUNT
10,12,2,0.26333900206439653,0,12,77202.68840636394,66179.58956085928,16,4,1,0,2,0,0.7617741575215417,8071.213451234152,FUNNEL_ACCOUNT
17,11,1,0.11270596512345193,1,12,53768.971240575156,12238.206001379393,20,1,1,0,1,2,0.7382434874372215,1983.895120193735,FUNNEL_ACCOUNT
15,20,2,0.21291653879729733,2,20,299355.3616308502,18784.50501061037,9,4,0,2,3,0,0.7141463826002306,2716.6839703074147,FUNNEL_ACCOUNT
8,16,2,0.08005872444232187,6,22,148027.78669816226,72209.22045217271,8,1,1,1,2,1,0.3759639491819945,9098.497965284994,FUNNEL_ACCOUNT
17,13,4,0.23569256796765348,3,22,222802.301683882,19568.37073695539,11,2,1,0,3,1,0.4293216629849297,6083.149957530284,FUNNEL_ACCOUNT
13,19,2,0.12784353445714186,2,8,171336.34776181256,7055.485605119315,14,2,0,2,0,1,0.5001026983470519,9314.114105638859,FUNNEL_ACCOUNT
15,17,2,0.27911220500160955,4,19,153745.79002871655,16720.1093737806,8,3,0,1,2,3,0.44277523216121606,749.6863042028218,FUNNEL_ACCOUNT
8,13,2,0.24773779576345717,4,16,140352.12094035454,30917.43807822237,13,4,0,0,3,2,0.787763786495763,1257.02194458222,FUNNEL_ACCOUNT
17,16,3,0.1666394411763526,2,22,229773.88134246028,61492.258990229006,12,4,0,2,3,0,0.557553287116674,6228.541819208724,FUNNEL_ACCOUNT
8,19,2,0.15324673190807953,8,12,250712.19802231388,52635.50106510026,18,3,0,2,3,1,0.6645718130348641,1824.2934297897464,FUNNEL_ACCOUNT
24,8,3,0.28892623998863953,0,18,125554.28609973336,7655.1942797499705,17,4,1,0,1,3,0.659713703454711,4734.127707767251,FUNNEL_ACCOUNT
10,12,2,0.1456417415370408,4,9,169613.90277593533,30892.249950779857,19,2,1,1,2,1,0.1402323691421551,4375.770572738767,FUNNEL_ACCOUNT
13,10,3,0.11595529245047322,1,20,120431.32267524935,46176.77014146504,12,4,0,2,2,1,0.7266065177922406,9507.847296009086,FUNNEL_ACCOUNT
10,19,1,0.10401004649509137,6,17,142979.87519154104,50450.09078839965,12,1,1,2,0,3,0.524200723166253,7478.139421925208,FUNNEL_ACCOUNT
9,15,2,0.23369903908904904,8,10,279378.85964292206,17974.119931008172,19,3,1,1,0,0,0.657893992729075,7903.0908224688565,FUNNEL_ACCOUNT
14,9,1,0.2561572496336959,0,19,104256.71131939557,32332.425524260852,20,1,0,0,0,3,0.040100899869539464,8550.381650088155,FUNNEL_ACCOUNT
20,8,3,0.10649691327276581,6,12,62937.60852012679,16706.119067058047,15,4,1,0,2,1,0.34556313557351703,1183.7502096239268,FUNNEL_ACCOUNT
16,9,1,0.16643505247763146,1,21,207951.0127282796,76533.29385305493,13,1,1,0,2,1,0.7514047501220174,6355.199827489828,FUNNEL_ACCOUNT
25,18,3,0.1505937954709721,1,13,187198.40257905505,37771.678857064166,12,1,0,0,0,3,0.1450315514349021,7469.793336857048,FUNNEL_ACCOUNT
11,20,3,0.24997041399004122,2,8,91185.21667018053,58913.69808172701,20,1,0,0,0,1,0.7821396147785482,8414.931567600015,FUNNEL_ACCOUNT
16,17,2,0.2561148339383843,2,16,124463.29799982368,29808.222141579707,18,2,1,1,0,2,0.7099782421526087,8703.840718318614,FUNNEL_ACCOUNT
10,20,2,0.20441578686922368,2,12,87103.39184700206,25331.72781897284,19,4,1,1,2,0,0.878726632021448,856.4933104485978,FUNNEL_ACCOUNT
16,8,2,0.2192717862045192,7,10,97748.84645342387,62147.99413294758,19,2,0,0,3,0,0.5106805614468887,8962.291257680565,FUNNEL_ACCOUNT
12,17,3,0.24136962403185452,8,12,64486.44303086003,56148.37506539344,14,4,1,2,1,0,0.0823453176484753,8349.525353004445,FUNNEL_ACCOUNT
21,8,4,0.13027582716462702,1,14,61010.93067066436,34328.26561976739,11,3,0,2,1,3,0.3910802669687983,5092.368267889002,FUNNEL_ACCOUNT
13,13,1,0.23220505204896835,5,24,295884.6848012819,77252.94096624658,8,3,0,2,0,1,0.043051111818026566,6444.468315005541,FUNNEL_ACCOUNT
9,15,4,0.10028669154552684,4,11,235493.84157779723,72508.66639082987,20,1,0,1,0,2,0.01285151168082832,2210.555737198476,FUNNEL_ACCOUNT
18,13,1,0.29318980569006503,0,9,256431.9839583834,30424.301982868026,12,2,1,2,0,0,0.7668246289956352,4636.8081098006605,FUNNEL_ACCOUNT
9,11,4,0.18905447456278085,7,25,262581.1564923606,71186.70452142239,14,4,1,0,1,3,0.0357784547447596,2379.392985216281,FUNNEL_ACCOUNT
9,15,1,0.24776164637372672,5,8,184943.33827681374,69218.51776659407,11,4,0,2,1,3,0.001039084182086647,1494.2096071125025,FUNNEL_ACCOUNT
25,20,3,0.10502956550611116,0,20,190626.71180530693,42401.20076390908,14,1,0,2,0,3,0.34749626732666405,7190.792787391141,FUNNEL_ACCOUNT
22,10,4,0.1030240568824404,0,18,92343.31049801807,33617.37256087031,12,1,1,2,1,1,0.6894626481004199,9859.312008539307,FUNNEL_ACCOUNT
14,11,4,0.29543067455570604,6,19,183060.403247643,18216.90076959046,11,1,1,1,3,2,0.8735452218200235,6435.231596032135,FUNNEL_ACCOUNT
15,20,4,0.2126270475038235,4,22,76171.94415745774,58649.48839944812,14,2,0,1,0,0,0.5120904023147244,4664.388084596252,FUNNEL_ACCOUNT
10,13,1,0.25368841778360457,0,13,172984.8180026597,60136.17471113574,9,4,1,0,1,2,0.3994946906301775,9529.818387743722,FUNNEL_ACCOUNT
19,16,2,0.2462014028941064,6,14,112635.74529894855,52896.339325169734,16,3,0,2,2,1,0.735047574114201,8551.548972760658,FUNNEL_ACCOUNT
20,17,1,0.19509852503505926,4,16,299108.0854899229,15308.448749605976,12,4,1,0,1,2,0.37701074019141345,9510.485138044602,FUNNEL_ACCOUNT
11,17,1,0.25510432469939587,8,24,179096.4566633672,75785.97416516842,19,4,0,1,0,3,0.8920290812918822,8080.123528167731,FUNNEL_ACCOUNT
24,11,2,0.25132271147637236,3,25,126079.85781618276,41858.99437559564,16,1,0,2,1,2,0.3470624184114802,7658.936715320781,FUNNEL_ACCOUNT
22,13,3,0.08012903055254088,4,18,171040.5096326529,73084.66549047906,11,3,1,2,0,0,0.4432835169759549,4564.129261290717,FUNNEL_ACCOUNT
10,14,2,0.11296284657329525,6,18,227195.74470890698,53094.850932389185,14,4,1,0,2,3,0.2808408221940324,9953.379801547075,FUNNEL_ACCOUNT
20,9,3,0.27148913175412065,6,20,173150.21021235528,24118.71699572892,8,1,1,2,2,3,0.4740724578720784,1071.6453697047414,FUNNEL_ACCOUNT
15,18,4,0.18506735731124133,0,20,50036.89366218854,21830.857264433827,13,3,0,2,2,3,0.828984514820606,4738.036639561637,FUNNEL_ACCOUNT
15,18,4,0.1853091661604338,3,20,142458.69100399778,23886.71294285888,10,4,0,1,2,3,0.9641113753753494,2217.9736041699816,FUNNEL_ACCOUNT
13,10,1,0.2683283553067144,8,16,132923.36437299696,71407.98501295965,15,1,1,2,2,2,0.23686254322014932,6738.674158862139,FUNNEL_ACCOUNT
24,16,3,0.27903408556426124,3,12,65694.40933184496,70701.08552641315,16,4,1,1,1,3,0.06243679130494273,8647.44197785831,FUNNEL_ACCOUNT
16,8,2,0.21536394758030608,4,16,125385.82328498302,36823.34854205792,16,1,0,2,2,2,0.27031678611673093,8548.878335796475,FUNNEL_ACCOUNT
22,9,1,0.1572096061557144,8,25,170106.33718603954,75714.35779538944,15,2,0,1,1,3,0.16555777421103546,4672.364727776878,FUNNEL_ACCOUNT
14,9,1,0.16751637245368686,6,21,156049.46346881997,28303.60845480054,20,1,0,0,3,1,0.06305650839033472,690.4989416721035,FUNNEL_ACCOUNT
13,10,3,0.1886877461452794,6,25,60603.807842175935,56521.01653954697,14,4,0,0,2,3,0.5694978533212525,6477.116465456508,FUNNEL_ACCOUNT
12,17,1,0.2958389611502381,4,8,123078.53690994013,10263.64420878041,20,2,1,1,2,1,0.19228139487359341,3496.757212784773,FUNNEL_ACCOUNT
18,9,4,0.10025736132324721,2,8,158696.20080331445,40411.52290245095,15,1,1,1,1,1,0.9486316968963614,5795.030080349,FUNNEL_ACCOUNT
19,13,1,0.2681549350100667,1,19,223591.28392908364,60329.72947546209,11,2,0,2,1,1,0.40024766988835625,3311.8780928317206,FUNNEL_ACCOUNT
23,8,3,0.17429097605667251,2,12,96652.609558986,10023.031997850652,13,2,0,1,2,3,0.4712259996107091,2708.490117678646,FUNNEL_ACCOUNT
8,1,2,0.024529299361047637,5,5,27433.11387246083,5789.230492473216,3,3,4,3,4,1,0.4193567010216891,8591.341241507216,SHARED_DEVICE
6,1,1,0.06271878863126662,13,3,5786.580420554541,4188.501976525605,0,3,2,1,5,2,0.1468215109109159,6293.355470194762,SHARED_DEVICE
6,1,5,0.06089700388409029,11,4,12925.99810705732,19911.045465614214,4,1,2,2,5,3,0.13439013715723436,1627.3342326044606,SHARED_DEVICE
4,0,2,0.07110167384301355,15,5,10481.296317331424,8942.000602946693,3,0,4,1,3,3,0.5128579440298453,9525.19688573553,SHARED_DEVICE
5,3,4,0.0013556135173109852,15,4,24603.236511911622,27081.911550657624,1,1,2,3,7,3,0.2619899972977472,2264.7676316826382,SHARED_DEVICE
10,4,0,0.06068620364868421,16,4,22062.204026149055,3232.8937045443695,3,4,4,2,3,1,0.3792754582523675,1124.755722701528,SHARED_DEVICE
7,4,5,0.016318789593086375,14,1,27031.264134501187,29702.277934691818,0,3,5,1,9,2,0.8938465415101234,8329.7474144812,SHARED_DEVICE
9,2,5,0.06757044433536946,12,1,8002.567714793863,18232.815003298514,1,1,3,1,8,0,0.9459207364658916,4030.331048117951,SHARED_DEVICE
9,3,5,0.01382312591497092,17,4,29659.60532372208,16817.757087973427,4,4,4,3,4,0,0.26472863116712264,3124.615171834783,SHARED_DEVICE
4,1,5,0.022625168580764257,17,3,19158.72660859674,13514.020388585113,2,0,3,1,9,2,0.1990257916361574,1432.3757101169708,SHARED_DEVICE
8,5,0,0.04995761684619013,9,2,2175.15661916608,15220.81619066074,2,4,3,1,3,2,0.6950396075510579,2296.7854459436066,SHARED_DEVICE
12,3,4,0.06326140713685517,11,5,5751.851158944812,711.2128021613473,3,3,5,3,8,0,0.3682217446503231,5741.885285869647,SHARED_DEVICE
5,3,2,0.04164015022441996,7,3,24113.437948122646,7690.348098066731,0,4,2,2,9,2,0.014257642026395234,1044.2920257480987,SHARED_DEVICE
8,0,0,0.07746730463275302,15,1,10734.44261500691,21844.675464295517,0,1,4,2,8,0,0.008393093009938957,7388.788331563152,SHARED_DEVICE
5,1,2,0.06734945378371669,8,3,8146.996036677829,3033.8492848205124,1,4,4,2,7,0,0.6121527268793885,6782.727585937267,SHARED_DEVICE
5,0,0,0.0076990228204855,18,5,29085.65779794336,4726.504068932403,0,4,3,1,9,1,0.9314204728362364,4407.599238507467,SHARED_DEVICE
9,4,0,0.07334947449129497,10,1,2310.488610926421,4940.909231366472,1,1,5,4,6,3,0.5797037320255597,4124.672284006825,SHARED_DEVICE
9,3,4,0.024594479262495545,16,0,9218.460980404372,11792.446126996412,1,1,3,1,8,2,0.6624603092875371,6609.9308954919625,SHARED_DEVICE
5,1,4,0.051286183636598315,16,5,6942.998930197848,4572.135358607492,3,3,2,3,4,3,0.18502498020875813,3223.5175226495453,SHARED_DEVICE
9,4,4,0.059817111991226496,20,1,10187.155754004018,2732.274804668803,2,4,3,2,4,1,0.6227040322436073,2931.8616862950817,SHARED_DEVICE
11,4,2,0.011324060716920412,8,5,27785.501772860403,20099.9245431059,4,4,3,4,8,0,0.8911208819964233,6363.5741451581425,SHARED_DEVICE
4,5,2,0.011648752708882873,13,0,10068.147593962152,14719.241227737226,0,1,3,1,5,3,0.13718605579187437,4042.332877649243,SHARED_DEVICE
4,0,0,0.009245433278752132,9,3,8450.738137429888,9071.023873874108,2,1,4,3,5,3,0.6421937456587631,5270.642902254616,SHARED_DEVICE
8,0,5,0.010150872127665104,16,0,9173.271185911432,13991.382658370132,4,3,2,1,6,2,0.40284515672814947,6120.678090619556,SHARED_DEVICE
5,5,3,0.06290088909265812,6,5,5036.778308580906,13416.818910810387,3,1,4,4,8,0,0.9455710130934383,4707.480379009499,SHARED_DEVICE
7,5,1,0.010250940946030677,14,1,4321.005169531527,25300.900069235526,3,0,3,2,4,2,0.9319356126332204,7387.273178415728,SHARED_DEVICE
5,0,3,0.071599181280674,8,0,29545.18349605444,22159.452407639234,4,3,2,3,4,3,0.5822148433816702,876.8493021541162,SHARED_DEVICE
6,3,4,0.07220939186433134,14,2,17486.92476601051,27405.12956617491,3,0,3,4,5,3,0.010463037951051413,4322.263310577977,SHARED_DEVICE
5,5,3,0.059261399257635176,14,2,2075.6743429103994,8434.609352429152,4,3,2,4,7,2,0.6461353577204982,4865.453112551466,SHARED_DEVICE
8,0,1,0.05866381614646163,8,0,15268.75278406922,7664.66755494143,2,2,4,4,10,3,0.3897304492277295,9590.401370044961,SHARED_DEVICE
9,3,0,0.04208657513189077,12,5,13215.917641956312,6607.803246940856,3,3,3,4,6,3,0.9723838308295625,7538.11969809979,SHARED_DEVICE
11,5,4,0.06636245477389514,20,3,9529.428723915169,14865.233151709746,2,0,2,4,3,2,0.3435202290257503,4662.76538873566,SHARED_DEVICE
6,2,5,0.051191970928478554,17,3,804.0205369173148,591.2422548017271,3,1,2,2,8,1,0.4707562191194924,9634.615714391297,SHARED_DEVICE
10,2,0,0.029338284353034087,11,3,19372.068624594238,18794.359750132917,2,0,4,2,7,2,0.4310700842791575,1982.1228293289603,SHARED_DEVICE
6,1,4,0.05955286630108738,19,3,5545.093445595547,1538.6438984872764,0,0,2,1,7,0,0.4576094088102308,4071.9170178050153,SHARED_DEVICE
7,4,3,0.03611327645218158,5,3,5107.219302788153,1006.4844164875852,4,1,3,1,8,3,0.7206723007519475,9904.823254125087,SHARED_DEVICE
8,0,3,0.07148688409824763,6,5,3405.4321809917656,21624.397062075368,2,4,2,1,3,1,0.21742080447763257,2875.427555393794,SHARED_DEVICE
11,0,4,0.04557817362266621,20,4,22402.153246274087,8924.276469307291,3,1,4,1,9,2,0.1198192067185535,9650.801411925373,SHARED_DEVICE
8,4,3,0.002197012506320233,19,3,10609.366946150896,2418.4519684284664,2,1,3,1,3,0,0.4952628376097128,943.4273248149957,SHARED_DEVICE
10,1,1,0.04490864006685178,17,5,27935.284886355763,17923.508555525885,2,4,2,1,10,3,0.932399088837633,2061.7324794605574,SHARED_DEVICE
6,5,4,0.03601744768346492,10,1,22889.395700834502,15477.950436775489,0,0,3,2,8,2,0.17212424194097298,9375.376783423728,SHARED_DEVICE
8,3,3,0.02683403971447703,8,3,23869.726253512305,24056.652642035344,3,1,2,2,9,3,0.5488884095128359,4392.736832269373,SHARED_DEVICE
10,2,5,0.024879453855631867,17,0,7428.952126887663,19760.66341727432,4,3,2,3,10,2,0.6703384770518218,1235.2934594601757,SHARED_DEVICE
11,1,4,0.06858410503105333,11,2,8812.621254297355,17610.0215498129,0,2,2,3,3,0,0.16695701791305084,6772.23092643281,SHARED_DEVICE
10,1,1,0.07594625797933555,10,1,8226.90600089524,20026.442319569447,2,3,4,4,6,0,0.08502765435835846,6135.04940865953,SHARED_DEVICE
5,3,4,0.005702612257309019,9,1,24426.811447304142,15260.405019697235,0,1,5,3,5,3,0.17854608443763853,9691.61251952007,SHARED_DEVICE
8,2,1,0.04370248333051628,18,0,13292.401208806563,23719.295306743123,3,3,4,2,9,2,0.6796361393076407,2037.0664337190344,SHARED_DEVICE
10,4,4,0.017303064605533994,5,4,15413.28755043951,21992.372009227096,1,3,5,4,9,2,0.8332036929914236,5974.87870405479,SHARED_DEVICE
11,3,4,0.02953761244838223,12,1,1525.5394634405206,1483.845901433166,1,3,2,2,3,3,0.6590135977731094,649.686866765301,SHARED_DEVICE
12,0,2,0.011361017037758199,10,3,24134.2843634497,8660.520192140602,1,3,4,3,7,1,0.6852386177155366,9898.92816451207,SHARED_DEVICE
5,5,1,0.04885951950930225,7,5,21928.8769157472,26164.603151227115,4,1,4,1,9,3,0.17386131583307307,9207.277725585407,SHARED_DEVICE
8,4,4,0.0655087403959999,20,2,16027.794233256689,21714.92972874609,2,0,4,2,5,1,0.43759143461728134,9955.13522291584,SHARED_DEVICE
5,1,3,0.03908207668815216,19,2,21112.124631749382,21181.836534524282,1,1,5,2,5,2,0.2381126220971791,3540.816671973121,SHARED_DEVICE
9,0,0,0.05636972228592737,18,3,24444.390468815884,29660.66608891531,0,3,2,2,6,1,0.7749143761331001,3313.642273961118,SHARED_DEVICE
4,5,2,0.06623528031366424,8,4,4468.225756602336,17248.860911899268,3,2,5,2,6,0,0.2121967741293227,9016.857514372268,SHARED_DEVICE
9,4,2,0.0778701242206186,18,4,25811.059636075563,23258.389996913775,1,3,4,1,9,3,0.8822422827587602,8766.090448907988,SHARED_DEVICE
8,3,0,0.059251188149323446,14,4,11347.162859455973,29503.243559527655,4,4,3,3,5,2,0.23449651487404366,6832.977213286153,SHARED_DEVICE
5,3,1,0.03438601744027849,5,1,14037.540808925498,22918.504015708815,2,1,5,2,4,1,0.6797271244341033,1746.302185111457,SHARED_DEVICE
6,3,1,0.008316559465945561,14,2,937.6496810396428,5299.704951998895,2,4,5,1,3,0,0.5061167160834501,2454.9982751453326,SHARED_DEVICE
5,5,2,0.007006148675243651,16,2,19505.653253158103,21955.944121276592,2,1,5,2,6,0,0.605445643318507,9654.706783678128,SHARED_DEVICE
6,5,0,0.05612589201838998,9,4,29731.573509687998,7293.242574509938,4,1,3,1,9,3,0.800812277273588,5672.849635993821,SHARED_DEVICE
8,2,4,0.05501998069379026,15,1,27935.691990771877,10397.150396003159,0,4,3,1,7,0,0.42722020852231923,2171.954434416436,SHARED_DEVICE
8,2,0,0.016024667749991874,5,3,3329.3714642581763,6691.102627129997,3,2,3,2,10,0,0.4293464856299314,603.0543299601604,SHARED_DEVICE
8,3,3,0.006258213595779952,9,4,7789.847660932584,121.83586156463977,4,2,2,4,10,0,0.4534296750235176,5522.155741195138,SHARED_DEVICE
11,3,1,0.06832381847657197,20,2,16638.33895996947,5091.098609460229,1,0,4,4,7,3,0.5519539559305517,8910.643387672822,SHARED_DEVICE
7,0,4,0.0656533379219892,19,1,7402.893724372019,3620.4733222092145,2,2,4,1,6,0,0.4344563567056843,3302.1211080776256,SHARED_DEVICE
9,3,2,0.02250732919317138,6,1,24555.735645209847,18967.66932101912,4,2,5,2,9,2,0.9337495242065096,7647.887662702679,SHARED_DEVICE
9,5,2,0.012837099139148843,18,1,5694.876711641134,28216.498913643543,1,4,2,4,10,2,0.20267290572432206,3909.8588830972026,SHARED_DEVICE
11,4,3,0.05628904867222574,8,3,10023.134733578323,19414.605728755694,2,1,2,1,10,1,0.42093360725973583,2178.035976548528,SHARED_DEVICE
7,1,5,0.027399407384973085,15,2,29316.90622760475,18164.85180020586,2,0,2,4,5,1,0.6069164593791161,5612.12985160614,SHARED_DEVICE
4,0,3,0.04643098306916681,9,2,2554.5142543833986,26912.8667338131,0,2,5,4,9,2,0.3100218454168012,8795.31937314975,SHARED_DEVICE
10,4,2,0.03956988231045099,19,4,677.7039055101985,23340.560131532508,1,3,3,1,10,2,0.25148759723382863,4887.893565703595,SHARED_DEVICE
8,2,0,0.05336812296197611,6,2,844.7698642084167,21119.79193737895,2,0,5,1,8,1,0.8265640795230746,9679.649100977287,SHARED_DEVICE
9,5,5,0.005003547965898862,14,3,4588.202066031751,4546.357498874869,0,4,2,1,4,1,0.6181845369069275,541.5408142186525,SHARED_DEVICE
11,5,3,0.014118769536555158,15,3,10423.058643762211,11104.321030229667,1,1,4,4,7,0,0.2524544567853,9621.646781973106,SHARED_DEVICE
7,2,1,0.0659754886520956,9,2,6322.106977554295,28305.457736320383,4,4,4,2,3,2,0.06620999850878095,9229.698765273453,SHARED_DEVICE
5,1,0,0.009400734557055843,11,2,19854.76317352598,23696.00309163581,2,4,5,4,6,1,0.8744256570589312,3261.250613696807,SHARED_DEVICE
6,5,5,0.003397761557768133,19,5,16411.444035107936,24534.29754492486,0,4,3,1,9,0,0.8845692905324203,6818.938618818848,SHARED_DEVICE
9,5,0,0.05291335928772831,16,3,24072.670775989904,27871.137423980086,1,1,5,3,6,0,0.7703549465220217,1834.128477264998,SHARED_DEVICE
10,2,5,0.005106885971735515,10,1,19664.540443182337,5677.645805928022,2,3,3,3,3,1,0.5918334870021408,5872.859527642797,SHARED_DEVICE
9,4,1,0.004606440201686732,12,4,19010.26465259582,18691.20554819028,2,2,5,2,9,0,0.6548964022937944,6409.946537847749,SHARED_DEVICE
7,1,4,0.07606148161838273,14,4,11488.370787386375,21537.7109082408,1,1,4,1,5,3,0.38399886317694787,9870.616991368128,SHARED_DEVICE
9,3,4,0.049258768305080906,14,3,28885.37374675416,10865.79782094998,2,2,4,3,7,0,0.6800963649364523,1563.082149840604,SHARED_DEVICE
11,0,3,0.02168201867159775,16,2,23956.1408149782,24708.871474421576,4,3,4,1,5,1,0.10267861725818017,6691.332126368656,SHARED_DEVICE
11,4,0,0.002084304667212349,15,2,187.10703204645517,8229.181790164223,0,1,3,3,10,0,0.9872669886811142,9136.456315574425,SHARED_DEVICE
10,1,3,0.017168426193778438,8,1,1673.3371080168702,22878.9859877339,3,1,5,4,5,1,0.15836078188531555,1483.0146985956876,SHARED_DEVICE
5,2,3,0.012830321847590183,14,2,9086.846343671137,17313.109984373048,2,4,3,3,3,3,0.9367355357889644,4278.732150915118,SHARED_DEVICE
10,2,3,0.02915836627397363,18,4,13169.76906975964,25379.137068086144,3,4,4,4,9,2,0.7696479149762666,3861.9915072789554,SHARED_DEVICE
5,5,2,0.05415867298642512,15,4,134.26743184557054,3528.3450545526853,3,2,2,3,3,3,0.9233810326460803,8710.903582740897,SHARED_DEVICE
8,2,3,0.04024635997794152,17,1,26177.46639974973,12742.535605059682,3,4,5,4,3,0,0.8480778763404552,5681.859392281932,SHARED_DEVICE
7,4,2,0.0025330124592935644,13,5,12525.891097386062,22890.765994344492,2,0,2,2,7,1,0.3346298722533976,1544.08842513118,SHARED_DEVICE
9,1,3,0.030242654826331688,15,1,2877.7198985656296,26138.24895627298,4,3,4,3,6,0,0.3151147266505012,1426.6785513591794,SHARED_DEVICE
9,2,4,0.0690957872037633,15,0,18273.16059782697,25079.55676383036,4,0,3,2,10,1,0.9439880426837324,9261.35901165865,SHARED_DEVICE
7,0,4,0.055440293576813814,8,0,2694.4415636076546,20021.01666523405,4,3,3,4,3,0,0.28713078717653007,6268.752202548733,SHARED_DEVICE
11,5,0,0.022546713753078446,14,2,22557.50173095803,19053.333666086248,0,4,4,2,7,0,0.027998617640854206,7196.074135157521,SHARED_DEVICE
11,1,0,0.0013182852960142454,15,0,500.86669830388007,15267.733612248687,2,0,5,2,8,2,0.27143339492584695,842.3836038635227,SHARED_DEVICE
10,2,0,0.02676756381550005,8,1,1444.6982533706077,6151.851219983601,2,3,2,4,7,3,0.6573685251377118,781.4863240422119,SHARED_DEVICE
10,0,1,0.06537165972112129,8,2,25867.49364955791,6149.390275748964,4,2,3,2,9,1,0.4843780581878283,7502.082631625918,SHARED_DEVICE
9,4,5,0.053711074525804224,13,2,858.7026078168791,26592.53150690588,4,1,2,2,3,0,0.010769249273161585,7260.588795993488,SHARED_DEVICE
12,4,0,0.026746218175578845,20,5,21117.02246835554,18027.028052811464,1,4,4,1,6,1,0.2045175170649267,3905.985987837181,SHARED_DEVICE
7,0,0,0.04489295394174182,12,1,23503.74020538802,20655.43767550644,0,0,3,1,7,2,0.8774125923849758,9394.200123983936,SHARED_DEVICE
11,0,5,0.07241909887920149,10,1,13959.348249053992,22753.415501575513,0,1,2,1,6,3,0.2399892899817625,7583.952787100971,SHARED_DEVICE
9,4,1,0.014483950662130098,14,1,8457.76331105662,8812.208322914457,1,2,5,1,3,0,0.415383881931807,2926.4058066027274,SHARED_DEVICE
7,4,4,0.0013645863621590416,11,2,8839.681632234715,3993.334980680071,0,3,5,4,7,1,0.8518492849679137,7960.000436074592,SHARED_DEVICE
12,1,0,0.06717019637906155,7,5,5116.99885102218,21216.28488753289,0,3,3,2,3,2,0.5205558099986511,2710.1013167262445,SHARED_DEVICE
4,1,4,0.07647827501740155,9,0,12553.68155681391,11040.522828539291,2,3,5,2,3,3,0.9530681107318659,582.5699047877964,SHARED_DEVICE
9,2,0,0.036564904951911656,12,2,8534.34802272192,19101.50162193236,2,1,2,1,4,0,0.7563559315809114,2829.769685432601,SHARED_DEVICE
8,4,3,0.04334148163739974,14,3,17697.019085120697,24595.506764222657,0,4,5,2,8,2,0.27157582095713506,9158.750123187947,SHARED_DEVICE
10,5,0,0.023107556396422257,14,2,25031.16070627453,29748.905925203013,0,3,4,1,7,2,0.5868004486105995,9442.538835088597,SHARED_DEVICE
12,3,5,0.06407708666509676,12,0,15504.343822945819,23946.387088092022,2,1,3,1,7,2,0.37890666215123137,8713.603624427,SHARED_DEVICE
11,4,2,0.012420440361762514,16,2,2937.531446772016,23305.81525792169,4,4,3,4,4,1,0.6152466030020677,5132.923469740825,SHARED_DEVICE
7,1,2,0.009246849515538242,19,2,29650.053485282337,45.00025136282226,1,4,5,2,3,1,0.2879719248027113,1805.7227262412214,SHARED_DEVICE
6,4,3,0.027642992267927352,11,5,28288.97051694767,1558.7342208396415,3,1,2,1,8,3,0.20973718334819325,9582.40694583828,SHARED_DEVICE
12,2,2,0.05459087367585278,8,4,23567.337508326495,29080.280903367217,1,1,4,1,4,2,0.8790197677917343,7408.976313314652,SHARED_DEVICE
7,1,4,0.009608398376057252,8,4,8559.256449692639,23400.834793416994,0,3,3,3,10,2,0.33940200647767027,8202.187522743967,SHARED_DEVICE
4,1,5,0.001006506246560015,12,0,27767.793433000843,16953.197943042243,1,1,2,1,10,1,0.8279551016289481,9725.882759954591,SHARED_DEVICE
11,1,1,0.01070219355427633,10,2,19729.783352264214,19660.00999428675,3,1,2,2,4,1,0.8390093562963359,7499.024981780563,SHARED_DEVICE
6,4,4,0.07539473270657744,7,2,29540.07068532199,1495.5034434398417,2,0,2,4,9,2,0.2908789564032196,6423.1213884022045,SHARED_DEVICE
4,4,1,0.006820807510628777,17,0,15201.960409342362,10705.174753086521,3,3,3,4,10,0,0.05264094749416803,3122.428743684324,SHARED_DEVICE
9,5,1,0.017781758962454923,20,5,10185.14823398225,14140.507661080104,0,0,5,3,6,3,0.8602712855562712,7628.810082418574,SHARED_DEVICE
6,4,2,0.06860914397118245,10,1,24511.27606499935,2732.34167957753,4,2,2,2,4,3,0.22687156394860442,950.8514240077884,SHARED_DEVICE
11,1,3,0.07777019091492804,17,3,3396.359479435791,4180.390297417414,4,0,2,3,3,0,0.15423102960474522,1952.4094030895342,SHARED_DEVICE
5,4,5,0.0746145911064224,16,2,25913.109629426544,4572.195762937959,1,2,5,1,7,2,0.4943120954637181,2614.1234614817613,SHARED_DEVICE
6,1,3,0.02706615699845945,17,0,27762.622576926013,26681.189972639942,1,1,3,4,10,3,0.42413906344693464,8735.769913701432,SHARED_DEVICE
8,2,5,0.03521722530605806,19,4,24142.399137242493,29851.165507347363,2,1,3,3,7,0,0.3600216850442569,7926.441789078315,SHARED_DEVICE
5,3,2,0.01835291950838956,12,4,25258.87927621853,28795.04903890166,3,0,4,4,8,1,0.06909478536640945,4567.887819861472,SHARED_DEVICE
4,1,0,0.007669420106553577,15,4,24353.224527141323,7652.0327489445,0,2,5,1,6,1,0.8406183990785822,4920.4512708270795,SHARED_DEVICE
8,2,4,0.05159140464507241,11,3,7825.819400106344,7887.321628700443,4,3,3,1,7,3,0.2599412436260715,3819.6905364817535,SHARED_DEVICE
6,3,2,0.0322869059533664,8,2,29386.53331132519,26586.104409074753,4,2,4,2,3,3,0.9074017763291422,5071.482262021846,SHARED_DEVICE
5,4,3,0.07707322504465573,10,1,23331.85648727265,26585.376619255523,2,2,3,4,8,1,0.8034602797284983,4420.917630808008,SHARED_DEVICE
11,0,0,0.07016059637573019,16,1,23903.86319667623,28840.277819034603,2,4,4,4,3,0,0.8016070855138712,5815.178018428056,SHARED_DEVICE
8,0,4,0.057466244844010604,18,3,6637.779478133704,18936.240975588353,0,2,2,1,6,0,0.62177816746975,5082.655478256102,SHARED_DEVICE
4,4,0,0.031008404236012935,19,0,21274.800836296094,23160.604336820536,4,4,3,4,3,0,0.45606138615021796,8408.509178468461,SHARED_DEVICE
8,3,3,0.047284767661734846,6,0,14282.747536827585,20941.110901712193,3,1,5,1,4,3,0.3450362802268382,2109.2335630820294,SHARED_DEVICE
10,5,4,0.07296825805414728,17,0,8761.694815353323,48.58387881604753,3,0,5,1,3,1,0.3703935938307614,6918.058272794503,SHARED_DEVICE
10,4,2,0.06291546240071914,8,5,194.1958441497227,1870.8023047477352,0,0,3,1,8,1,0.7249015876406352,2108.1034963670077,SHARED_DEVICE
11,0,0,0.060909564444101644,14,4,22018.154646188737,16988.76593916079,2,4,2,1,4,3,0.4363701612949058,5422.537904675816,SHARED_DEVICE
9,0,0,0.06331856119828264,19,1,25078.369791687972,16759.28283106224,1,2,5,1,9,2,0.7730096067124499,9164.98654122976,SHARED_DEVICE
6,0,3,0.0015808521912281837,13,5,9802.81574722802,25613.953538556965,4,3,2,2,8,1,0.706109287406614,9273.72910841407,SHARED_DEVICE
6,2,5,0.03732841309757817,15,2,25113.75009363172,9860.54644032725,1,2,3,1,10,3,0.2152695376061491,9666.105188880796,SHARED_DEVICE
10,3,0,0.06750913720506213,10,1,71.4270370985981,498.97634996918794,0,1,5,3,7,0,0.778147082954726,4445.5481862375045,SHARED_DEVICE
10,4,0,0.03991983766080119,10,5,1853.4314730533285,27635.23865507701,2,4,3,4,3,3,0.4174184902862278,8736.152274657567,SHARED_DEVICE
12,5,2,0.06754740155335874,16,3,1246.9004669081708,23760.269369506263,3,0,4,3,9,2,0.9874277549270798,9715.952150873067,SHARED_DEVICE
6,5,0,0.01960939090720789,15,2,10337.171449703119,7639.995478237913,3,4,5,4,9,3,0.7697531149907357,1887.206937403932,SHARED_DEVICE
8,1,3,0.06889950174398364,15,4,20657.793202702836,10282.857930960821,2,0,3,4,9,0,0.15532351764440866,1451.1892577484523,SHARED_DEVICE
6,2,1,0.04433024823073492,20,5,29497.22617384142,6452.365399103676,1,2,3,4,8,1,0.34910892983970976,4463.73036049011,SHARED_DEVICE
10,2,4,0.07213041879796614,19,3,158.91707834474354,23616.721178093772,1,4,2,1,8,1,0.8094754713442845,4933.898013598325,SHARED_DEVICE
12,0,2,0.07013186162063235,19,5,10684.065017557483,23161.01622469595,0,3,2,1,8,2,0.24334919161762403,3096.6026933815406,SHARED_DEVICE
4,2,0,0.0461484454725874,13,2,6059.781588247614,18004.2724568744,2,0,2,1,3,0,0.8717533111756987,4021.110956455503,SHARED_DEVICE
7,0,0,0.01113129464353925,11,1,4149.788115176919,424.16110873257475,3,2,2,2,9,1,0.44646886470349334,4424.115858754778,SHARED_DEVICE
6,3,3,0.058927104011968795,12,0,9281.876216787996,2374.825346455811,0,3,5,3,5,0,0.2763212182281791,3028.2817079129577,SHARED_DEVICE
12,5,2,0.05844291769353388,16,4,28214.990615565854,15186.360940419736,1,4,4,3,3,2,0.7086776399926322,1776.4589828253218,SHARED_DEVICE
12,5,3,0.02076518252260989,15,2,17518.728217367257,14657.079326463032,2,1,3,2,7,2,0.8168418750697511,4853.361131017579,SHARED_DEVICE
8,0,5,0.05209831055269077,16,3,3663.577218650853,282.7184899371615,2,4,4,2,3,3,0.4455231839921022,3556.369681671195,SHARED_DEVICE
6,3,1,0.07811758979801396,15,5,5301.785956975984,23548.75114894359,1,4,4,3,6,0,0.7460565542554392,6473.934829238036,SHARED_DEVICE
11,5,2,0.03202491324734287,8,5,25280.10871014374,14624.666571958309,1,0,2,1,6,2,0.36215054639305866,7334.22938348784,SHARED_DEVICE
8,0,3,0.02808444268818005,20,0,20011.060060465097,10945.18383380416,1,3,4,2,10,0,0.33690220927106984,3728.0360465722674,SHARED_DEVICE
11,0,1,0.025892624825788593,11,5,26881.39483995256,20071.41631398336,4,0,3,4,7,1,0.33079643870308095,2010.9679986167914,SHARED_DEVICE
9,0,3,0.006595674018409765,17,5,19323.53085267503,18491.58372160783,4,3,2,3,6,1,0.6666420824426641,4985.10515744549,SHARED_DEVICE
10,1,0,0.055440007203771374,7,3,28318.55596943883,28345.388029601472,0,3,4,3,7,1,0.9968162904144685,5691.965877863962,SHARED_DEVICE
12,4,1,0.016436865985005697,12,3,9595.25012556927,22703.511857364312,4,2,2,4,3,3,0.748517832480604,1689.2287503492146,SHARED_DEVICE
11,1,1,0.05477930687029708,14,4,9760.12919849955,5151.58947064296,4,0,3,4,4,0,0.19927008968034365,9002.709970529459,SHARED_DEVICE
8,5,2,0.07625864164289509,11,0,5964.749387574574,119.29134969540955,2,2,5,3,4,3,0.9202803469524461,1650.506397026786,SHARED_DEVICE
12,1,1,0.06062145839632823,19,0,25780.91691104977,28547.969137626802,1,3,5,4,3,3,0.7345965605466607,4901.664145523766,SHARED_DEVICE
10,2,0,0.036518689226549175,11,1,12802.706221776663,28090.296101544893,4,2,5,3,8,1,0.42653728337495156,9511.432468510446,SHARED_DEVICE
10,2,3,0.021691458741215836,7,4,21274.15543638588,1923.341493450662,2,0,2,1,3,2,0.5147972765847121,2498.3263613607833,SHARED_DEVICE
7,0,4,0.03906156128983195,8,3,6501.929133645315,26621.619064673832,0,4,2,4,5,3,0.08122362618435175,1403.3549115550265,SHARED_DEVICE
6,0,0,0.06781301291271012,14,4,22110.645032384906,13697.997500222122,0,0,3,4,5,3,0.6836744311615437,3534.3644404359175,SHARED_DEVICE
7,2,1,0.054889955829579284,12,0,15310.97287849056,27209.36755746509,3,3,2,4,7,3,0.9481208956929668,2408.7004455783585,SHARED_DEVICE
6,2,1,0.057055435163622804,15,0,28505.401036156563,24003.14908825581,2,2,4,4,9,2,0.06260939011594469,8682.984221185865,SHARED_DEVICE
9,1,4,0.008776940379000458,14,3,2869.17345984299,9891.481306813504,4,1,2,2,6,1,0.28732500315818077,2725.597887858887,SHARED_DEVICE
8,5,3,0.024893192643956247,11,4,19041.092759639876,15150.35981855798,2,3,3,1,10,3,0.6998466500289993,3393.38359411189,SHARED_DEVICE
7,0,1,0.07154300828571368,6,4,16299.024657778173,14688.248401523422,3,2,4,4,8,1,0.7695275102937549,3734.1951998303434,SHARED_DEVICE
7,2,5,0.03344983137825679,5,3,22352.660719858726,16365.394478377966,2,2,3,3,4,1,0.3079232803492149,2070.7399228580716,SHARED_DEVICE
10,3,1,0.04887017233987682,13,2,25166.21844078077,11000.533421741378,1,0,5,4,10,1,0.8919668987906298,2714.4161539749407,SHARED_DEVICE
8,0,5,0.0716794419239907,10,3,6089.18434055366,14073.60521748899,0,0,2,2,8,0,0.21783579641034667,9212.584027562909,SHARED_DEVICE
5,3,1,0.05499857111566769,19,4,28787.302206877725,1589.3765265863713,0,0,4,4,10,2,0.901137042310735,7172.076142702735,SHARED_DEVICE
8,2,4,0.050058034482324175,17,4,21973.80152628881,10665.574028769763,4,3,5,1,3,0,0.4581041180892419,9638.368090356538,SHARED_DEVICE
12,1,5,0.05742028270427509,5,1,622.5339037721877,25809.101085952487,1,1,4,2,3,3,0.5202244360494838,4543.756016708807,SHARED_DEVICE
9,3,2,0.0048376438864926995,15,1,26346.92303467988,27475.884886043597,2,0,2,2,6,0,0.734333637676986,9978.085248668041,SHARED_DEVICE
4,4,2,0.03811094190910023,18,4,21359.92660883958,18913.25192595981,4,3,4,3,6,1,0.7551672065146248,6110.584084239659,SHARED_DEVICE
7,3,0,0.011478202161046199,11,5,14727.418134380121,4570.169921264255,1,2,2,3,6,3,0.7506181528288516,9933.544264488433,SHARED_DEVICE
6,4,5,0.046110516707769875,6,1,29395.812957680126,1991.6030417946572,0,0,4,1,10,2,0.04773290434760957,7897.739695613103,SHARED_DEVICE
11,5,2,0.014665942123206755,10,0,14727.636364736076,7447.501395135183,0,1,2,4,9,2,0.06260626235868971,8902.163598311217,SHARED_DEVICE
12,3,4,0.06828463013592875,7,3,4233.290693570698,28393.511170549144,4,1,3,1,8,3,0.13578595590389952,8977.240749015515,SHARED_DEVICE
6,0,5,0.07465385168214839,16,3,2405.3239580047803,4313.137890516036,0,2,5,1,7,2,0.09206460871047861,4265.750666898526,SHARED_DEVICE
11,3,2,0.07408133786327768,11,5,13004.706899568711,15223.251753123517,1,1,2,2,4,3,0.4624898366371498,6922.892595830969,SHARED_DEVICE
6,3,3,0.057705021347330535,10,3,19975.73305577081,22563.257883614482,3,0,4,3,8,3,0.5774209712580454,4526.987845907043,SHARED_DEVICE
12,1,0,0.05595161078533729,13,4,18193.0295851302,14909.359775642677,0,3,5,3,10,2,0.7377869531274033,1332.954427283504,SHARED_DEVICE
11,5,1,0.0006167079267026665,20,5,11342.636917436428,25769.327342095567,3,4,4,3,8,3,0.36704910078761765,9716.017882442464,SHARED_DEVICE
9,2,1,0.00034053241013841883,9,1,22417.28871017332,12556.503628463193,1,0,2,3,4,1,0.17330436666318538,9795.413340439656,SHARED_DEVICE
10,3,2,0.060197168134767165,13,3,22811.214924534423,17159.85177783194,2,2,5,2,5,2,0.7700951216378056,1931.5734897942673,SHARED_DEVICE
12,3,0,0.0161147826791104,19,5,24163.9228195753,29003.45351598741,0,3,5,3,4,1,0.25506770846341076,5493.370293371671,SHARED_DEVICE
12,4,4,0.06703523718663529,16,4,7338.354362108751,26201.20028186591,1,4,3,4,5,1,0.5269822958566824,8279.900078333401,SHARED_DEVICE
7,3,1,0.04458301655682994,16,1,3074.8877475523673,29935.967708876684,2,1,5,4,6,0,0.4911552802344328,8365.435939522897,SHARED_DEVICE
9,4,4,0.04182155968252754,9,5,7669.54666158161,27442.64392483873,3,0,2,4,10,1,0.5942552455417914,8458.37579227885,SHARED_DEVICE
7,3,5,0.05049422349567426,6,2,2645.2986668634326,1697.3386219568642,3,3,5,1,4,3,0.9618274006481649,6871.542452007823,SHARED_DEVICE
5,2,3,0.04011019524909288,9,2,990.0309208521662,6465.979298684889,3,2,2,2,6,1,0.9745664317629341,1832.715881505464,SHARED_DEVICE
10,3,1,0.03116257032763005,10,2,16096.37937107914,23397.847251367264,0,4,3,3,10,1,0.1412310718023826,3360.88460090506,SHARED_DEVICE
8,3,1,0.047953465909202374,5,4,22964.366185834275,24240.02373145647,4,2,3,3,3,1,0.5527562270220259,6930.522510526123,SHARED_DEVICE
7,3,5,0.07462751609087379,13,1,20918.16879270693,8032.358060376234,2,0,4,4,8,0,0.31045940148249673,7677.561927125436,SHARED_DEVICE
10,2,1,0.07931186996799897,15,1,16960.072157923423,3009.9136492197254,0,3,4,4,4,3,0.14241972677036252,2026.6786131498488,SHARED_DEVICE
12,0,0,0.011820771990286172,13,2,13806.432360820208,10899.570228640156,0,3,2,3,4,3,0.6937936213836247,2810.7541437123873,SHARED_DEVICE
5,4,3,0.05192670321126987,12,4,27919.358484783326,15471.650784660786,0,1,4,3,8,0,0.05466351676953807,4324.158905541278,SHARED_DEVICE
9,1,2,0.02049100358415763,11,1,10161.552470044202,6363.829265869618,1,0,2,4,9,2,0.7667891687446922,2300.5894750957295,SHARED_DEVICE
10,1,4,0.006330908725757256,7,1,9814.430010450766,27364.904442785424,3,0,3,4,4,2,0.7083789711085373,623.6803045500033,SHARED_DEVICE
12,2,0,0.05639458585197993,12,0,3392.206072176962,13601.32943707162,1,0,5,4,5,1,0.06924952026750975,3482.7144388645097,SHARED_DEVICE
8,4,2,0.004512628531824596,13,4,15073.75345211634,1420.0444490653053,3,0,4,4,8,0,0.1497696463213254,4379.743229650494,SHARED_DEVICE
4,4,2,0.02178720650752241,14,4,26216.6785244224,16308.40054387521,3,2,4,3,10,1,0.9044720791248949,6593.93207745475,SHARED_DEVICE
9,0,2,0.03192884765896973,12,2,823.4640638308422,23576.064912959857,0,2,2,1,5,2,0.6261465578625879,8780.249431927685,SHARED_DEVICE
10,3,3,0.050270039662703714,20,4,25090.00295146436,25393.205654322013,2,0,4,4,6,2,0.6439198506818149,7114.217112576922,SHARED_DEVICE
10,4,0,0.07413972234835665,9,3,7996.572157536085,13850.074444405287,4,4,2,1,3,2,0.8695858355790836,1285.1661860354825,SHARED_DEVICE
6,2,3,0.0056997042353644205,11,5,7534.9312295562695,19569.45804384602,1,0,3,4,10,1,0.4368550676706051,4457.047140137745,SHARED_DEVICE
7,1,1,0.0005948821378180114,9,2,2932.163178183279,7895.220898835676,1,1,3,4,7,1,0.3086886956235537,2560.2434918428457,SHARED_DEVICE
9,2,3,0.07715275341205671,20,2,12417.944839688897,15944.277502761572,2,4,3,1,8,2,0.9074192461085686,5969.796696656512,SHARED_DEVICE
8,0,2,0.02156470550350635,16,5,22390.060902704587,29161.701574851824,3,4,2,3,4,3,0.4540942879095292,9682.987653857774,SHARED_DEVICE
6,2,2,0.034214868787731445,16,2,19734.49623448741,10233.752187908489,0,3,5,4,9,3,0.9187109646457569,4442.74657973978,SHARED_DEVICE
8,5,2,0.018795515166090224,18,1,14928.761854282202,24080.17504877181,3,3,3,2,4,0,0.16868402557601403,2672.015444320096,SHARED_DEVICE
7,3,3,0.07779915527664294,11,1,9291.752192505435,19386.777007814646,4,3,4,1,8,1,0.5486670472974039,2720.1209354178204,SHARED_DEVICE
7,5,2,0.006565171855657237,11,3,20326.692531656558,5909.23823688356,3,0,4,3,10,1,0.4851466529574666,3250.530518671889,SHARED_DEVICE
8,5,1,0.01813300357450128,15,5,22909.631739615732,2284.2902563847324,3,4,3,1,6,2,0.666280343733731,5465.3466038182905,SHARED_DEVICE
9,2,0,0.04221787658180452,17,0,8216.079405161041,25957.67284593519,1,4,5,4,3,0,0.7458559534482906,3798.5226092457788,SHARED_DEVICE
6,5,2,0.021003378122646996,13,0,2589.895540335483,1127.4199777812378,2,2,5,2,7,1,0.289392881873775,4006.732309296315,SHARED_DEVICE
9,3,0,0.05366735366071335,16,3,19502.510652132263,11419.028845113462,4,0,3,1,4,1,0.9993305373597553,5176.4153506338835,SHARED_DEVICE
8,2,3,0.0752626566131023,13,0,20546.451496727976,8963.690845757186,0,2,2,1,6,3,0.42545925748027924,9731.65234489902,SHARED_DEVICE
9,4,0,0.0012481049410385215,11,3,3338.2738919211383,11230.161148739398,0,2,4,2,10,2,0.09863799273799267,6032.993235758974,SHARED_DEVICE
6,3,1,0.04758137130382246,5,4,2336.5477870934915,26068.295654086756,0,4,5,2,6,3,0.8277766372328933,3453.87246854527,SHARED_DEVICE
4,3,0,0.06301139552100322,11,0,7522.233577158716,96.19457336572546,0,0,2,4,6,2,0.35761759961550565,7375.377444040656,SHARED_DEVICE
9,1,3,0.05105193068035668,9,5,21434.912456874405,4161.282511302254,3,1,2,3,6,1,0.8327260198199735,6324.529898483403,SHARED_DEVICE
9,0,2,0.046811026959462806,14,2,7014.7178374167115,6325.328646757717,1,1,3,4,6,2,0.5897052750440757,998.0073174138058,SHARED_DEVICE
9,1,5,0.05268725713891991,8,3,4352.000449778788,1777.0932540570839,3,0,2,3,6,1,0.4670521188919198,8883.614034244238,SHARED_DEVICE
4,0,0,0.04864085174496705,10,1,6003.432072894914,11015.6114592901,2,0,2,4,5,2,0.8852195875825067,2146.6743988258213,SHARED_DEVICE
8,4,2,0.016291650748252923,13,4,27396.25847697586,5628.801480927985,4,2,5,3,5,1,0.32603871869889245,6589.197330806994,SHARED_DEVICE
9,3,2,0.03185193202866179,7,5,4871.805872376273,25380.032832238463,4,4,5,1,6,1,0.42815783240238414,4374.491270799277,SHARED_DEVICE
12,0,1,0.010209620372896131,15,3,6734.984959067904,22804.913282273115,4,3,3,3,7,1,0.073697263757186,3228.8121730267026,SHARED_DEVICE
7,4,4,0.04211020810137152,10,0,12748.473708086638,15610.240095239309,1,4,4,2,8,2,0.8675939387556321,2543.7369260282794,SHARED_DEVICE
9,0,3,0.01565544824616736,6,5,11393.287722761213,28366.764675789418,0,3,5,1,3,3,0.10200646491710719,3900.4105293775515,SHARED_DEVICE
12,0,1,0.06554022134558074,9,4,26704.64294461897,21472.24123922304,1,4,3,2,6,1,0.09653471306089467,8224.77585797348,SHARED_DEVICE
5,2,0,0.02094058273802996,15,0,12278.524522223837,6920.337891856382,1,3,4,1,7,2,0.31942848267340984,9130.726542403168,SHARED_DEVICE
6,3,4,0.06894978430306356,11,2,15001.242490813212,967.2248585036635,0,0,3,2,9,1,0.17861134873864837,5598.9610577812455,SHARED_DEVICE
6,2,3,0.0488663516524295,14,2,5767.6302009669125,11606.86071718828,4,1,3,1,8,3,0.0828644452063152,4822.425680978191,SHARED_DEVICE
7,1,3,0.07736174463510691,16,0,14078.908064299816,19165.224904908548,1,3,2,4,4,2,0.4295030704452282,708.0617314631841,SHARED_DEVICE
7,5,4,0.03493013769116603,9,2,17142.989920087854,16986.31127565908,4,0,2,1,3,3,0.27287267438155693,1618.2433303191633,SHARED_DEVICE
12,2,2,0.00904628425505158,18,4,22815.79890767929,27180.961270126176,3,1,5,4,9,1,0.8795471003168348,825.4751506475396,SHARED_DEVICE
10,4,5,0.02148661030085709,7,0,11556.27388393118,27413.385152897426,0,3,4,3,6,2,0.842373814148141,2464.0790296873597,SHARED_DEVICE
9,2,3,0.0396215892233816,15,4,20409.75072719893,29948.62399872266,1,3,5,4,6,0,0.5572246530701819,6481.558078415917,SHARED_DEVICE
4,1,2,0.07212963709897205,6,5,7852.326832869327,8296.13769854777,2,1,2,1,7,3,0.04537382292942649,1819.9981980444195,SHARED_DEVICE
8,2,0,0.06385429439787373,18,2,3114.8487236671795,63.965177150032694,0,4,3,4,6,1,0.67450041522264,5052.3901878137085,SHARED_DEVICE
4,1,1,0.06429970885034293,5,4,4069.7126806382757,20762.68902427133,1,4,4,2,7,1,0.5997019553794499,7377.037549610802,SHARED_DEVICE
10,3,2,0.05662697293108881,8,1,11022.356377399406,7118.708773501063,4,3,3,1,4,3,0.7934895516414312,9497.193477731387,SHARED_DEVICE
10,2,3,0.03118423826869111,15,4,23380.312793037694,16106.9065419864,4,3,3,3,4,3,0.5869187839771323,645.4157104362047,SHARED_DEVICE
7,0,3,0.027326138406629834,19,1,3518.9454495598006,1646.26884503853,2,1,5,4,8,0,0.5313839121854029,988.6013897479226,SHARED_DEVICE
10,1,3,0.006913330848421451,7,1,20539.546858116013,9699.921286944387,1,1,4,4,7,1,0.3366646315981986,4136.591881261366,SHARED_DEVICE
7,0,0,0.02854258006300853,14,5,6804.0735148314225,8720.394817052063,4,2,2,1,6,3,0.19749753986978558,3995.5711690710077,SHARED_DEVICE
7,1,0,0.02846264232454317,15,1,10278.517573174553,25765.985955258326,3,3,4,1,7,3,0.3061219634019875,8875.84381264472,SHARED_DEVICE
10,4,5,0.010853804476585002,15,4,20608.19980867274,24921.65661799758,4,2,4,4,10,1,0.712033258793198,6162.846249074349,SHARED_DEVICE
5,5,1,0.027722066149880986,9,2,18222.72386316916,3.69943215353441,3,2,4,3,3,0,0.1436666488370213,9331.500515898448,SHARED_DEVICE
9,3,4,0.01634976983567631,11,3,436.03623816028113,11996.386169677777,1,3,3,4,9,0,0.25269213394972867,8723.749091155092,SHARED_DEVICE
11,1,3,0.07460494646596126,17,3,27336.404369860185,12186.741370083217,2,2,5,4,7,3,0.41817888997249475,6654.7966038559225,SHARED_DEVICE
4,3,4,0.041105770712100184,8,4,26769.523945736342,2669.8922420112835,1,1,3,4,10,1,0.8117836050289442,8383.684488355833,SHARED_DEVICE
7,0,2,0.06853807544881957,17,0,2820.680929073869,16202.048812471585,0,2,4,3,5,0,0.9746717469081905,7520.655932987895,SHARED_DEVICE
6,4,1,0.06725426564078965,19,4,16989.27625567885,21320.800200992555,0,2,3,2,8,3,0.06993502134393326,9388.51497696187,SHARED_DEVICE
7,4,4,0.026799039719614736,16,5,17053.62484192832,5736.911160092018,1,2,2,2,6,0,0.1840093884562416,1804.5311566676644,SHARED_DEVICE
12,5,0,0.05553844314042694,16,0,18783.826266390937,29446.546052196303,0,3,3,2,6,0,0.7893981427300927,2803.9691599540533,SHARED_DEVICE
11,5,0,0.07658456518715316,5,5,22241.985902844786,27580.459668188956,1,4,3,2,9,3,0.5512947663014167,4943.903883585383,SHARED_DEVICE
11,1,1,0.04745252535961698,17,1,26176.64778783214,25435.34021886789,3,2,4,2,3,2,0.7962469794524765,4079.625652869597,SHARED_DEVICE
5,3,4,0.005166894381895446,13,1,8962.85306129342,16980.793836952314,0,4,3,1,3,1,0.8429641693097958,5382.362896589822,SHARED_DEVICE
11,4,0,0.0799742312965253,14,2,21163.675982440698,3485.712726741481,0,3,4,3,3,0,0.6256490225911705,9959.216408523549,SHARED_DEVICE
10,1,3,0.00774545241938931,13,0,16753.478024937875,19502.72127197776,0,1,3,4,5,0,0.7961862890726575,4388.910228918945,SHARED_DEVICE
6,0,5,0.05213549281826226,13,0,7215.795257524301,3112.996413367659,3,0,3,4,8,0,0.03765897633805093,5020.398087082592,SHARED_DEVICE
8,1,2,0.07448926977932807,20,0,15791.601989400993,2510.1019000577717,3,1,5,4,7,0,0.4113675525998438,7980.040996337517,SHARED_DEVICE
12,1,5,0.07285228408561414,8,2,27051.386632129117,23281.503183882036,1,4,2,1,3,0,0.8390579081955841,5733.679246102022,SHARED_DEVICE
12,0,1,0.015305639961900557,15,3,26699.901745732346,19015.409451446718,4,3,2,2,6,0,0.7845911180278891,9637.522931821117,SHARED_DEVICE
11,0,3,0.03961429883059847,12,2,1471.9413540198623,13589.682674798463,3,4,2,1,6,3,0.5125841779371536,7020.910862895796,SHARED_DEVICE
5,5,3,0.059773731258929874,14,4,378.70883533399405,24541.644699020282,2,3,3,1,4,1,0.9978610092189635,2063.7903805459514,SHARED_DEVICE
6,2,5,0.07087677350983355,14,4,22183.24347605393,22138.95996676323,0,2,4,4,6,3,0.532524702152489,6092.658481138826,SHARED_DEVICE
5,0,0,0.047259569437260826,5,3,21602.97290914933,18271.87349485119,1,2,3,1,6,2,0.10399255617302716,3958.2898530978614,SHARED_DEVICE
12,3,0,0.038136667611691294,7,4,27894.084402829863,11632.46259509279,3,4,5,2,7,1,0.795913350887383,9751.834100440808,SHARED_DEVICE
11,4,3,0.04592746817660086,18,1,23422.23449366958,7632.340393241322,2,0,3,1,6,1,0.8506407210521941,3436.341972912912,SHARED_DEVICE
4,1,0,0.05657323120354693,17,3,228.2687165594355,19830.523647789956,2,4,2,4,3,1,0.8642493873366641,1148.5855690809803,SHARED_DEVICE
9,1,3,0.010733975231570119,18,2,10890.54035842783,16643.119806638893,1,2,5,1,5,2,0.48142316966797827,7900.619035304565,SHARED_DEVICE
5,2,3,0.06855484480073654,20,0,20417.679196980705,9465.819462025484,3,3,2,2,3,3,0.7730592175774642,9473.606870064108,SHARED_DEVICE
9,4,5,0.052570852647836674,18,0,15794.00064826647,17001.526994652315,2,4,3,3,10,3,0.18242082269147497,7353.658778803628,SHARED_DEVICE
12,0,5,0.05698953087071321,11,2,10416.516260449598,24745.224328502813,4,2,3,1,7,0,0.503980498247702,6886.806910633982,SHARED_DEVICE
7,1,4,0.04823331050528254,5,0,11209.384251436973,3923.3973978874747,0,0,2,1,7,1,0.9010242788712617,5669.2640361917065,SHARED_DEVICE
6,3,3,0.027575621339169052,6,5,22060.987856955584,26803.164852334117,4,0,4,4,10,2,0.43265155205747763,7489.929400413071,SHARED_DEVICE
5,4,2,0.04884678903597973,11,3,27512.40010431819,22063.556001006815,4,0,3,4,7,3,0.6046348054613412,1146.0014349858372,SHARED_DEVICE
8,3,4,0.07275102493095764,16,2,12390.443243192014,5815.532815944947,3,3,3,4,4,2,0.18521621523593668,4404.958835248904,SHARED_DEVICE
11,4,4,0.05831172948356243,15,3,20704.722211865774,7734.67615125047,1,3,4,3,3,0,0.7925893853099758,8144.067352695245,SHARED_DEVICE
5,2,2,0.0674075620311881,19,2,16304.192560046831,28574.074610742595,4,4,3,4,3,0,0.10142232645847848,8927.890825665108,SHARED_DEVICE
8,2,1,0.0017560965426161434,20,4,25089.213838447457,24466.684085793717,4,2,5,2,7,0,0.9356088779664953,3451.287527815857,SHARED_DEVICE
4,5,5,0.015681555745255205,14,2,13201.384826076513,22577.40032336789,1,3,3,3,8,1,0.04742414132915984,6778.022057707949,SHARED_DEVICE
7,5,4,0.022664968850305025,7,5,5359.17159209403,1885.218093514903,0,4,2,4,3,3,0.10172424828392646,4874.711782639181,SHARED_DEVICE
11,3,3,0.03354974035510395,6,5,17900.80515465186,11166.753422789783,0,0,5,2,4,3,0.7290843722934996,2048.3980516037213,SHARED_DEVICE
10,1,4,0.002067304460078061,16,5,27460.0796835431,17710.017258064858,2,2,5,2,3,2,0.297816263691948,1200.1392265531404,SHARED_DEVICE
4,1,3,0.029836815258148085,5,0,26528.529503596623,26110.886600774225,0,1,4,2,10,1,0.8223778078038334,5832.938432805772,SHARED_DEVICE
11,5,3,0.05670902990842963,20,4,13691.84893028517,144.28734893483065,1,1,4,4,10,1,0.22742616122999149,4922.330867246481,SHARED_DEVICE
11,3,3,0.06922853681164433,15,5,24922.727239035874,8318.584289421966,2,4,4,4,8,0,0.8875089324020643,4692.42233716338,SHARED_DEVICE
12,4,2,0.031558188689699514,16,1,2632.7859109034257,20865.93044886842,1,2,4,1,9,2,0.3859190682929783,6973.525030245464,SHARED_DEVICE
11,5,4,0.0392427438350677,19,3,3235.975001711361,16523.03370839078,3,4,5,4,7,0,0.27373984668141993,5818.000890848615,SHARED_DEVICE
12,4,3,0.052714869809782544,10,0,5798.007190372168,15716.220111447969,3,1,5,4,7,0,0.8748854131237435,6839.976523995036,SHARED_DEVICE
12,5,5,0.0024328319219821728,16,1,16049.641140082085,8880.861193710536,1,1,5,3,4,2,0.7716291428131201,3639.3637499221572,SHARED_DEVICE
5,1,0,0.023445878560643604,6,0,25759.582944238606,21368.784052416762,1,4,4,4,9,3,0.660931389845939,4558.48478892296,SHARED_DEVICE
10,0,5,0.02799494419495625,16,5,12443.48029712884,1109.8194361516478,2,2,4,3,5,2,0.0778468231705226,1770.3733853857661,SHARED_DEVICE
12,4,3,0.07727979409331982,7,5,3442.337970299164,16289.927342195211,1,0,2,1,5,0,0.08254192184144904,6698.843823871906,SHARED_DEVICE
6,4,4,0.0041196346472947365,11,1,13285.28902838213,20573.115195716447,2,2,3,2,4,1,0.2901130071777748,6629.337013197409,SHARED_DEVICE
11,4,5,0.019283598909314116,15,4,24353.103725552697,29772.86657600887,4,4,3,2,10,2,0.39004251808243173,5401.502283091458,SHARED_DEVICE
4,2,3,0.011334007068983354,5,4,5686.762213611581,1599.9648627182394,1,2,2,4,9,2,0.5639643485978807,9785.770284664468,SHARED_DEVICE
8,3,4,0.015874928816346747,9,5,12500.180560434843,27657.51507384381,3,2,5,2,4,3,0.17744538922573072,3042.1184789029853,SHARED_DEVICE
5,1,5,0.07431040170364318,16,0,9171.45667655235,7370.006893309132,4,0,4,1,5,1,0.13838809756979864,2225.8559621636787,SHARED_DEVICE
11,3,4,0.02231104554656068,7,4,25206.51722882111,21452.40546488158,2,1,5,4,8,0,0.7663989330636346,8666.314517016759,SHARED_DEVICE
12,0,1,0.014072430228247041,12,0,14274.308959078868,8608.171141177918,3,4,4,4,7,3,0.46770286526629545,2937.5666407214517,SHARED_DEVICE
12,1,1,0.017461560359227874,18,5,27950.798719527742,24241.177295293634,2,1,4,2,4,3,0.23612026166264077,7596.39832658683,SHARED_DEVICE
12,2,4,0.07678116179273571,5,3,4455.572770222157,8143.059880889932,0,1,3,2,6,2,0.9420576877996968,5267.290874032117,SHARED_DEVICE
9,2,0,0.010208523227652746,19,0,622.1226594553575,12376.889985173673,0,3,4,4,8,2,0.2536578096273876,7272.341022432715,SHARED_DEVICE
10,1,0,0.029909092669648123,14,2,15792.824290802537,14593.921648909945,0,0,3,3,9,3,0.804326678035215,3514.2853424934674,SHARED_DEVICE
11,5,0,0.0645964205339912,20,5,25706.733393563878,16643.675941071793,2,4,4,1,5,1,0.6812614067453556,7103.02178284036,SHARED_DEVICE
8,4,1,0.031109533492145323,15,4,22377.03614086563,5189.805157929257,4,3,5,1,9,3,0.24941777761801354,9770.659055074542,SHARED_DEVICE
4,5,5,0.05466173626822629,8,4,24650.07872984378,19890.880427641525,2,1,3,1,4,1,0.18890646533035294,3666.4474680123562,SHARED_DEVICE
9,0,5,0.0035322284463242593,14,3,16127.470107082076,4200.131933118703,1,0,5,1,3,1,0.04251488701844364,6071.154931432379,SHARED_DEVICE
7,0,3,0.009322887561199603,15,0,2764.779989274251,14104.901223629053,4,1,2,4,9,0,0.7689675176275924,9093.331285769844,SHARED_DEVICE
9,4,4,0.050366944508346584,15,0,13861.448254504214,12888.258795181287,0,1,2,2,7,3,0.019897209395650317,8376.947778312442,SHARED_DEVICE
12,1,1,0.05935931173742837,17,5,20849.8935414056,10484.143306571927,2,0,5,4,10,2,0.4312699727515079,3347.914026119716,SHARED_DEVICE
8,3,4,0.06855338748569377,20,5,4974.713336143812,15150.822245705027,0,0,3,4,7,1,0.7600419144390371,9650.747874484916,SHARED_DEVICE
7,0,3,0.019220093195224077,6,0,28764.971982041698,4418.0992227313645,4,1,3,3,8,1,0.6421984563046413,1842.2154394819186,SHARED_DEVICE
5,2,0,0.037657189067489834,13,3,13854.590923861024,29976.43174712496,3,0,2,4,5,0,0.018998093062541188,3839.2164646486654,SHARED_DEVICE
9,4,1,0.0500396883216945,20,2,15246.054380695563,17336.93363187654,2,0,4,1,3,1,0.08619522272873159,3540.3006055679293,SHARED_DEVICE
9,2,3,0.026279544889040097,7,1,15268.993808845094,22869.722222545595,4,1,2,1,6,2,0.2746157963284904,4187.544082045107,SHARED_DEVICE
11,5,5,0.023866856606371504,6,0,28229.779223062553,5308.983836204942,1,1,3,2,10,2,0.45357045565496623,1124.3932542532127,SHARED_DEVICE
6,3,2,0.015407391429918586,19,2,8835.525912777506,21728.388777276243,4,3,5,2,10,1,0.07901404520140887,861.6215852873515,SHARED_DEVICE
5,5,4,0.04843796891189939,5,3,20855.610748090297,9020.318787357674,4,3,3,2,4,3,0.40292813527478266,8487.471703090769,SHARED_DEVICE
6,4,3,0.024337688815220596,8,5,24266.720839765425,670.832898876258,3,2,5,1,9,1,0.11288414864069429,2987.591173450696,SHARED_DEVICE
6,2,5,0.031575463143271795,6,0,7510.177843580631,9514.785481896017,2,4,4,3,6,1,0.02865016025340561,8187.536842075853,SHARED_DEVICE
7,2,4,0.004724899330058889,10,3,13800.44423823933,12171.46902376231,1,2,4,2,4,0,0.5069572442601126,3805.8826812112466,SHARED_DEVICE
11,3,3,0.04048593031370615,5,1,1412.4925054685789,17488.368191268844,1,1,5,1,4,3,0.6621482854621802,1317.2523531074519,SHARED_DEVICE
8,0,1,0.004261585452716856,5,0,6563.287996520212,1981.468833559563,2,2,2,1,3,3,0.6266287610928937,1130.3504278415276,SHARED_DEVICE
6,1,1,0.00471846451372822,9,3,3522.9769966646686,24736.566814978538,4,0,2,3,4,0,0.7266410650384273,9023.773628091347,SHARED_DEVICE
7,1,2,0.023087061196449234,19,2,12615.185815968964,8669.86810914506,3,0,3,4,8,2,0.9038379318139015,6535.019026552884,SHARED_DEVICE
6,0,5,0.07701579546365213,8,4,15460.295109760584,22263.924031437506,0,4,5,3,9,1,0.22278036879832885,5460.630136996674,SHARED_DEVICE
12,4,5,0.06426267014670585,19,2,26607.318312782347,4068.485135658787,3,3,5,4,8,3,0.8692925606147416,6903.54057591203,SHARED_DEVICE
10,2,4,0.03599352624554398,20,1,27258.269394110175,13919.358661124792,3,3,3,2,6,0,0.9024496112940433,3521.979922972177,SHARED_DEVICE
12,4,1,0.02232362357832561,5,5,2800.0690623957803,19928.689983240518,1,3,4,3,9,2,0.44879741260556294,4744.189570366595,SHARED_DEVICE
6,1,0,0.07784406450981467,17,4,2001.2914199854658,6535.6421477418435,2,4,4,3,10,0,0.983136357101712,9840.243330489062,SHARED_DEVICE
5,0,4,0.04180981072037199,14,2,24426.158148872393,956.4787384801599,4,4,4,3,6,3,0.127397255513246,7007.390784406919,SHARED_DEVICE
6,4,3,0.024822553332395296,12,2,19144.956293542626,29147.249286552553,2,4,4,3,9,0,0.7032611626375137,7667.538932168754,SHARED_DEVICE
12,3,2,0.06642980086061856,12,1,7518.345438920566,12526.505276594275,1,3,5,1,4,0,0.5054475561295115,4104.649242442485,SHARED_DEVICE
6,2,3,0.03390769746829346,5,1,20307.509124079435,18590.90009554249,4,3,2,4,4,0,0.2677634640487687,3669.312728943042,SHARED_DEVICE
11,0,1,0.008370776767956984,18,2,19435.425638613946,970.6662550225786,0,1,4,1,7,0,0.47368175713659866,3305.957722321342,SHARED_DEVICE
7,2,2,0.00687128532324377,11,1,25781.35599339925,28008.14844320769,2,2,2,2,9,0,0.348941241621078,4401.301937987271,SHARED_DEVICE
10,5,2,0.0407177242038349,13,3,1635.1388647679344,28117.30816093661,2,1,4,2,9,0,0.06430123733444093,5883.252399656933,SHARED_DEVICE
8,3,5,0.034812868007022386,7,5,24243.038808998303,23392.081188856802,3,3,4,4,7,0,0.3089381292220633,3750.673476026854,SHARED_DEVICE
8,1,2,0.07339005590945845,11,1,7964.612065926537,28903.806958607092,0,4,5,3,4,1,0.5985735740767155,6209.974879441116,SHARED_DEVICE
4,0,0,0.0027630795831846554,17,1,5189.183599336999,22977.69493317186,2,1,4,1,4,0,0.5758594855728687,2003.199194726049,SHARED_DEVICE
11,4,5,0.05876216050512532,14,4,7316.255007290058,28509.37302426621,3,1,2,1,5,1,0.8711857687861456,4570.711489263285,SHARED_DEVICE
11,1,4,0.06154406830310013,17,0,26514.028614743296,12828.26099690533,1,4,2,4,10,1,0.26825352284352666,1601.4118115391227,SHARED_DEVICE
7,0,3,0.04961359787567658,16,3,14170.45246228089,18388.1836270142,1,1,2,3,6,0,0.24890535124879087,2490.865461029668,SHARED_DEVICE
11,5,4,0.06866018441939714,10,0,9332.901160778956,10621.471188528018,0,2,2,4,5,0,0.2664587184293091,4739.924012263947,SHARED_DEVICE
11,2,2,0.030893254606366227,11,1,27522.187850644368,12005.316807610769,3,1,3,2,5,3,0.8532745588017271,3205.995854859375,SHARED_DEVICE
6,2,1,0.0684862258629778,16,4,29548.290715526015,16686.39661186343,1,3,5,3,10,2,0.10402775774604467,3752.3784972167414,SHARED_DEVICE
9,2,2,0.03724772589387474,10,4,12727.75418583735,6444.8963716079525,2,0,3,3,6,2,0.6677285710880728,819.4839520286494,SHARED_DEVICE
8,5,1,0.02144679921800269,15,5,16128.116269735841,6958.130138611267,2,0,5,2,4,3,0.4828223833302737,9259.872694957945,SHARED_DEVICE
5,0,3,0.03388139377708883,10,2,21396.36307966656,3105.9403060192126,3,1,4,3,10,1,0.6593781771715306,4761.665081334599,SHARED_DEVICE
4,4,1,0.034372052620143395,5,4,27769.45811186286,26145.01381436425,1,0,3,1,10,0,0.8600610046192831,5816.904072654749,SHARED_DEVICE
4,1,0,0.04642178942393337,5,1,5308.0794869621,3450.5423167150852,4,2,3,4,5,2,0.49111416611747716,1278.9971344918415,SHARED_DEVICE
8,0,0,0.001236721155208338,6,1,14375.794216473023,16842.943562081204,1,2,3,2,9,2,0.7888242722478359,7067.362134818266,SHARED_DEVICE
10,1,2,0.003933241695731766,17,0,19463.95429993816,14208.206230812595,0,0,4,2,7,3,0.10580114861556267,3798.0117609174454,SHARED_DEVICE
11,4,1,0.07643279890695356,8,3,9796.944137752003,28382.05583948133,0,1,4,3,4,3,0.962349042634917,704.5912903201857,SHARED_DEVICE
10,2,4,0.0718449241295127,12,5,8870.897106712482,27632.40080345128,3,1,4,2,7,0,0.7548393615012968,1886.914428344644,SHARED_DEVICE
8,4,5,0.055017007852546575,6,3,12791.648722151214,14707.152413071988,2,2,5,4,3,2,0.8031980878480006,1276.3510456873228,SHARED_DEVICE
9,4,0,0.059336968448287446,18,3,10995.121342388551,6568.39603221702,1,2,2,3,8,1,0.20199519593794846,604.5465700165865,SHARED_DEVICE
12,0,5,0.05192488746171523,9,5,13988.357049928105,11261.488819848477,0,2,4,3,4,0,0.8440801270301393,7119.909073847264,SHARED_DEVICE
11,2,5,0.04645265599239017,7,4,6158.6671097822,11817.472201777255,3,3,4,1,3,2,0.22302857107067597,2571.0241421735345,SHARED_DEVICE
9,0,0,0.00038400465077129023,15,2,16656.910515865708,5435.0350663891995,2,1,2,1,10,2,0.9653268673993048,5901.299289009149,SHARED_DEVICE
8,3,4,0.009023164121124073,6,0,7153.130114236287,17373.288845580126,0,1,2,1,4,1,0.02861927430830491,9956.255254853379,SHARED_DEVICE
4,4,2,0.0320582119305281,16,0,18086.341366719505,21045.581597673656,1,1,3,1,10,1,0.38935697674179104,4155.603648994847,SHARED_DEVICE
4,4,4,0.045350584999966304,17,2,617.3829397318465,3459.8972037844255,3,3,4,2,3,3,0.6238470925081275,4010.4926782141183,SHARED_DEVICE
8,5,3,0.023144266950618785,8,1,20717.350324400635,21383.892714899,1,4,3,3,10,3,0.38521598080488795,7309.723009590198,SHARED_DEVICE
7,4,4,0.04111747070078851,19,5,14068.839764831775,27674.71495211088,4,3,2,4,4,0,0.5982224230792456,878.2576320148651,SHARED_DEVICE
5,1,1,0.07718551797768984,14,1,10062.501561138322,15932.573797763504,0,0,2,4,7,3,0.4186241410560968,8885.615307425933,SHARED_DEVICE
8,3,3,0.03477887200307239,16,0,7618.81445418718,19753.598558034428,1,2,4,3,10,3,0.0924632339449637,3716.7854714238533,SHARED_DEVICE
6,0,2,0.045891885670280706,18,2,2001.5285133630766,24896.919353139598,2,0,4,2,4,2,0.311261235594805,5928.916614624836,SHARED_DEVICE
8,4,4,0.03654017318289823,12,0,17462.000319992632,26545.201866424348,0,3,4,2,3,3,0.35662461594916806,1941.5590058645228,SHARED_DEVICE
11,3,4,0.0474981203638498,15,0,27632.009514169888,10414.98760512385,4,0,3,4,6,2,0.7571049262463265,8059.178192105812,SHARED_DEVICE
4,5,4,0.003904813453195226,10,3,4171.60369272414,4388.022749018845,0,3,2,4,10,1,0.3581250844911499,9084.785312305648,SHARED_DEVICE
12,2,4,0.00538685550562736,9,5,23788.96995705336,13038.097791058197,1,2,3,2,6,0,0.08223269635078545,9879.279936712173,SHARED_DEVICE
9,0,1,0.02594363562002193,7,2,8262.345007808568,29924.97657299225,3,3,3,2,4,0,0.5445429006523945,7824.767104510887,SHARED_DEVICE
7,2,5,0.040567017924738574,9,0,12441.555077814754,28527.68469759462,4,3,3,4,7,2,0.5429264451088796,9366.040498472916,SHARED_DEVICE
5,1,5,0.06963861103926312,5,0,10915.315512844782,15627.477198872595,0,3,5,1,10,0,0.20749191190858784,1759.44670684142,SHARED_DEVICE
7,0,5,0.06589101368064543,20,4,14680.73940191956,29066.80199782587,0,1,4,1,4,0,0.5447361658971244,2309.13299057831,SHARED_DEVICE
5,4,2,0.02129223405944339,6,1,10971.14701929198,14203.498340138432,3,3,5,1,5,1,0.4109762046584102,8416.216250367448,SHARED_DEVICE
6,2,5,0.07772296814892284,9,1,18961.820970366654,29044.049630544374,2,3,3,3,5,1,0.9944430962638202,949.4242063338933,SHARED_DEVICE
9,0,3,0.07930671595636453,5,4,29641.415525348235,19862.063243284436,1,2,3,2,10,1,0.9178415094721233,1127.5840115007136,SHARED_DEVICE
5,5,0,0.033733823187257886,6,0,18916.622010617833,3770.489181757076,0,0,2,3,9,0,0.0401111772492011,881.1554560009176,SHARED_DEVICE
9,1,5,0.07388128045011674,9,3,10212.281233381893,11611.935473639245,3,4,3,4,5,0,0.020868906380505536,5708.928890509146,SHARED_DEVICE
10,4,1,0.0590257064106582,16,4,10216.050398924212,6434.009935271187,2,2,4,3,6,3,0.3568975214857698,4994.614612656399,SHARED_DEVICE
5,4,4,0.008001077923960471,13,5,22876.95901235725,4985.720486986296,2,2,2,4,3,2,0.5819657199337637,6964.0543030216695,SHARED_DEVICE
10,4,5,0.0758821559670828,7,5,4349.973312770018,6404.484728629789,2,2,4,3,8,2,0.5358678497654674,5489.944628428472,SHARED_DEVICE
5,1,0,0.05034569285391587,19,3,18619.19553792582,17592.75088303925,2,1,4,2,5,3,0.06421565427942177,2428.3214211340983,SHARED_DEVICE
4,5,3,0.009221046532288764,11,0,22000.774204972324,10547.891405799339,2,2,5,4,10,1,0.44149055460685216,8469.211735996978,SHARED_DEVICE
7,4,0,0.01929575136478939,15,0,12010.00874325059,11854.08089181035,0,3,3,1,6,0,0.7607631806977186,7940.060754011366,SHARED_DEVICE
10,1,4,0.040029004993075004,17,5,28180.141148383344,10191.765728049051,2,0,3,4,8,2,0.09392345461761042,1323.1311963398698,SHARED_DEVICE
9,1,0,0.037558326682295515,15,1,20247.44006887973,26266.357611601146,1,2,2,3,10,2,0.26913010233450974,3944.7065285636463,SHARED_DEVICE
12,0,2,0.020767300954417714,7,1,16322.808994712612,9643.369389547637,2,2,4,1,6,1,0.13979324008073912,9121.501373962757,SHARED_DEVICE
8,2,4,0.019603677425333102,18,4,15612.02100313487,21374.780290023264,0,4,2,4,9,1,0.7122515964476935,2066.7482824331237,SHARED_DEVICE
4,0,5,0.0323086004679161,15,5,20902.23078746035,4767.13580325916,1,3,5,4,6,0,0.6836784700324836,674.7055413515448,SHARED_DEVICE
5,4,5,0.032760571947865115,13,5,24874.11855109578,10501.144809549522,0,0,3,3,6,2,0.3324161016689251,2294.5762760346324,SHARED_DEVICE
12,3,5,0.020676186316513485,7,4,6679.587915169285,1846.0691182741173,3,2,3,2,4,0,0.2105300473409505,1319.9026140929084,SHARED_DEVICE
8,2,5,0.03950256656440653,11,5,10410.130480299638,9608.017127369654,1,1,4,1,8,2,0.31721084565518787,1964.240801940399,SHARED_DEVICE
5,0,3,0.01271829673576117,10,4,8457.802261794559,17346.816787854845,1,4,2,4,8,3,0.5054391591138881,5520.004310742858,SHARED_DEVICE
6,2,2,0.05874078106621988,5,0,5240.450276488561,6339.319142729974,3,0,5,3,5,1,0.6526085320500096,669.6830829588945,SHARED_DEVICE
5,0,1,0.05198659516604933,8,2,23593.862057773615,26596.08944010008,3,4,2,3,8,3,0.7341874134611195,5369.693026137505,SHARED_DEVICE
4,5,2,0.06914249972417207,7,2,8877.402519314628,22713.54998211182,4,2,5,4,8,2,0.49943500733250634,1492.3153852867765,SHARED_DEVICE
4,4,4,0.06640706906354248,12,1,3439.0939626874283,19373.98780871828,3,4,4,4,9,3,0.554674592044194,3178.5443418163163,SHARED_DEVICE
10,4,5,0.07821959074165592,8,3,23234.12410344012,17891.11713321345,2,0,5,4,7,2,0.13858644267371678,8854.427046877685,SHARED_DEVICE
5,1,3,0.022393972228548175,16,4,11252.239144590723,28883.878836205724,4,2,2,1,9,0,0.37791171890902375,2747.2557073247312,SHARED_DEVICE
6,1,2,0.005669356528254248,8,0,12908.322778825532,14817.795820713818,3,4,4,1,3,1,0.2728807310171344,7526.351935700992,SHARED_DEVICE
4,1,5,0.07391288805238816,19,2,6093.388056820582,3516.6918005675807,2,4,2,4,7,0,0.08483824945796015,7544.513856826541,SHARED_DEVICE
9,2,5,0.03800597522775167,5,4,29821.2686750386,26094.843554016446,2,1,3,3,10,1,0.7389281024615345,2141.7235020306157,SHARED_DEVICE
8,5,3,0.003455992689528715,17,4,15521.981711035593,23594.088784538642,3,2,5,1,5,1,0.3300712799617027,2195.4070138192146,SHARED_DEVICE
7,5,2,0.06591149675426122,18,5,12170.72109200945,18196.655949768676,1,0,2,4,3,3,0.14912497350232057,7945.139688714886,SHARED_DEVICE
9,1,2,0.06039245172315128,14,2,6917.428578921146,13184.004562941675,2,0,5,1,5,1,0.9544092902064126,7333.299763310405,SHARED_DEVICE
11,1,3,0.04140266191969205,12,3,3956.3527686196567,11356.072772781828,2,4,4,1,8,3,0.5994664956273928,3007.7540443858934,SHARED_DEVICE
11,3,5,0.0014316235998283844,9,5,26876.826779514508,23108.251422524194,1,1,2,4,10,0,0.6819334375596443,2136.752822575768,SHARED_DEVICE
9,3,2,0.050522162505099256,12,1,18288.572016532173,4477.051462452799,1,0,3,2,5,3,0.6234302298790118,2445.582949006024,SHARED_DEVICE
8,1,1,0.024397598659422776,11,1,2142.1184909225076,23078.78581008172,3,0,3,2,6,2,0.7574426572269102,6049.02153952279,SHARED_DEVICE
5,4,5,0.024087700501067982,15,5,18051.556479268296,17012.183914640606,0,0,3,2,10,1,0.14670689356838273,9200.116817776716,SHARED_DEVICE
11,0,2,0.02757917443633727,10,5,9057.605994646678,13397.96888781189,1,3,4,3,5,2,0.9905310311610143,9127.264535420334,SHARED_DEVICE
4,4,5,0.06882398870732949,5,5,6551.34793183614,7591.977756122546,2,0,5,1,6,1,0.1450577134953338,978.7359620759,SHARED_DEVICE
7,3,1,0.07639402057809212,20,4,22813.612676433288,28628.974670414118,2,4,4,2,6,2,0.4678072470462683,2726.520401609773,SHARED_DEVICE
12,1,1,0.042733290030578956,19,4,20247.007695440636,9795.656972412515,4,2,2,2,3,1,0.46333452268773334,7514.359074968626,SHARED_DEVICE
4,1,2,0.04327695789097469,7,0,4796.886577199853,19710.627153403584,3,2,2,4,3,1,0.8979569075519079,4742.817554150997,SHARED_DEVICE
8,2,5,0.026408770878877465,17,3,13788.717286102144,8828.576910477157,1,2,2,4,4,3,0.7154727451776353,8731.745327431001,SHARED_DEVICE
5,4,5,0.05693385989382573,15,5,544.4246851118739,4971.026475073995,2,4,5,1,8,0,0.5600593925595542,2631.380776875593,SHARED_DEVICE
7,1,4,0.05003080021984543,5,2,25204.896978246205,15286.575915633577,0,1,2,2,8,0,0.8268870854496174,2868.2291670867326,SHARED_DEVICE
6,4,4,0.039891187966924015,8,5,25432.73381642411,16982.789142980975,1,1,3,4,6,3,0.5251829031034859,6408.391483941286,SHARED_DEVICE
8,3,1,0.0024982728221617733,19,5,13799.508414073447,12442.26446240694,1,0,5,4,3,3,0.5788001497641303,9176.451611731587,SHARED_DEVICE
6,5,4,0.07591822417843122,15,3,26199.261952773297,7692.0267803741335,2,4,5,2,8,0,0.042278178824415535,3758.959263532392,SHARED_DEVICE
11,0,5,0.008198204035693584,10,0,1393.9068150733513,14829.865053796371,2,4,3,4,8,0,0.1312250879508422,6586.189105744912,SHARED_DEVICE
6,1,3,0.06228624341469475,16,4,2071.224346447298,3616.883240877704,2,1,5,4,10,3,0.9581532468173591,2721.6512199515673,SHARED_DEVICE
11,1,3,0.035260017196034533,12,2,17154.95590320122,21012.263210515062,3,0,4,1,9,3,0.9185402373281787,3647.936016805172,SHARED_DEVICE
4,5,4,0.040317287736977826,7,0,20851.056417142147,22699.188882957926,3,1,4,2,3,3,0.4802875276795019,2333.8242374442234,SHARED_DEVICE
4,0,0,0.03857070735075738,15,0,7093.672150231751,26318.01436474463,4,1,3,2,5,2,0.07069810172047608,5629.944958570215,SHARED_DEVICE
6,4,1,0.01847063995896879,14,2,14242.21313881868,26224.94308461138,2,2,5,4,5,2,0.7687238252401175,9165.731825538207,SHARED_DEVICE
10,5,5,0.054883374845810365,18,4,9354.331573187332,12241.111977117083,3,4,2,2,10,1,0.8673040122221507,6969.836490843199,SHARED_DEVICE
5,1,3,0.030066843679786546,17,1,9514.473969499417,21616.090000809483,1,0,3,1,5,0,0.6001081322877617,2179.48195154127,SHARED_DEVICE
10,5,4,0.008932106116616883,12,3,2248.9162609582745,5189.522346868461,3,1,3,3,7,0,0.6078356370313291,2323.9527569022084,SHARED_DEVICE
5,4,1,0.07066840345431542,14,3,841.872704907004,26837.695263172107,1,2,3,1,5,2,0.245569081501666,942.3950377394997,SHARED_DEVICE
11,5,3,0.034483633584794296,20,3,6186.858868451074,5782.423758102001,0,3,4,1,6,0,0.6150320292219568,2552.4742738734926,SHARED_DEVICE
12,4,0,0.024245938501821246,12,4,17863.8316101463,11423.842570483732,4,4,4,4,8,2,0.06828450876212577,1956.957601213533,SHARED_DEVICE
11,0,4,0.020989836477761096,20,1,16187.049215293686,22613.788399858593,2,4,4,2,10,0,0.9357676571538576,1442.6961052908418,SHARED_DEVICE
8,2,3,0.06283172531643402,5,1,3862.802962042404,5241.043866349725,4,1,4,3,8,1,0.9587699657299201,2103.049673451313,SHARED_DEVICE
4,3,4,0.0253758386050829,18,1,7540.960635604992,12838.377908486282,3,1,5,3,4,3,0.6669677457581865,5441.534778602315,SHARED_DEVICE
5,3,3,0.014481457116806968,5,1,27661.75351268086,390.7000889367962,4,0,5,4,7,1,0.16982806933877004,9647.031421794745,SHARED_DEVICE
9,0,2,0.05075345973243623,13,4,7525.098105977176,20364.92378663251,1,4,4,3,4,3,0.33287248029805416,6820.29864097559,SHARED_DEVICE
12,1,4,0.017913670442743338,12,4,12046.348981696117,21272.359669305122,1,4,5,2,9,0,0.6631733736962389,7846.086147059563,SHARED_DEVICE
11,2,4,0.020254879231252635,6,4,179.16522796031066,28369.32974919392,2,1,3,4,4,3,0.3745807528960101,2318.8801129434723,SHARED_DEVICE
11,2,3,0.016078546598128494,11,3,26534.465309444462,13405.702713617151,4,3,4,3,8,2,0.050143335219980045,5586.553970418267,SHARED_DEVICE
11,4,4,0.06713075702269103,20,5,12577.527951069405,19048.27036927922,4,3,3,2,4,3,0.28583145621365846,3376.081792260519,SHARED_DEVICE
7,4,2,0.02346985776308003,14,5,26861.350419449544,27710.038724928734,3,0,4,3,9,2,0.5521153116347531,5321.417375381937,SHARED_DEVICE
9,1,3,0.056482157328828005,17,4,29223.40101595997,2127.933589970267,2,3,5,2,9,3,0.05126651312082864,1302.215247144968,SHARED_DEVICE
8,4,0,0.06577765903917204,17,5,29612.684728451884,17636.59227255169,0,0,5,1,9,1,0.8164267249549784,4512.499141178881,SHARED_DEVICE
7,4,1,0.06896643171349578,15,4,10041.932239147583,20835.72637001632,4,1,3,3,7,1,0.6539286977715626,3002.495709983403,SHARED_DEVICE
6,4,5,0.013908613172377847,5,1,11814.349389740075,13043.163416207904,1,2,2,1,3,0,0.034964662547377845,702.0649962402645,SHARED_DEVICE
11,5,3,0.031934938078730546,5,1,16821.799281182648,15243.879344507026,4,3,5,4,8,3,0.972878843351339,1864.6229286285031,SHARED_DEVICE
6,1,2,0.004994287346593085,17,5,3993.3547704632365,26299.844065434634,0,2,5,1,10,3,0.3276968150343278,6062.1642307329475,SHARED_DEVICE
11,0,3,0.01337761836566286,17,0,22569.648203231118,5698.098736837768,4,0,5,3,7,3,0.8827089420121429,922.1444882301589,SHARED_DEVICE
7,2,4,0.07281362257913214,10,0,3512.496312119615,22300.96161144346,0,3,4,4,9,1,0.22262974914382816,8639.542736330131,SHARED_DEVICE
11,2,0,0.05107397260059147,17,0,10453.085326683766,8945.087739775881,3,2,3,2,10,1,0.9188181903323009,2301.1941521662866,SHARED_DEVICE
9,4,2,0.055662918462986016,15,4,26613.327419722616,10991.165471406606,2,0,3,3,6,0,0.26254761907762436,6929.100946521719,SHARED_DEVICE
5,1,0,0.006718620523055226,11,4,8147.304334329283,21911.54669702305,0,2,2,2,3,0,0.2597902291495152,1904.239973580275,SHARED_DEVICE
11,0,5,0.036163255615729674,7,0,22371.975846997902,12885.867213198411,2,1,5,3,5,0,0.03389096473381836,4368.866563906207,SHARED_DEVICE
9,4,2,0.04409849013782265,19,0,5258.961024966146,20331.30145259137,2,3,4,3,4,1,0.6173307825264145,9550.958693701554,SHARED_DEVICE
11,2,3,0.03983021152902327,11,4,6495.152122823619,26024.6195215747,3,4,3,2,8,3,0.2511856010521565,5405.338292108314,SHARED_DEVICE
7,0,3,0.070121117451399,11,4,9124.968602801517,14493.732606590698,0,2,3,3,8,3,0.3907363275420519,4890.402483309081,SHARED_DEVICE
7,3,5,0.024557601938243075,7,2,4679.587192108224,24570.328159926383,1,1,3,2,3,1,0.3040793130509102,2503.6441819882257,SHARED_DEVICE
5,2,3,0.038619684197586865,13,2,15906.90584246739,23818.54614665366,2,2,2,1,3,1,0.06169783482024649,6055.80485017921,SHARED_DEVICE
11,1,0,0.029085436918439803,16,2,16182.10652174174,24528.582076934625,4,1,5,3,9,0,0.05484346843557153,5525.7064533924395,SHARED_DEVICE
9,1,1,0.028123492708839307,9,2,11704.475400426349,10550.027594170157,2,2,2,1,6,1,0.5813163904503482,5195.477449820372,SHARED_DEVICE
5,5,3,0.0659781053311971,14,1,8379.579962257461,25743.24783392841,1,0,4,4,4,2,0.17468992762936975,5337.410595448852,SHARED_DEVICE
7,5,5,0.01779230574640435,7,3,26435.511745230873,13482.08888385172,1,0,5,2,6,2,0.589588584343971,5414.699421382677,SHARED_DEVICE
6,5,2,0.016326659451778153,14,5,18951.3977537043,27386.32980356856,3,3,5,4,8,2,0.9764815832399597,3882.3594476144776,SHARED_DEVICE
12,4,4,0.07901369039287111,9,4,19103.34971854556,16626.761906590364,3,1,2,3,7,3,0.753201704548631,9304.800097246576,SHARED_DEVICE
11,3,4,0.03739694142925836,17,0,632.8134521809415,9397.303243782333,2,3,4,1,9,2,0.3638130933287572,1420.3338504731587,SHARED_DEVICE
5,2,4,0.042220468883618495,13,1,14639.940948465994,22019.606866567523,3,1,4,4,5,1,0.8822101534503987,5316.617150091584,SHARED_DEVICE
10,3,0,0.029942642235161073,19,0,2895.6885793314677,18749.63874405238,3,3,3,1,7,1,0.3336988148378429,1945.6397862472745,SHARED_DEVICE
6,5,1,0.053290726689864724,14,4,21188.235753484132,965.0062637131884,3,1,3,1,6,2,0.6234524759038276,1830.85943120768,SHARED_DEVICE
10,2,3,0.05702611759380799,20,4,13285.760239737216,23254.110875419472,0,0,5,1,4,0,0.7904526000554858,5487.676632203399,SHARED_DEVICE
11,2,0,0.05460635621515591,12,2,10848.74099926619,5686.701560597442,4,0,3,3,4,2,0.292304157481195,4710.760340346639,SHARED_DEVICE
5,2,2,0.055398691300333265,15,1,12353.013140146406,22536.359999714296,3,0,3,1,7,2,0.19187064028559087,5709.111776609359,SHARED_DEVICE
6,4,5,0.0006665824524771403,20,3,4012.6159297772724,676.2262027975219,3,4,3,2,10,2,0.32925677698620426,3362.5367620187703,SHARED_DEVICE
5,1,0,0.04432057737322308,20,2,22726.269908348757,26226.76904907065,1,2,2,4,10,2,0.25443489776752937,3074.535960952613,SHARED_DEVICE
8,0,5,0.06675244451032143,16,2,446.3552123048675,6257.885707271955,2,2,3,3,10,0,0.019391072414011057,6867.279257095562,SHARED_DEVICE
7,1,3,0.07867670848268235,10,3,20650.25663184215,16965.426844335918,3,1,4,1,5,1,0.1658682462671054,9029.353262175482,SHARED_DEVICE
9,2,5,0.03164343037587229,7,5,6901.662986983882,7643.895482752747,0,1,3,2,5,3,0.8797818100953756,7266.309154519093,SHARED_DEVICE
9,5,0,0.002683945735654065,6,1,19016.858819940204,6443.894653408766,2,1,3,3,3,3,0.6405893803448488,5753.684858726356,SHARED_DEVICE
5,2,5,0.058205875403505955,12,5,5947.987899836759,11327.39344585729,4,2,5,3,4,3,0.7307427944452729,9242.561514600106,SHARED_DEVICE
12,2,2,0.0580600919251085,18,3,4848.323821233091,11696.245260089792,3,1,5,1,9,1,0.5416243240907072,1343.0409936834262,SHARED_DEVICE
4,1,2,0.014781733031838575,7,5,1040.6301773833416,2451.426408604466,2,2,4,3,4,2,0.6055909454349236,4911.64580982106,SHARED_DEVICE
9,0,3,0.02969964959800124,13,2,11902.244244523334,2869.0496781229326,1,3,2,2,6,0,0.458023290011776,8132.371456501105,SHARED_DEVICE
4,1,4,0.017293287051337505,6,2,18017.91101512447,12658.730114804042,2,0,4,4,9,1,0.7049530964541214,8909.079037828362,SHARED_DEVICE
10,3,3,0.07843739136431578,10,4,22883.523575830135,2512.6583504169084,2,4,3,2,8,2,0.09762196475460438,4127.964650204074,SHARED_DEVICE
10,2,5,0.047632922067478795,13,3,22606.22717563175,19175.232645594333,1,4,5,4,7,0,0.7605443651493632,1262.5333381224987,SHARED_DEVICE
5,4,3,0.015952645618412094,15,1,1899.3165787820299,2599.800149127346,0,3,5,1,4,1,0.3938903641172564,6226.820556312969,SHARED_DEVICE
8,2,0,0.028059296459872228,14,1,17329.94490815405,17488.95290628535,4,4,3,4,4,0,0.8465164461892457,9193.818878902848,SHARED_DEVICE
7,3,2,0.0022759808877942955,12,0,29562.90099795701,25040.180720337823,4,2,4,4,7,0,0.559588366115627,969.8194567952166,SHARED_DEVICE
5,0,0,0.024911070851077428,5,4,12060.54122071751,25023.923536648676,0,1,4,1,4,1,0.4003480358024557,8782.961395872586,SHARED_DEVICE
10,3,3,0.06725933852957867,12,2,23220.980941348316,22119.586671474193,2,3,4,2,5,2,0.6707525480245783,8387.134923992497,SHARED_DEVICE
10,4,4,0.07284652619673647,20,0,19884.899872250116,16131.66638867425,3,2,2,3,6,0,0.1486153098781433,3176.3116338112754,SHARED_DEVICE
5,1,3,0.011455763116957583,20,5,11740.705282322233,21360.90091549962,1,3,5,2,7,3,0.05777790179416531,3543.075237112232,SHARED_DEVICE
12,2,4,0.03943089721435261,8,3,24033.484172684162,17061.51398210941,2,3,4,4,3,2,0.5144601408005645,9847.716202188714,SHARED_DEVICE
7,4,2,0.044311938832995515,17,0,29387.49852443253,13183.997987221775,4,2,3,1,6,2,0.6181087005922041,7779.071086591824,SHARED_DEVICE
7,1,3,0.058522052777762276,5,5,16252.596957710672,27856.053714726408,3,0,5,2,10,2,0.9842669824694869,8740.460367730884,SHARED_DEVICE
9,3,0,0.03738455955551766,15,3,9658.337281231532,26409.336077682277,0,3,4,3,9,1,0.03931017407281534,8449.004284522962,SHARED_DEVICE
8,1,5,0.030837989300016008,12,3,5850.846240375432,21180.933986280994,0,1,3,1,3,1,0.21080375359233805,1052.1181680292843,SHARED_DEVICE
7,0,2,0.051414029322332334,5,0,28144.311394494343,22115.198719853775,3,0,5,4,8,1,0.33515318313303355,4749.892256545915,SHARED_DEVICE
4,4,1,0.047172472973406085,14,4,4643.093769549157,721.7303815323651,1,1,4,1,10,2,0.8833963384799604,8882.207714302209,SHARED_DEVICE
5,0,1,0.048318674060949446,11,1,5889.044003128485,29489.690827910366,4,3,3,1,3,1,0.7731475340772194,5829.178431112372,SHARED_DEVICE
10,1,3,0.05996445802210963,8,5,12137.587682193125,8975.271445382052,0,2,2,3,4,0,0.6058279967945113,8909.567434084613,SHARED_DEVICE
9,0,3,0.05595656511525766,7,0,26943.451199932548,23962.44606749653,4,1,3,2,3,3,0.7432657666846451,6004.5117122245765,SHARED_DEVICE
8,0,3,0.012664785522028082,11,2,23923.915954307522,19617.014205805244,3,2,4,1,3,0,0.0906514869994185,8957.0495801476,SHARED_DEVICE
6,2,1,0.027143176345916932,7,0,4159.850090753159,17944.130023883143,2,0,3,2,6,2,0.4755472224112459,5244.465674546464,SHARED_DEVICE
6,2,3,0.07302173022539413,6,2,8764.74126604984,7200.727553430312,4,3,4,2,8,0,0.028148395340951593,7600.7470467553985,SHARED_DEVICE
12,1,0,0.004479187677491093,18,5,4730.049093916335,25186.53107293368,2,2,5,1,10,3,0.7875642287128833,8422.287772544694,SHARED_DEVICE
8,5,1,0.04504067895239842,9,2,21716.348574036347,595.2897596478867,1,4,2,1,3,0,0.9492107711247204,7040.8578155643045,SHARED_DEVICE
4,1,0,0.03095229884655799,5,2,14362.514111452554,16726.19353854386,2,0,4,3,9,0,0.3099957675403684,9139.53340394214,SHARED_DEVICE
12,4,2,0.051457108046748606,9,3,29996.749405664043,14241.760912868534,0,2,5,4,8,3,0.21068541586173406,707.6427038924915,SHARED_DEVICE
7,1,1,0.06974149152539463,5,1,7629.692695042575,3469.7914644177417,1,1,5,4,3,1,0.6833284193453865,1202.1040735117388,SHARED_DEVICE
12,1,2,0.04341691561901328,6,2,24140.185756688214,25805.57004142169,3,1,3,2,9,2,0.4733614690406279,1006.2996036698005,SHARED_DEVICE
11,3,0,0.024928354158849003,12,1,8389.34344496637,24258.97830276606,2,4,4,4,7,2,0.824678252234789,6811.034072161006,SHARED_DEVICE
7,0,2,0.06533188165192107,9,4,19991.243332267193,25273.694452226482,2,4,4,1,9,2,0.6626415290945374,9862.573424899594,SHARED_DEVICE
7,2,4,0.05308587135875408,17,4,1890.314288086714,17082.009908867036,2,1,5,3,8,1,0.06721102577573201,8236.17375566698,SHARED_DEVICE
6,5,0,0.06844341168184918,7,4,19154.661416571744,541.1607863483891,1,4,4,4,8,3,0.5940524367211362,1120.5250100593678,SHARED_DEVICE
11,5,2,0.07027606006751463,8,5,13043.038423352418,18882.74725539426,0,0,2,4,3,1,0.2745437697934028,552.6328479668377,SHARED_DEVICE
7,4,5,0.06435371442590633,8,3,3293.4276434294084,27848.935300398975,1,2,5,3,6,0,0.3680813860848623,2604.7487831111484,SHARED_DEVICE
12,1,4,0.030050429761439377,6,5,4756.888804295794,29975.12452818995,0,0,2,2,8,3,0.8391581230517066,3674.099342058858,SHARED_DEVICE
12,1,1,0.044850942178336885,14,1,29285.430611142947,15915.584025822,3,2,2,2,9,1,0.915279770112898,3790.9098585706997,SHARED_DEVICE
7,5,2,0.04683294483392584,16,0,15315.93210181997,2179.432597977443,1,2,3,1,8,1,0.4849189493252747,6404.804102724215,SHARED_DEVICE
12,5,5,0.03722438335751031,14,2,10650.100678383838,21482.223985062894,1,0,3,4,10,2,0.5552554287882113,3935.83316422849,SHARED_DEVICE
4,1,5,0.039398191515521395,8,5,29239.80279188455,18919.980509247875,0,1,3,1,4,0,0.5449636959006615,8014.09646889038,SHARED_DEVICE
7,0,3,0.027546779140059555,15,2,23779.351212891208,5046.521739331269,3,1,4,3,10,2,0.2342773224344291,1063.8320197839655,SHARED_DEVICE
12,4,1,0.0716348720962985,9,3,15847.240679385877,15998.765354972635,0,3,2,4,6,0,0.5812181896321317,3607.3541529420627,SHARED_DEVICE
6,2,3,0.01786081990521663,9,3,4274.93055180554,9163.812570600023,4,3,3,2,5,1,0.052572959730623814,9594.420557691476,SHARED_DEVICE
4,2,4,0.020926868462005786,8,0,29010.109684108567,8775.07322171604,1,3,3,2,6,1,0.26230684195985243,5817.23936502584,SHARED_DEVICE
8,4,2,0.05181651012861825,20,0,715.9691641680998,9773.35447362412,0,2,2,3,7,3,0.22543120747860368,6539.805362779904,SHARED_DEVICE
7,5,1,0.06614213458730081,15,2,22789.101460171696,12193.143624764774,0,2,5,1,5,1,0.35109690025920526,4659.437755471363,SHARED_DEVICE
6,5,3,0.015278685862297543,18,2,27041.146665470973,3437.3283806605414,2,3,3,2,9,0,0.7471643421805886,9194.790749932043,SHARED_DEVICE
6,4,5,0.0292536656276818,18,1,7770.257168934335,17802.778780483983,4,1,4,1,10,3,0.27515345344795716,4409.146680051474,SHARED_DEVICE
4,3,5,0.06383771671685821,5,2,25405.381941982094,6036.041015483787,1,3,2,3,6,2,0.3941392246184222,1003.8504991005854,SHARED_DEVICE
11,4,3,0.017356386273625832,8,3,1490.9034618255212,12107.816344270408,2,3,3,3,5,2,0.6031927257782765,4260.188663288086,SHARED_DEVICE
10,4,1,0.023830866245137996,16,1,15227.105898892174,13682.819859249785,2,0,4,4,6,2,0.9097824688678338,6323.970295978839,SHARED_DEVICE
7,3,1,0.06402481442999572,18,3,4486.627736305838,24082.239884902203,1,3,5,1,4,3,0.7346133178295672,1084.3687568103364,SHARED_DEVICE
4,1,1,0.06335990258599401,12,3,22092.111701418908,13727.740119971606,3,2,4,3,6,2,0.4865408426459402,7501.884454442613,SHARED_DEVICE
11,4,3,0.047856396497025895,7,3,13805.784746732235,4511.059997702216,2,1,3,2,6,3,0.22078445582533313,866.8371504618156,SHARED_DEVICE
12,1,5,0.05018295846282631,15,5,18663.409617194826,2227.6023272674206,4,3,5,4,6,1,0.38309077652327983,9691.75947962109,SHARED_DEVICE
11,0,2,0.06758787315223913,8,3,8966.534502826014,23423.088245050032,3,4,3,2,9,2,0.44834924203628357,6925.845797955287,SHARED_DEVICE
11,1,5,0.056183381658805855,17,3,13346.810990596661,26621.749225064246,1,4,5,4,6,1,0.6474025086061753,8880.095139558096,SHARED_DEVICE
12,2,1,0.03800893082540201,7,3,554.0466585173486,24060.958352571874,2,2,3,1,4,2,0.11424129239723768,2359.6120965320943,SHARED_DEVICE
10,1,4,0.051653634983930725,13,0,29567.50494833725,19264.830008701912,4,0,2,4,9,0,0.9167580717540488,2154.669691249142,SHARED_DEVICE
5,4,5,0.00029322930044169306,17,3,4342.569747016523,27174.007586544096,1,2,5,3,9,0,0.9724275894206031,4425.698064972763,SHARED_DEVICE
12,3,2,0.07788121849171466,10,3,27207.900930581807,16334.705385370613,4,1,4,1,4,1,0.9856044722274387,6898.70504241844,SHARED_DEVICE
11,3,3,0.06129714206149342,19,1,13433.577741176909,29264.582965167367,2,1,2,3,7,2,0.951190881842988,6951.330281645939,SHARED_DEVICE
4,4,1,0.034667245905326896,6,0,9821.499021309455,4250.257817028508,3,3,5,2,4,0,0.7016592057750737,4392.995429306689,SHARED_DEVICE
12,3,4,0.03768090514532898,15,2,28243.259862486317,1394.4507507337778,1,1,3,2,6,3,0.3079556805861908,1742.0295369862588,SHARED_DEVICE
4,1,0,0.04819372970509275,11,4,29770.012928528682,29153.665453833226,3,1,4,1,4,1,0.3610456232564522,9998.93771278793,SHARED_DEVICE
9,2,2,0.02785148987726969,9,4,9394.376970277444,13339.352930277935,3,2,2,2,9,3,0.30318813657830224,6218.706309272982,SHARED_DEVICE
6,2,5,0.07781868308248772,6,4,29054.455100592353,19907.856149887928,1,0,4,3,10,0,0.4053381241944305,3344.2974853899627,SHARED_DEVICE
7,3,4,0.046024324732496756,6,3,16560.0343568949,3857.864861867654,3,0,5,3,9,0,0.4949450276506393,6740.208808281584,SHARED_DEVICE
12,4,2,0.04311344142437047,10,4,17963.81594996892,4267.169381183488,3,3,4,2,7,3,0.33288040068636315,7329.775296746684,SHARED_DEVICE
7,5,0,0.018390909176094896,14,0,22848.8565501438,14808.652595370504,1,4,3,4,7,0,0.25618984302652925,9563.279816669756,SHARED_DEVICE
7,2,1,0.07544821214988427,12,2,1006.7369551203409,29077.22056579581,4,3,4,4,4,1,0.6963118158879334,7094.351409411079,SHARED_DEVICE
9,0,0,0.07193401234431589,11,0,8479.860886211532,14061.34560290991,3,1,5,1,10,0,0.7082798378770814,2877.9590579534247,SHARED_DEVICE
7,2,1,0.01197085387456597,17,4,28665.148426706288,7580.651338668292,3,3,2,1,8,0,0.2284244472347995,6548.211393988834,SHARED_DEVICE
4,0,3,0.012483900481088907,9,1,1673.1589416431825,16948.84877722307,3,2,2,3,3,1,0.3838853999520142,7324.835030317713,SHARED_DEVICE
4,0,4,0.012132628050200616,11,0,6734.976814734484,26353.599980022253,0,2,5,2,7,1,0.6483029797520643,5385.493329851066,SHARED_DEVICE
7,1,4,0.03659762512906273,9,3,3704.7643523413453,17204.371773262024,0,4,2,4,3,2,0.3331557925251941,4144.572379012538,SHARED_DEVICE
9,1,5,0.057344854054410976,6,5,24455.398638368555,23345.15553980685,2,3,3,1,4,3,0.606151981946118,8988.948772190099,SHARED_DEVICE
6,1,0,0.03181688955821584,13,1,11470.235916072146,11719.105498181223,4,2,3,1,3,2,0.07265973175647233,9975.131262002911,SHARED_DEVICE
9,4,5,0.053627979948820556,14,1,13528.972108662572,12010.840397967602,2,2,2,4,3,2,0.2612229029888997,5417.787044596455,SHARED_DEVICE
4,4,4,0.04319044706827388,16,5,19214.712343965006,16341.57408765854,2,2,4,3,3,1,0.7883850439501222,6007.950728248248,SHARED_DEVICE
7,0,4,0.04211006794800391,19,3,27442.916929920906,23854.954489627224,3,3,3,2,9,0,0.3297181966143098,689.8984018455328,SHARED_DEVICE
9,2,1,0.04514886945079817,7,3,7022.13441001167,9227.396942927024,1,3,4,1,7,2,0.2203528875204941,2861.5465449472586,SHARED_DEVICE
10,3,2,0.014186424694736459,17,4,20151.916405589836,3362.3946655494574,2,2,2,1,4,0,0.14571791646830512,3337.3027793059778,SHARED_DEVICE
10,0,3,0.008183148054362172,20,1,20350.31085772032,25380.13720745672,3,1,2,4,6,0,0.7055575944746135,6525.722529916997,SHARED_DEVICE
7,2,0,0.019466530462994562,7,2,23660.168565442076,271.17564166682763,2,0,4,2,9,3,0.5557573314192248,9569.579608999788,SHARED_DEVICE
12,2,0,0.006782944891674774,11,1,7164.6921521988725,27366.7873798602,4,3,3,4,6,3,0.34523548471485965,3287.868155495214,SHARED_DEVICE
5,4,2,0.04183370217326873,20,5,15222.165772117925,10640.03263203709,0,4,5,1,5,0,0.06724170413744546,3391.0132729548895,SHARED_DEVICE
6,4,1,0.021322987555980798,11,4,16144.874270354936,6936.444213052045,2,3,3,2,7,0,0.5081681892992403,5413.943156395919,SHARED_DEVICE
6,4,3,0.06812762178585735,12,1,20142.494391158794,20334.82651891355,3,1,3,1,6,1,0.25571386415463504,8893.870879844726,SHARED_DEVICE
9,0,3,0.005753497789513196,17,0,18430.281500298548,8657.582716092114,0,2,5,3,5,3,0.2522913956854914,4023.6961413651884,SHARED_DEVICE
5,5,4,0.0075814146993751575,18,0,18858.97228709136,15670.066701295467,0,1,5,3,10,1,0.32004357773596215,4223.315396216877,SHARED_DEVICE
10,5,2,0.004663560567688574,5,3,3256.6747714479015,4393.955400495186,3,2,4,2,3,0,0.8708599611754282,1020.6436547311935,SHARED_DEVICE
10,2,3,0.07198178851211127,20,1,306.60576263003003,27518.3818542068,1,0,3,4,10,1,0.4622057175926746,5038.535308646758,SHARED_DEVICE
6,5,1,0.07156534627492947,13,5,15298.582012629815,23477.790733831236,0,1,5,1,5,0,0.13362649644960845,7492.706863539978,SHARED_DEVICE
11,3,4,0.04537923550624028,5,2,29718.872047467274,25237.620213257658,0,4,4,4,4,3,0.7068247463660503,1656.8923233920823,SHARED_DEVICE
11,4,3,0.037776123185907555,17,4,9708.694917972023,15636.26846748063,3,4,2,4,8,0,0.37842709459959056,2017.303884931499,SHARED_DEVICE
11,5,5,0.06278008805674204,20,0,12580.780660935628,9507.96940987479,1,0,5,3,10,2,0.7915319362937094,5272.0893975361205,SHARED_DEVICE
12,3,4,0.030026215314197035,15,3,26548.257338604948,4528.700410591283,1,1,2,2,10,0,0.40002566107492743,7798.647625886531,SHARED_DEVICE
9,1,2,0.023569937862561112,15,0,19493.08520506073,2036.004102829565,4,0,3,3,3,1,0.7078988593169953,3863.183825983186,SHARED_DEVICE
7,2,2,0.0631143779085011,10,1,11974.695021502124,11437.28407415307,3,0,2,3,6,2,0.5687677424876859,6592.546295224419,SHARED_DEVICE
9,3,0,0.013484811252792737,8,2,16286.900359909492,11714.40625243864,0,1,5,1,10,2,0.6145559289000275,6256.675274980311,SHARED_DEVICE
8,5,4,0.055894758813404624,19,5,2601.6725019456944,23431.263655933,2,1,4,2,7,3,0.7618360418031739,8560.067291160183,SHARED_DEVICE
10,1,0,0.018622422393828327,17,2,28278.625296692353,13970.176699888048,2,2,2,4,3,0,0.7674467737159827,9367.926551596891,SHARED_DEVICE
11,2,3,0.04091132431828392,14,4,823.9340996201661,23189.80061979089,0,3,3,1,10,0,0.8659042481830482,3200.5277843437634,SHARED_DEVICE
6,1,3,0.04788511961580458,16,5,6069.392192183916,3354.823400926179,4,4,2,4,7,3,0.8398990062844475,8053.580749270862,SHARED_DEVICE
8,2,4,0.04656222457333268,19,4,7992.1301890902605,24091.270466070153,3,4,2,3,8,0,0.66784012609544,8886.11531230706,SHARED_DEVICE
7,2,5,0.06497392169301783,10,3,16587.58674517683,1968.8320180008056,3,3,2,2,6,0,0.34377025015488005,4531.697886412552,SHARED_DEVICE
10,1,4,0.07160632198469977,20,0,18951.03889184764,18584.72994358743,4,3,4,4,7,3,0.5234253962623073,6957.978979470706,SHARED_DEVICE
10,5,3,0.02851193366684001,6,3,1168.8290344803831,12967.95467459785,4,4,3,3,7,0,0.08704016211177235,5111.690577139171,SHARED_DEVICE
12,1,0,0.002787087314323271,10,3,24403.17566422704,25986.73921434533,3,4,3,2,5,3,0.16255879232175252,7868.578790291419,SHARED_DEVICE
11,3,1,0.005210473873906638,8,2,15498.208293539485,9137.452437012094,3,4,3,4,10,0,0.43053011203352964,5785.166360732908,SHARED_DEVICE
10,4,0,0.05107019025189997,20,5,29008.904996857033,2187.126463133271,4,4,4,4,3,2,0.29267339466949394,8845.383762838019,SHARED_DEVICE
10,2,0,9.25108382259765e-05,9,1,27405.038587567768,16459.492817140275,1,0,4,2,5,2,0.46943893056308783,6709.037027042132,SHARED_DEVICE
4,0,3,0.07414806413315743,5,5,20367.94594465957,27070.478680354223,3,2,3,3,5,1,0.6385355744973442,1288.24342654794,SHARED_DEVICE
6,5,4,0.03737780919550535,20,0,27732.10678240058,823.3635754689706,3,3,2,1,9,0,0.7994229606460271,6300.685537487463,SHARED_DEVICE
5,1,0,0.021218256586537223,10,1,6778.822834749699,26470.001130680135,2,4,3,4,9,3,0.670133333020878,3900.670652726776,SHARED_DEVICE
12,0,4,0.030092285194183787,13,3,827.2485001476748,3014.2365927126025,0,2,3,3,4,1,0.6022812543334324,2972.2542323636067,SHARED_DEVICE
11,5,4,0.011636058843177288,17,0,465.0561491137539,22219.78592911734,4,2,4,4,9,2,0.7981906988687815,6870.991444028035,SHARED_DEVICE
5,1,0,0.017801410657314217,19,1,28079.571242759004,18616.581419148275,0,0,5,3,3,0,0.7640342577868575,1778.839551865037,SHARED_DEVICE
5,5,3,0.05429316165083217,7,4,2270.837887242462,3434.6105799067295,1,4,5,4,5,0,0.27058714882741786,6453.5513583611955,SHARED_DEVICE
10,0,2,0.010327498781441201,10,1,28764.906800093187,10969.300475503276,0,2,4,4,10,0,0.07820742402211511,5723.673434301248,SHARED_DEVICE
6,0,1,0.0408500780997123,10,5,709.7636236561267,7451.311862623691,4,2,3,2,7,2,0.8050795933619632,6019.340108392147,SHARED_DEVICE
10,2,2,0.002190185616640603,11,5,27790.045716853223,27156.336997239672,2,4,4,4,4,1,0.05268060323369661,6113.908999872013,SHARED_DEVICE
5,2,2,0.0550921300578117,18,0,6581.296513198446,24153.01346951022,0,3,3,1,3,3,0.7359801684365832,7909.074084972354,SHARED_DEVICE
9,4,0,0.04210241943265543,18,2,10204.118689289722,28841.140535086837,2,3,5,1,6,1,0.9062101472877289,8942.620556537908,SHARED_DEVICE
12,4,1,0.025274356888638307,9,0,21832.25136701617,23684.464816348915,3,4,2,1,10,2,0.7084005134587185,7585.971593654431,SHARED_DEVICE
4,3,0,0.014485638560231235,8,0,2139.8492268280634,14674.970379252354,3,3,3,4,5,1,0.1449495310381984,3278.467418648147,SHARED_DEVICE
8,0,4,0.016520001193519027,7,5,22926.848706211327,28927.051779580226,4,0,2,3,6,0,0.8372315583912521,2758.868251675258,SHARED_DEVICE
5,5,4,0.04752766499966834,9,1,14452.83625022522,6936.454939769209,1,4,3,1,7,1,0.5291314009608648,9333.094972241526,SHARED_DEVICE
11,5,3,0.04034617596658708,12,4,17625.133620250217,421.46527943820786,3,3,4,2,8,3,0.8762198720629875,7502.761485630472,SHARED_DEVICE
8,1,4,0.02581164708826944,13,2,6773.533326955026,25848.666142308986,3,2,3,2,6,0,0.7951500161172306,3907.09884763601,SHARED_DEVICE
12,1,2,0.05741440627360904,12,0,23785.90270831577,27431.42747809695,0,4,5,3,8,3,0.09600450841063612,513.2467782087406,SHARED_DEVICE
11,4,5,0.06288081573613966,19,3,20226.657276735426,11906.852133131388,0,4,4,2,4,2,0.25089186802073127,8709.294045054015,SHARED_DEVICE
11,2,1,0.010350354477982516,11,0,2390.7974677678712,25310.427483119205,0,0,4,3,9,0,0.9745014280644053,5442.018802515415,SHARED_DEVICE
10,4,5,0.007108847979603867,5,3,20246.04322163959,11649.833609344496,4,0,4,2,6,2,0.9038379138570019,3741.3320735240086,SHARED_DEVICE
5,0,4,0.0010940230575789656,14,3,8150.222625233656,15527.867665470607,2,1,3,1,9,3,0.8432999843079276,9262.451983305597,SHARED_DEVICE
9,5,4,0.0019576440873091895,12,0,10580.98022474947,10205.457180769337,4,4,2,2,6,1,0.32942133148668473,6223.439259932276,SHARED_DEVICE
12,5,4,0.0298169135494902,20,1,4001.5141467822514,5501.931594876784,3,4,3,4,10,0,0.4184337527836254,5214.671855721526,SHARED_DEVICE
9,2,1,0.07391860280194737,13,0,3622.2677309898954,15384.372297398913,2,1,4,2,5,3,0.3163432137389175,3177.662080729812,SHARED_DEVICE
7,2,3,0.03460741516084242,5,0,22235.335790582354,20812.007695370776,2,0,5,2,3,1,0.34006688905337645,2034.5158122064427,SHARED_DEVICE
9,5,5,0.06685793193632521,18,5,3401.6540611094247,5693.837233122963,4,1,5,2,6,0,0.8103016566773366,9679.78975598882,SHARED_DEVICE
9,3,5,0.0038138592697500506,14,5,12888.70365989203,17447.231436081147,1,3,2,3,3,2,0.9457572291864288,804.7092551650422,SHARED_DEVICE
12,3,1,0.028334554455172738,12,1,3628.3317608966013,23553.531586136,2,4,4,3,9,3,0.22370727496255294,2067.5854223942906,SHARED_DEVICE
7,3,5,0.00039153275142091105,5,1,10068.189683588267,26143.925540041044,0,3,2,3,4,1,0.9578428531778937,5952.313867652956,SHARED_DEVICE
7,0,4,0.0014113547513628167,19,3,7957.409052495373,29950.05410922901,4,3,2,3,10,3,0.14058900805716823,9780.894730792554,SHARED_DEVICE
7,5,2,0.015798174298468064,6,1,25785.29987375775,8214.427454364319,4,1,3,2,3,1,0.9661076654901004,8553.686052784822,SHARED_DEVICE
5,2,3,0.00792755626508253,8,0,26444.82139160715,7067.05598930085,1,2,4,1,3,0,0.9088309863637668,6517.475366591895,SHARED_DEVICE
7,4,2,0.010736124546266339,6,5,21674.7523477714,3063.30007360474,3,2,5,1,10,2,0.41610342134678113,4467.242145446509,SHARED_DEVICE
8,5,1,0.05121941844201903,9,5,22964.00649665251,13678.179615110164,2,0,5,2,5,1,0.8600436621991525,3839.4765932110863,SHARED_DEVICE
12,3,3,0.030960510990368322,14,0,14608.783119962936,23468.42137877539,4,0,2,3,4,3,0.1078693613892514,2651.1471610401672,SHARED_DEVICE
8,4,2,0.004537422095357018,19,2,29919.615448736567,24087.774172785903,2,3,4,4,10,3,0.5631803823184123,3072.9850409038972,SHARED_DEVICE
4,3,0,0.01283519342298324,13,1,1361.9962298005405,2457.0471245338176,2,1,5,4,5,2,0.025355462945334306,1350.3441877252671,SHARED_DEVICE
5,0,1,0.05963634437872545,20,1,23310.542371598476,1263.820363305258,2,1,4,4,10,0,0.5178078854394985,1805.5832261041332,SHARED_DEVICE
11,0,5,0.05721929922071072,16,1,6237.722048046239,21525.301047312634,3,1,5,3,10,1,0.3901945630871795,1152.597239321506,SHARED_DEVICE
10,1,2,0.042681000422707574,20,1,9551.447851274293,19062.168837385936,4,4,2,3,6,2,0.10537537909616479,3269.371568094016,SHARED_DEVICE
4,1,0,0.07877733083997301,20,2,16752.01418029951,12131.50592087552,0,3,5,2,6,2,0.3002535234251609,1964.976775992736,SHARED_DEVICE
9,4,5,0.003900690734930512,12,3,28714.018467827933,15875.43201725152,0,3,3,4,8,2,0.3323190605010844,3798.4793339975336,SHARED_DEVICE
8,2,3,0.03287290258734313,19,2,18247.638244802452,10622.964340562636,3,4,4,1,5,2,0.09777059274994893,5495.537696430309,SHARED_DEVICE
7,2,5,0.03923007588181058,8,0,27353.35736183771,5322.304640417066,4,2,4,1,5,3,0.5758315566527636,4117.706788088143,SHARED_DEVICE
7,2,2,0.02384652421018302,18,1,18841.750910902596,25014.853241228422,2,3,2,4,9,1,0.9067755960402839,6529.592994647506,SHARED_DEVICE
6,4,0,0.03322052501198832,11,0,22273.0842955201,14789.264302616903,1,4,3,2,4,2,0.637632282791842,2324.5766941799047,SHARED_DEVICE
11,5,0,0.057474274067196345,5,5,3526.2681578000866,28926.668911839453,0,1,2,4,10,0,0.8881902771712299,9497.933873819782,SHARED_DEVICE
6,3,3,0.04074714640426882,6,0,27928.236991151494,24685.12912010624,0,3,5,2,7,1,0.8988215590448392,1127.2550657869438,SHARED_DEVICE
7,0,2,0.024390753030324338,5,0,11298.076576678222,18649.98724684048,4,4,5,2,8,2,0.2481384917537962,3507.312627510532,SHARED_DEVICE
6,1,5,0.07489855132622623,8,3,17131.72795173744,4583.734467326852,0,0,5,4,3,0,0.16239548482679877,1560.689409613713,SHARED_DEVICE
10,4,2,0.02586277227976243,12,3,10617.591675218833,10368.378705194042,4,0,3,3,7,0,0.30086663483990894,4168.84176446275,SHARED_DEVICE
7,3,5,0.0002480327053280984,16,3,23020.215712279827,2693.7863424767593,0,4,4,4,7,3,0.8935363238717144,6370.270691658727,SHARED_DEVICE
9,1,2,0.012006689007077692,20,1,6443.906819125809,13294.485544041154,4,0,5,2,6,3,0.17490937554433594,3902.1584495590905,SHARED_DEVICE
6,1,2,0.04373410913544919,5,3,1815.7781716927368,22798.969707885994,0,0,5,4,9,0,0.9137239887575486,1186.5000660283897,SHARED_DEVICE
6,1,2,0.05358421956430923,7,5,14125.741916307748,14170.365995730197,2,0,5,3,5,2,0.17464828560847978,5098.614701939552,SHARED_DEVICE
8,0,5,0.05932819478901198,12,5,14185.495948126543,21709.360904244237,0,1,2,2,9,3,0.07009385996001316,4466.700948678468,SHARED_DEVICE
12,3,4,0.02468323653138076,10,5,19359.86770286755,23683.93048886042,0,4,5,1,6,1,0.8920100707260068,6232.592312709262,SHARED_DEVICE
8,1,4,0.04373068234937299,15,4,1784.9388626593998,18450.910995707225,1,2,5,3,9,1,0.805943985722088,3298.1980751301726,SHARED_DEVICE
12,1,0,0.006645848759689095,10,1,11170.069752732445,25123.644582645982,0,4,5,4,3,0,0.16394898440993322,4543.614969248997,SHARED_DEVICE
11,1,2,0.008089639587105974,7,5,17569.890915306914,21309.390253956637,1,2,5,1,3,2,0.4495880828743529,2485.816596148102,SHARED_DEVICE
9,1,2,0.037585924299867284,19,1,1699.48462645365,2967.609083474123,0,2,4,3,4,2,0.4382312666624326,3119.1703210143446,SHARED_DEVICE
9,0,0,0.03251807113808049,9,4,15233.195153375953,11763.052575782664,3,4,4,1,10,3,0.3909899810827754,9738.687747709908,SHARED_DEVICE
8,2,1,0.006123220186445444,17,5,1589.5188355378443,3411.8524521968184,0,2,4,2,4,1,0.607328518947894,9856.379382706096,SHARED_DEVICE
4,0,3,0.022563917513226752,19,4,2954.514595993688,19854.602742701114,2,2,4,2,3,1,0.5177281553722732,8176.971220551403,SHARED_DEVICE
11,5,0,0.05568469799358198,15,3,18883.281562232278,13891.282660745792,4,4,2,4,4,1,0.10070309866442417,5781.886759422591,SHARED_DEVICE
12,5,4,0.07444579045843165,10,0,25427.668352275556,2020.2186905457863,2,3,4,1,9,3,0.4922616616790835,8386.479971519657,SHARED_DEVICE
12,4,2,0.011676317843642776,7,0,14043.218183210935,8967.38353557526,0,0,4,1,4,2,0.9401721955696057,4290.174341833985,SHARED_DEVICE
11,5,3,0.07873397460225069,14,0,5991.208316051012,15339.694169527693,0,4,2,4,8,3,0.864378395760977,4801.708091481184,SHARED_DEVICE
9,1,0,0.07901900636063465,8,3,21961.29760605713,28925.511803705354,3,4,5,1,3,2,0.46189147304809974,9673.547749137375,SHARED_DEVICE
8,2,0,0.05005151399722833,13,0,8127.177108346186,18904.045285716064,0,1,5,4,3,1,0.04424050601574436,5603.88269718922,SHARED_DEVICE
12,5,1,0.05899863774393846,19,1,27129.855877888018,28838.901257619968,1,2,4,2,5,3,0.16815105169101174,8644.297607635424,SHARED_DEVICE
11,1,0,0.03459923887068081,11,0,29104.871811164106,26417.02374411824,0,2,4,3,3,1,0.45681506636477553,6828.321429316876,SHARED_DEVICE
5,4,1,0.045093469178888235,19,5,25659.37834429759,27694.49760471478,0,2,2,4,6,2,0.13562587235827062,7341.194666109997,SHARED_DEVICE
11,0,2,0.060410451239541446,15,5,46.0669770689659,20784.26884023301,4,4,5,1,4,3,0.0027048123409709746,5834.383751774573,SHARED_DEVICE
11,5,2,0.05488963673883018,10,5,7461.472992733581,1332.8841902613676,1,4,4,1,3,0,0.8953248725444063,9967.189012748306,SHARED_DEVICE
11,5,5,0.021081223575477922,6,2,23802.523297644177,15447.751033732984,0,4,2,3,6,1,0.7763805708182159,2286.7014466128494,SHARED_DEVICE
12,2,0,0.06318746856684697,13,4,27733.713200853315,19108.391484200158,4,4,4,4,10,0,0.5949134376641019,5185.661734352628,SHARED_DEVICE
11,1,1,0.013679041737853677,16,4,29114.35156940281,7619.040049258477,2,0,4,2,9,3,0.09359022178997134,7117.194391524049,SHARED_DEVICE
12,0,3,0.034838014718082955,6,3,8096.685859178675,764.8980803963357,0,3,2,1,9,2,0.7038554761552466,9918.398142528476,SHARED_DEVICE
4,1,5,0.008098115338668395,14,0,19479.367713511438,21611.317134571473,3,1,5,2,4,3,0.18060407587249427,676.3182393200535,SHARED_DEVICE
10,4,1,0.022498972569027453,13,3,17553.41008841195,22411.23450617699,2,0,2,4,5,2,0.1480705138247056,5945.712221268225,SHARED_DEVICE
8,3,5,0.016692578833275355,7,5,16668.25567992088,14724.395432415862,3,0,4,4,4,1,0.017332160553144016,4707.675886718281,SHARED_DEVICE
10,5,3,0.01599696295355029,20,0,18808.48290190806,7627.452122701017,0,0,4,2,3,0,0.8634542989058728,9673.495811590506,SHARED_DEVICE
6,4,1,0.06790080104095908,19,0,13868.835594027229,25516.30468965204,1,2,3,2,8,0,0.4160860305088846,9047.019793275924,SHARED_DEVICE
9,5,2,0.0039649449549157105,17,1,25508.184470457483,27170.860234895998,4,2,5,3,9,2,0.2220931547669167,3168.003290695357,SHARED_DEVICE
9,0,4,0.003362403417047046,18,2,21963.072699392404,1339.8276386402174,1,1,5,4,8,3,0.619606504389533,6177.3692514150125,SHARED_DEVICE
8,5,3,0.03968272350855507,14,1,24132.271764183166,28926.45871080859,0,1,2,2,5,3,0.9168910129682286,7761.873378327958,SHARED_DEVICE
12,0,3,0.07949595075944037,6,2,10594.28957095782,21052.248210265887,2,2,3,3,3,3,0.09508507708607639,655.0608776399148,SHARED_DEVICE
11,4,4,0.015352146877329602,19,4,22908.153152352745,12009.682636243768,0,2,2,1,8,3,0.41273817683328196,2442.799209689513,SHARED_DEVICE
5,2,0,0.0013621297734521854,6,1,10737.714179429924,29056.365989547336,4,2,3,4,7,2,0.27238604354028395,9642.238777413006,SHARED_DEVICE
9,1,5,0.011941856556192905,7,4,20329.638174385953,9978.281017922769,2,0,4,2,7,0,0.35987657559589403,9149.050067714428,SHARED_DEVICE
7,0,3,0.031313761078162035,11,3,6501.541967484028,24303.60519425641,0,4,3,3,6,0,0.20462500400718453,5705.386906267581,SHARED_DEVICE
8,2,2,0.07802720536381828,17,0,17386.339267207808,24696.5311625443,3,2,5,4,5,0,0.09950300205040463,9508.358528211951,SHARED_DEVICE
11,3,1,0.03825706661610804,8,1,11246.68617747247,16351.8129660234,2,2,3,1,6,2,0.6270663707259239,6189.028991565761,SHARED_DEVICE
6,1,0,0.07762060506488366,13,2,5936.20536963951,21252.696961097692,3,3,2,3,6,1,0.9220795981173926,8151.7936407241195,SHARED_DEVICE
7,3,0,0.0061503802773837535,20,2,21835.11818487589,20866.514399153126,0,2,5,1,3,2,0.9340036470573393,4036.6154394203068,SHARED_DEVICE
4,1,5,0.015108283978385453,16,4,28821.05395807757,7336.8725073716805,3,4,5,3,9,2,0.11105564610222762,779.2347736623178,SHARED_DEVICE
4,2,2,0.02087280482689147,6,3,12773.691317121597,22381.23222527643,3,0,5,2,3,3,0.6097773388186776,9263.836582837212,SHARED_DEVICE
10,4,2,0.0764576135174906,11,4,11590.986097965406,23851.45408995246,3,3,3,4,6,0,0.9127576717922765,2530.274381381296,SHARED_DEVICE
6,2,2,0.0391509831089425,18,2,2383.4762383065377,2505.225752445268,1,2,3,1,8,2,0.16118398978499326,4726.892351088172,SHARED_DEVICE
6,0,2,0.004300806627067377,9,1,13939.700040577922,9150.87181187458,3,0,3,3,7,1,0.23974485946608948,5245.854846864408,SHARED_DEVICE
6,0,3,0.04370408029379868,14,3,22731.361893996793,7433.408928783606,1,4,3,1,5,1,0.8721748696437154,2365.1736464836863,SHARED_DEVICE
8,2,2,0.06322539225603849,14,2,21498.720127315843,21292.684481815115,0,1,2,2,9,3,0.36059412049127537,2238.2479683366464,SHARED_DEVICE
11,4,1,0.036848486957233285,14,2,21994.631974469798,10428.56557763009,0,0,3,1,4,3,0.2974961125121651,6952.804623033962,SHARED_DEVICE
6,5,0,0.06378789618955709,19,0,20907.76920361745,16697.734410355515,1,0,4,3,5,1,0.35288145774604673,8631.225475574267,SHARED_DEVICE
11,2,2,0.026077552206409216,16,3,27788.075106451408,26011.31132095778,4,4,4,3,10,0,0.6359919743770435,6905.8446915286295,SHARED_DEVICE
6,3,2,0.009930957467731752,10,0,23506.712118548385,14078.977262288045,2,3,4,1,9,1,0.8633857254173685,7754.818552506689,SHARED_DEVICE
8,0,1,0.07827671102111401,19,1,3594.662274540885,7207.169154284249,4,3,2,3,8,1,0.7021492143270436,4056.1001071593078,SHARED_DEVICE
9,2,4,0.005071776384169713,15,2,15522.830702518355,9430.985922103975,2,1,4,3,8,3,0.48259885450235696,816.1805400952983,SHARED_DEVICE
7,1,0,0.02571213918592304,11,1,27145.489108303813,28001.102993888293,4,0,5,1,9,3,0.23831556922546981,6693.5086211382895,SHARED_DEVICE
5,0,0,0.050113073035643094,7,2,18252.49470213286,25784.91808505839,2,2,5,4,5,1,0.5954131475380061,4054.8196521903646,SHARED_DEVICE
12,5,3,0.021595915434301755,17,5,11293.130637364031,14904.664520024811,3,0,5,1,5,1,0.4138186081735279,2811.745644211435,SHARED_DEVICE
11,0,5,0.03651034375046011,10,3,27235.983825387793,595.7828462892112,1,0,5,1,10,1,0.18638879438368494,5385.262176899032,SHARED_DEVICE
11,3,0,0.0008356465374860811,13,2,1.602343295801223,11210.528582102243,4,4,2,3,10,0,0.8404062333375499,4043.6743001869145,SHARED_DEVICE
10,0,4,0.03813928130252941,15,5,28457.77623228338,29909.813685244964,0,3,2,1,8,2,0.22874482571941535,3234.893863628597,SHARED_DEVICE
12,1,2,0.05035748543149337,8,0,16804.220707955603,20387.02407342975,1,0,3,3,6,0,0.2291026184306455,785.7398017575615,SHARED_DEVICE
5,5,4,0.02586279549333029,17,3,24114.645822513696,4406.505946431671,1,2,3,4,9,0,0.6873235612929837,9367.117185609512,SHARED_DEVICE
6,5,4,0.07000763300748797,14,5,298.9548656326735,1589.9734786671381,2,0,4,1,4,2,0.09549079901061386,5633.744013879939,SHARED_DEVICE
10,0,3,0.04962394357936389,10,1,27367.05210421029,29779.307745059134,1,2,2,3,8,1,0.7386767130079727,8709.951369183878,SHARED_DEVICE
9,5,5,0.006419988314343463,11,5,2367.6720172620635,26354.52133838937,0,1,3,4,6,3,0.36991782143360696,7108.513955636866,SHARED_DEVICE
7,4,4,0.025908326153685275,18,2,27777.327241584433,29078.146869041542,4,2,2,3,10,3,0.051638744479540755,6267.543938716259,SHARED_DEVICE
12,1,5,0.019529571887479637,10,1,7703.151587854943,24125.78455647558,4,2,4,3,3,2,0.32888003032335134,8646.908759269987,SHARED_DEVICE
5,3,3,0.009161485957176252,12,3,11585.150917808267,9895.718452482743,0,1,2,1,4,0,0.5076561290765408,4723.475522410767,SHARED_DEVICE
5,0,0,0.003515709808400667,7,0,15259.31544333115,19302.219510306895,2,2,2,3,4,1,0.3491139740194398,4964.23302048291,SHARED_DEVICE
4,2,5,0.05490143160770512,18,2,10607.987321553974,22691.138131619537,1,0,2,1,10,0,0.30004305992670677,4619.605948328383,SHARED_DEVICE
5,2,1,0.036628125844333025,9,3,4803.063909430505,15212.18092040173,2,3,2,4,6,1,0.35501386439309146,5594.776532099881,SHARED_DEVICE
11,5,0,0.04726926426605345,15,4,13426.239779016914,14148.611750745824,1,0,4,2,6,2,0.6903505087691932,2335.3845509455787,SHARED_DEVICE
12,0,5,0.07940730532822071,8,5,8869.433233425572,8222.460606543513,0,3,2,1,5,1,0.2273129715594796,4851.995269503857,SHARED_DEVICE
11,3,3,0.06842068420205967,12,1,19983.52176983412,23003.535474371776,2,2,5,4,10,1,0.36854563074790825,7076.748949743164,SHARED_DEVICE
11,2,4,0.03138730906372925,17,5,27761.38756107998,23543.887587095713,1,4,2,2,4,1,0.20929245315370992,770.3217150816594,SHARED_DEVICE
8,1,4,0.030755262179420723,17,4,18919.00280899859,20648.509379025236,3,1,4,4,3,2,0.17013253567380915,5650.588155416009,SHARED_DEVICE
7,4,4,0.048675566782560735,13,2,2109.4864510355405,2313.838825652953,1,1,4,3,9,1,0.09495126812433718,6247.468990018229,SHARED_DEVICE
10,2,2,0.03317550192377574,6,0,25694.493005143297,9276.841584963762,2,0,4,1,10,3,0.7247733075928089,7303.889377726834,SHARED_DEVICE
4,1,1,0.03525059436928881,18,4,29293.752648557354,26480.840841087236,2,1,4,1,8,3,0.8035728325965313,6893.839707592349,SHARED_DEVICE
9,1,5,0.04473312894502315,19,1,14936.909091203826,15024.03211896736,4,4,3,1,10,2,0.1503663804452673,1089.2120825873983,SHARED_DEVICE
12,3,4,0.03389599786690185,14,5,6770.875963318431,18578.46855709806,4,3,4,3,4,0,0.04480739332153938,4030.1414690312313,SHARED_DEVICE
12,2,0,0.03493405753167351,18,4,25313.208680871732,5055.866530343792,0,1,5,4,3,1,0.4057793251629226,5089.631107930794,SHARED_DEVICE
9,5,5,0.059729561686603205,13,4,26460.78922460184,29944.932475916663,3,2,2,4,6,0,0.2464488537517595,1773.7088749268303,SHARED_DEVICE
7,1,0,0.06744845213621885,20,5,29050.00223831426,7253.225121773717,3,1,2,3,4,0,0.6682031700991506,2834.631462025114,SHARED_DEVICE
7,1,2,0.0002648748640717802,11,3,2770.529470082842,25179.917752049078,0,3,3,4,8,0,0.7929645655732162,1369.8668817236958,SHARED_DEVICE
9,0,2,0.02853012503226493,17,0,2151.6541156393464,14387.427842412279,2,0,2,3,5,1,0.38478160385898885,1210.6353989216213,SHARED_DEVICE
4,1,2,0.00507006187908078,16,3,4666.839856071091,23828.234296841765,4,1,3,2,10,1,0.017182842233144258,6987.278693690346,SHARED_DEVICE
9,3,5,0.07754787174559927,20,3,28499.4640369683,22314.424594583816,2,0,4,1,6,2,0.1378995182475048,5048.225851362348,SHARED_DEVICE
8,4,2,0.055531845736273094,7,2,28225.381677594727,28038.208766256714,4,2,3,2,8,1,0.8228226778989747,3575.452072608099,SHARED_DEVICE
7,1,3,0.05891299796262236,12,3,26429.49528589051,15837.318772270464,3,0,2,1,4,1,0.010790343193611163,4561.867940765813,SHARED_DEVICE
5,1,5,0.07882174424434422,11,5,21509.388392011504,18613.848176774198,4,1,2,1,3,1,0.7400422388634701,1942.4329491396459,SHARED_DEVICE
12,4,3,0.04678006444572166,8,2,6198.318611094837,18032.427650521924,0,1,3,4,4,0,0.16172247393339745,8654.987075942076,SHARED_DEVICE
10,1,2,0.07382790982540974,20,4,5377.102416218883,16270.261164340054,2,4,2,4,9,3,0.6589914407671363,8291.8011965844,SHARED_DEVICE
6,1,2,0.0226965870968856,6,3,4755.208550708132,5989.013013858651,2,4,5,1,5,0,0.6905622461853107,9492.278817413307,SHARED_DEVICE
5,2,1,0.06368531693717402,17,3,7908.429254835112,17485.34617255305,0,0,4,4,8,1,0.824839073431957,2307.158828904807,SHARED_DEVICE
10,2,0,0.06241812601475074,16,5,25509.167220923446,26626.372785952015,2,2,3,2,7,1,0.6519181039595641,2137.39680586306,SHARED_DEVICE
12,0,4,0.053563635987259765,20,0,10780.9006379078,24968.54354807603,4,3,4,1,8,2,0.6599360065454047,4195.37869501865,SHARED_DEVICE
9,3,0,0.030731759736752507,16,0,26064.890700767974,28165.53179380984,1,1,4,2,5,0,0.3770137050873714,3832.208975774771,SHARED_DEVICE
9,2,1,0.03479263902817987,18,5,15424.678581605556,29526.501213250816,4,3,5,4,5,3,0.28422091396992677,4676.4897413975505,SHARED_DEVICE
4,3,4,0.05584690372899581,18,3,1089.0626709134453,15216.23155048759,3,1,5,4,7,2,0.9661551014767787,7148.751025461408,SHARED_DEVICE
8,1,1,0.023795490821053075,9,5,21205.98316536751,13694.712159116343,2,2,3,1,10,1,0.20659954245901102,8246.792884571598,SHARED_DEVICE
5,5,2,0.04979166325427444,15,1,6722.087434663995,15029.604430382069,4,2,2,1,8,0,0.7631918053721445,4216.593563529378,SHARED_DEVICE
8,1,1,0.01664251859182145,7,4,13348.141171641802,28704.988984183885,4,2,3,1,4,3,0.14103493814407053,803.8903663449593,SHARED_DEVICE
5,3,4,0.013838513773623298,16,5,6805.715279975536,9102.391238407168,0,4,3,4,4,3,0.7229499686965956,1526.6864949642784,SHARED_DEVICE
10,1,0,0.047194984716546234,8,4,22202.45708637132,16810.65554116585,1,3,3,3,10,2,0.2099249645724619,6163.764867930658,SHARED_DEVICE
11,5,4,0.060723971245849544,19,4,14175.441778869601,6926.705726491855,3,2,3,4,7,2,0.8340036473599357,9799.182001696709,SHARED_DEVICE
8,0,5,0.05204306651295117,12,4,13265.925960415208,3841.444830843174,1,3,3,2,10,1,0.724023283328592,3649.7576040670965,SHARED_DEVICE
9,3,5,0.05611508604267067,9,4,20340.098240151037,7514.555416725693,2,4,2,4,6,3,0.2700195028979846,1933.0562413759285,SHARED_DEVICE
9,3,2,0.060600012743049894,7,5,29807.76283912311,8580.015831622128,0,2,5,4,3,3,0.59064341110032,5438.220433306609,SHARED_DEVICE
11,5,3,0.07310679296226229,5,3,13266.955816515727,6139.005084931483,4,4,2,4,5,3,0.6382746228180805,804.4360484622518,SHARED_DEVICE
6,5,1,0.04162646119018297,20,2,27153.859233217114,5677.148268479442,1,2,5,3,9,0,0.6095459113590451,8007.265653156192,SHARED_DEVICE
8,2,3,0.055287728837230564,13,3,21709.193551464567,5341.27618623095,2,0,2,3,8,3,0.7365883329687741,8712.733625962626,SHARED_DEVICE
12,1,0,0.0022759146258879872,19,1,22068.82912275471,6733.8449441892835,1,3,2,1,6,2,0.19252283629921985,5281.400973086021,SHARED_DEVICE
7,4,1,0.0428351965857557,10,1,955.2731623766331,22146.93720506537,4,3,5,3,4,1,0.5289045846991727,8950.885062649364,SHARED_DEVICE
4,3,1,0.006869876876113281,12,5,17109.92232253993,16304.095305523926,0,2,3,2,4,1,0.15013523600306233,5212.118031034936,SHARED_DEVICE
7,3,4,0.07009822302336823,9,5,11650.259018860283,9263.725432070123,4,3,3,1,3,2,0.32661717657907907,873.4406506175908,SHARED_DEVICE
10,2,2,0.05451276826043015,13,0,1185.4500237238285,11504.945943542358,0,0,4,1,9,0,0.2794002527087528,5998.244343621785,SHARED_DEVICE
6,0,0,0.040741080723101585,15,4,8624.271403109422,6730.471254294196,1,4,2,2,5,0,0.12714746776753638,2199.480398369245,SHARED_DEVICE
9,2,1,0.039592777033718995,5,2,5161.939219571954,2996.235723770193,2,4,3,2,4,0,0.6904258933678867,1301.6992337799134,SHARED_DEVICE
8,4,5,0.023774070739731333,20,3,25883.05254041604,27800.46135083304,4,0,2,4,4,2,0.8406645143076853,7261.114867028186,SHARED_DEVICE
4,0,5,0.00848842954312972,18,2,10433.794917842324,24055.625778769885,1,0,4,2,3,0,0.07835462441797925,3277.565323129437,SHARED_DEVICE
7,3,1,0.05181206919288199,9,0,768.9588404048264,16412.318987045666,1,3,5,2,8,1,0.648120073151567,6849.035794657289,SHARED_DEVICE
5,3,2,0.03296147327879805,19,1,21503.198614995978,26410.582682915006,3,3,3,1,8,2,0.8039026280571276,7198.514764605813,SHARED_DEVICE
12,1,1,0.051889564840322554,6,5,23169.25532299128,17499.20691280302,0,3,5,1,5,3,0.8666285987801333,5340.92496700466,SHARED_DEVICE
10,5,1,0.043449177564152175,13,4,1353.0231866473064,419.7503197620689,3,0,3,2,8,2,0.6860051010603818,1452.6390882806772,SHARED_DEVICE
9,4,0,0.03259776950666056,8,3,24859.304274220034,22453.080030496316,4,1,5,3,10,2,0.9003185888660258,9771.706579909775,SHARED_DEVICE
10,4,0,0.013620263576633542,8,0,9408.504327443237,7314.789046976707,2,2,5,2,6,1,0.020917211558354576,6550.070403620718,SHARED_DEVICE
9,0,4,0.027267615012878388,7,4,19279.930374747433,12002.876235270633,2,4,5,3,8,2,0.051798875188048155,5602.573094314359,SHARED_DEVICE
5,5,2,0.05591126694899534,8,3,7532.774803442335,26268.112800268264,2,4,3,2,4,2,0.28001999348532836,3969.9818161768653,SHARED_DEVICE
10,4,2,0.0722950394570135,15,5,25189.871753825206,7097.749368991584,4,4,3,1,7,2,0.15528445272375102,9528.026742014754,SHARED_DEVICE
9,0,4,0.07725312399330277,10,0,15943.80221938897,20219.29674889971,2,0,3,3,4,0,0.013394981604192502,7350.488173932087,SHARED_DEVICE
7,4,4,0.058227448389228754,11,1,4777.106622896598,29500.848748972705,0,3,2,1,7,3,0.22275750257794713,6474.713947973152,SHARED_DEVICE
11,4,0,0.006307167022471178,11,5,8859.577777840244,13753.520622768538,2,2,3,3,5,0,0.26463697799826635,4204.043900737792,SHARED_DEVICE
4,1,2,0.06037150411281878,17,2,21003.220551042203,19701.738594404247,0,3,5,2,6,2,0.9019844193982892,4318.965151491902,SHARED_DEVICE
10,4,3,0.009164886741409042,14,1,1670.341511613498,17110.742663652465,3,3,3,2,7,1,0.2807005635764164,6054.097139124422,SHARED_DEVICE
11,4,1,0.04025949949535202,18,5,10339.824426672354,5568.979318413416,4,1,3,2,6,3,0.44733803444239695,3252.1364998627523,SHARED_DEVICE
5,0,0,0.07644648162709286,6,5,14335.972305335325,23175.130043209294,0,2,5,3,7,0,0.20490759855679375,9343.417821098401,SHARED_DEVICE
7,0,4,0.06768463212951714,14,1,16626.723063385998,25593.38081494083,3,0,5,2,5,2,0.4290990143950224,8448.812654194578,SHARED_DEVICE
4,3,1,0.011491592824056642,10,3,29038.583105960333,4251.871724542435,3,1,5,1,10,3,0.41877641124313436,2700.7990293203256,SHARED_DEVICE
4,1,5,0.015621539600798054,8,5,13388.530480593421,2255.389975584543,2,3,3,2,9,3,0.6287252911791469,4458.40474533968,SHARED_DEVICE
6,1,2,0.06888355607685603,7,0,27821.21263578985,21810.066204201536,1,2,5,1,7,3,0.43048278444174004,5611.164639286896,SHARED_DEVICE
11,5,3,0.041026491407562427,12,5,7327.70499668455,15581.28803323331,0,3,2,3,6,0,0.3507159381639222,7760.022498432018,SHARED_DEVICE
9,4,2,0.006932706594098815,6,1,16292.648317703843,11564.204705694527,3,4,5,1,4,2,0.9943340764778418,5701.388083601093,SHARED_DEVICE
10,4,4,0.03527107708138538,17,1,11547.262343669645,16659.095740177312,0,2,2,2,3,0,0.9317536308518016,1206.5733914236566,SHARED_DEVICE
8,2,4,0.027955776568544036,6,1,18882.774891469868,22564.438905261504,0,2,5,3,7,2,0.8450525228119689,5045.501705262281,SHARED_DEVICE
12,4,1,0.04013565448510693,11,5,6465.1573907872935,17998.892649644356,1,3,2,3,10,2,0.6862734352703169,3698.198687141278,SHARED_DEVICE
4,0,4,0.0597286525967403,7,3,11874.382736148416,22991.494300346927,2,3,4,1,5,3,0.42460034957763015,4628.303036358087,SHARED_DEVICE
11,3,4,0.04683069076266444,15,5,29202.8607712643,7270.50487625277,1,4,2,1,4,3,0.5711103809183709,6526.508928593567,SHARED_DEVICE
9,5,1,0.02163754952207456,5,2,12852.20306073802,18282.386402161213,1,2,5,1,5,1,0.26188303392282786,2346.3544307152742,SHARED_DEVICE
11,2,4,0.01030194271810446,16,3,19198.006809086386,12744.452208862871,3,4,2,2,7,1,0.7879858811716115,6805.144226967713,SHARED_DEVICE
10,5,2,0.07045732782091228,14,2,20269.719252604016,1503.2445945776062,3,4,2,4,10,0,0.7656581547866717,6898.387439421856,SHARED_DEVICE
10,5,2,0.0787124877027398,5,3,10919.200245978389,19656.910955659037,3,0,3,2,9,2,0.8786801371745925,6609.659861551863,SHARED_DEVICE
7,0,5,0.05380934243126964,6,1,4908.950599965189,2086.157615442394,1,0,2,1,9,1,0.42727408933448174,3189.7388301130627,SHARED_DEVICE
5,0,1,0.05796464785735601,10,0,1316.3321615046864,4374.085554693461,4,2,2,4,6,2,0.8926828052411041,5767.543898045201,SHARED_DEVICE
6,2,1,0.05065092347709462,20,1,10385.03889622444,13547.702111388086,1,2,3,1,3,3,0.9321641678781108,4292.664897026072,SHARED_DEVICE
8,0,1,0.07204866081778322,10,4,14823.468243472715,25416.05079901013,2,1,4,3,7,2,0.6723774630647779,790.8830954397881,SHARED_DEVICE
11,2,5,0.04094999166687854,8,4,7620.079406787136,2924.3083403236246,4,2,4,2,3,2,0.7761455497257217,7017.37749923827,SHARED_DEVICE
8,0,4,0.0022925518581504534,12,4,23719.41038552082,28188.54806276253,4,1,3,4,3,3,0.7834972739885729,9590.249402626976,SHARED_DEVICE
8,2,2,0.05892819215433856,20,4,17543.478658104857,27778.616018550936,1,1,5,1,9,1,0.9298300139450096,4404.437997918013,SHARED_DEVICE
5,2,3,0.052153917947562266,13,2,10341.430670810894,20555.76163588653,2,2,4,1,10,2,0.5146690397440243,9471.34112559019,SHARED_DEVICE
8,0,5,0.04053561483209443,20,0,23242.451037212162,1191.9822573438244,4,3,2,4,8,2,0.8028688384586654,1122.4252784471032,SHARED_DEVICE
6,0,5,0.0399176579119955,6,1,13577.179483234651,9366.005651245869,0,0,4,4,6,1,0.8797072256334235,4409.856294031107,SHARED_DEVICE
10,5,5,0.05104914244497704,8,0,22100.694942744773,10110.059346427948,1,2,2,2,5,3,0.3910892491059842,9064.414594528786,SHARED_DEVICE
12,2,2,0.04493771519034998,18,1,26396.052377236498,14474.804612531923,4,4,3,2,10,2,0.06632604150505494,6146.203029194625,SHARED_DEVICE
6,4,1,0.0732748688575417,13,1,829.0235043423011,17766.31066622976,0,1,5,2,5,2,0.445703601152484,9936.87250340164,SHARED_DEVICE
11,2,4,0.05947530312136223,17,1,12780.409708762794,10318.003126980926,3,4,5,4,4,0,0.11901131472294402,6862.944402679226,SHARED_DEVICE
8,5,2,0.04923681734277807,18,5,1513.5943727015267,23822.705313910967,1,3,4,1,5,0,0.5660026309247203,5806.222470029087,SHARED_DEVICE
12,5,4,0.07095268720571453,5,2,19850.78026843884,26926.949486015706,4,4,4,3,5,2,0.6455669872864161,1077.3471004288926,SHARED_DEVICE
8,5,2,0.07388734973474737,14,0,14860.8638469802,27781.698361254785,2,3,4,2,5,3,0.40899728656221956,5411.314604608829,SHARED_DEVICE
4,5,1,0.039074031832050514,9,3,5195.976413118206,11857.750041510737,2,0,3,1,7,2,0.28654981078232844,5920.310733004811,SHARED_DEVICE
6,2,4,0.04652462369748894,19,0,9470.039265567733,29680.895060606224,4,3,2,3,5,1,0.5636011954034114,4615.563454130743,SHARED_DEVICE
11,0,4,0.00381318114797506,6,3,12800.910919389904,22585.152843434505,1,0,5,2,5,3,0.15357899853904022,3259.0723639691323,SHARED_DEVICE
9,2,2,0.029366655896488503,12,4,27898.372479681893,12616.35164526579,3,0,4,4,8,3,0.047000162803470524,8339.120905736356,SHARED_DEVICE
11,2,5,0.0362487295601557,7,2,6176.076708495475,2790.273198942065,0,3,2,4,8,3,0.6177558534361339,7037.165061343804,SHARED_DEVICE
6,4,5,0.07224515344461005,5,2,18060.706527244703,13994.933035600336,2,0,2,1,3,3,0.07903491217411684,8651.253520114562,SHARED_DEVICE
4,5,0,0.06310716663079108,18,1,13026.37688569556,9855.49984032224,3,4,5,1,7,0,0.19368982241451904,4719.915794236159,SHARED_DEVICE
8,0,1,0.0632226347092025,9,3,8802.51739323295,6517.032192094542,4,1,5,1,4,1,0.9013398083821114,1551.296680234908,SHARED_DEVICE
6,5,2,0.07065464044028294,18,1,3864.3902695802167,11631.12392753214,1,1,2,3,10,0,0.9917948692895232,2704.993432361562,SHARED_DEVICE
7,1,5,0.04737169593603854,12,3,29838.695191352213,3287.109527229587,4,0,4,2,9,2,0.19209306213793753,6103.880078759437,SHARED_DEVICE
11,3,4,0.07348076195911558,10,5,8910.453095571856,20566.197176200756,0,4,3,2,5,1,0.2133523566131451,1644.2249900626973,SHARED_DEVICE
9,4,1,0.05628873568746202,16,1,9185.647240134027,23295.528710655133,4,3,4,4,8,2,0.8057918644060225,755.3907377470028,SHARED_DEVICE
11,2,0,0.07367732060042342,18,3,18587.374547249954,24373.57942986758,0,1,2,4,10,2,0.6744683690752736,619.6847338643416,SHARED_DEVICE
11,5,1,0.05507718585890249,10,3,8278.637863749816,23272.64896448683,2,2,3,4,6,1,0.4962376345808812,4012.4837434834117,SHARED_DEVICE
7,1,3,0.011778477582755445,6,4,17082.344803815104,14289.14347074042,0,1,5,2,3,0,0.2901037011237162,8932.4575890063,SHARED_DEVICE
11,1,2,0.057478895072086277,6,0,7071.953385389888,9359.33718334132,0,1,2,4,7,1,0.507587492431722,7952.633430882135,SHARED_DEVICE
7,3,2,0.04435517702980799,14,3,14992.675905688753,24310.424058940822,3,1,2,1,7,2,0.39769404433104405,559.7025390255434,SHARED_DEVICE
6,0,2,0.0030459569676636457,7,0,3102.212175751603,17562.53360357985,4,0,5,1,9,2,0.4198292242998507,7944.6964075053165,SHARED_DEVICE
8,0,0,0.07908809827018401,19,2,24183.871620497946,29199.751079787387,4,2,2,3,10,0,0.46122575911080443,9957.682293564016,SHARED_DEVICE
11,0,5,0.0575432807907371,13,0,25755.298128080656,9671.097757922338,0,3,2,1,10,1,0.5195446650278087,2731.5460418505318,SHARED_DEVICE
9,4,1,0.061548671455503384,17,2,10577.246879683851,27830.877251026257,4,4,5,4,4,0,0.6868516462977641,3739.325699132817,SHARED_DEVICE
10,0,5,0.06398822498115159,18,0,21972.09362245115,18600.110606327937,1,1,5,2,6,3,0.17790800349055014,4490.446688116217,SHARED_DEVICE
6,5,0,0.05788529328134817,16,0,25717.64532546766,21043.617650966924,1,4,2,2,4,1,0.4355840780736343,7697.054253256519,SHARED_DEVICE
12,1,5,0.03446642119611253,5,2,21004.67915467716,13249.838604645493,1,4,2,2,6,1,0.4242207052864184,9801.315795229824,SHARED_DEVICE
12,1,2,0.011071263805397394,10,0,2054.2872626551666,2659.9863632269194,0,1,2,1,5,1,0.5249229336253072,9414.423438426918,SHARED_DEVICE
4,2,5,0.01590526386879773,7,0,28326.704828658818,28492.500370193135,0,0,4,1,3,2,0.33258430792744664,9125.165698708674,SHARED_DEVICE
9,0,2,0.04035590769537019,10,4,11144.328928241966,3701.4719285022456,0,2,2,1,4,0,0.16554210950643478,2035.206007892725,SHARED_DEVICE
7,2,0,0.0790840712316607,6,2,14025.795937050543,1246.4102793747866,4,0,5,1,4,3,0.6164730309649538,1399.6540658203635,SHARED_DEVICE
8,0,2,0.009781292233360217,10,3,16142.248101909585,23804.036825796153,0,3,3,3,4,0,0.5660211991469672,5777.644199580257,SHARED_DEVICE
5,1,3,0.059603545179884726,18,1,14190.192732388408,29416.506130472153,0,2,5,2,8,2,0.47647364689108285,628.3179830630828,SHARED_DEVICE
11,2,0,0.07884434976026658,18,3,28190.183787923885,15179.830615065472,0,0,5,3,10,3,0.08486407601011936,9826.581651138156,SHARED_DEVICE
6,3,0,0.004667912632764706,5,0,28365.330182103018,8551.800364079665,0,1,2,3,10,2,0.23402427555501648,4209.990564918904,SHARED_DEVICE
8,5,4,0.03073064916727442,14,1,18148.13219025873,1862.9007387521401,4,2,2,3,7,2,0.31467564449288055,7591.387850555643,SHARED_DEVICE
7,2,3,0.05962352550159229,15,2,11965.682024036016,12421.882548496707,1,4,4,3,4,1,0.5342620825780718,9272.25627165698,SHARED_DEVICE
4,4,5,0.06754277578057616,8,1,13834.549219382341,29808.40750292297,3,0,2,2,4,0,0.9173334897276123,4226.661817890457,SHARED_DEVICE
11,4,3,0.005399939895163808,14,0,19753.154353571583,23561.80864450689,4,4,5,2,8,0,0.5742585216277362,9265.153485543553,SHARED_DEVICE
4,4,5,0.00042767277728907873,16,5,19001.86419438783,778.5305199708881,2,3,5,1,5,0,0.334278843430436,9189.92434979908,SHARED_DEVICE
4,5,1,0.06893211156460048,18,5,22515.96821779189,13654.37444991092,3,4,3,3,4,0,0.2630884489682018,1592.903509917019,SHARED_DEVICE
6,3,3,0.07990042873423356,14,3,17102.530591139224,13212.635538257284,1,0,4,1,9,1,0.7601363290552988,1600.9910398314894,SHARED_DEVICE
7,2,4,0.029817086899789357,5,0,5117.167131041809,2471.425216297907,3,2,5,1,8,2,0.9129151059563307,3902.556423037407,SHARED_DEVICE
10,2,4,0.04119360758161654,18,5,13085.706652235074,4342.049097983067,0,0,3,1,10,0,0.9103378379248709,8167.552835204952,SHARED_DEVICE
11,4,2,0.05698051739372539,19,5,20378.823160182594,3119.3737082212515,4,3,3,4,8,0,0.8069894390338872,4644.135337846187,SHARED_DEVICE
11,4,5,0.011840785057307625,18,3,18978.375199432165,3251.6764350447224,0,4,2,1,6,0,0.9959576444932106,3634.707648565145,SHARED_DEVICE
6,3,3,0.02883990496820144,19,2,15774.70707503679,15302.241121153993,1,3,4,3,3,0,0.6500699497944569,4781.359309219028,SHARED_DEVICE
7,4,1,0.048754165242134766,15,5,4787.005670964138,25106.809189671585,3,2,4,1,5,2,0.9311004330326388,3095.402620102109,SHARED_DEVICE
7,4,4,0.07680209939772109,10,0,13701.236945213494,3247.6912040663287,2,3,2,4,6,2,0.4898465095596922,509.4956905091347,SHARED_DEVICE
6,3,5,0.01630985293003631,18,0,26639.871438562743,7000.053996947276,0,0,3,3,10,1,0.5250374720186569,4860.748333168077,SHARED_DEVICE
9,2,4,0.03955503670826913,17,2,2899.7210163986165,3055.8011730622825,4,4,5,1,5,2,0.19731637149555048,9222.659790301872,SHARED_DEVICE
5,1,3,0.0093550930570607,13,4,15903.453214442696,12276.027967742351,3,2,2,2,10,0,0.2834619669885947,6545.197418197194,SHARED_DEVICE
9,1,3,0.023951968767119372,8,5,29281.48003079214,4787.581001984542,0,1,4,4,5,3,0.6399336523691422,3357.850102412243,SHARED_DEVICE
6,0,5,0.07825476266212818,7,1,17479.622881585434,11355.034304888111,1,4,2,4,4,3,0.43302086357578373,7386.4743461925755,SHARED_DEVICE
11,0,5,0.056942915456002496,11,1,12381.178182218706,22540.774462649515,4,2,4,3,10,3,0.560534203094048,4550.691723961385,SHARED_DEVICE
5,2,3,0.009146165818423188,20,0,10967.77802809149,16969.060546224602,3,4,3,1,10,3,0.6869265020032845,903.5484751697295,SHARED_DEVICE
8,0,3,0.07854387616271867,13,3,9299.195450234518,19385.884466516676,4,1,3,3,8,2,0.49302975863301446,9078.54230035458,SHARED_DEVICE
11,1,0,0.002913555169696753,11,1,11486.061339581694,1278.4193910898523,0,3,5,4,8,1,0.618672770518409,6203.193239889281,SHARED_DEVICE
5,4,0,0.04407860188509227,13,3,17209.629278908127,10876.57783227338,4,2,2,1,6,1,0.27565960152026725,8346.711213198778,SHARED_DEVICE
11,0,5,0.00143899883189885,7,4,12676.058695156855,6442.196340833591,2,3,2,4,5,0,0.7605774379599106,4265.034994712686,SHARED_DEVICE
6,0,4,0.010217235169932568,7,3,11989.655848182541,9201.486344490633,2,2,4,1,3,0,0.7553016924253723,5022.388076771406,SHARED_DEVICE
7,2,0,0.023431770558395452,12,4,13496.829617365494,3453.7263859481004,0,1,3,4,5,0,0.839349693020398,7458.033106676979,SHARED_DEVICE
6,4,0,0.07266778776293231,11,1,20163.13615227772,22012.675903953223,0,4,5,2,7,0,0.7827578223924507,2894.2472906620815,SHARED_DEVICE
10,5,3,0.0307558179148879,12,5,11310.51319999089,28984.80649409925,4,2,4,4,5,3,0.17223616583500578,1814.8790336680333,SHARED_DEVICE
9,1,2,0.05973010434869325,7,3,11363.158384859073,23197.149459841057,1,1,3,3,7,2,0.3754710860572932,5239.555319243152,SHARED_DEVICE
10,0,4,0.06501952815360981,16,1,26249.239302144568,2511.8535900504558,4,0,3,3,10,2,0.10943608591329235,8571.433608385447,SHARED_DEVICE
9,4,5,0.040662520663650066,15,2,22823.570881691572,6611.216646882109,3,2,2,3,8,1,0.407508093436843,4668.8603652211405,SHARED_DEVICE
8,2,2,0.0586538066303228,16,2,29873.697817427863,27114.1314460299,3,1,3,2,10,1,0.16357892596822088,2695.7802097490517,SHARED_DEVICE
10,5,5,0.0679643856417283,17,3,16241.207496883386,2771.1370360541323,4,1,4,3,9,2,0.21558372016145977,1878.3263837557902,SHARED_DEVICE
9,3,0,0.02834710566859653,11,2,26026.88367936519,2808.218828222343,4,0,4,1,4,1,0.36605476882655796,2085.509511367464,SHARED_DEVICE
6,0,0,0.05655976935049705,19,1,7811.357770077323,2341.219982957026,1,3,3,1,4,0,0.9348056887228281,6532.806010719196,SHARED_DEVICE
10,1,5,0.03440779076496329,19,2,11904.304222526975,11816.015980272867,4,3,4,4,6,3,0.01649322826150257,6413.557922324492,SHARED_DEVICE
7,4,0,0.046093361478480255,11,1,23440.323463432145,2426.7190142896566,0,1,3,4,8,1,0.31983154277667936,8247.532087576044,SHARED_DEVICE
7,4,2,0.06785235852041113,7,0,26177.382473778598,19812.187431497434,0,0,3,2,9,3,0.8368892470219869,7913.60126713847,SHARED_DEVICE
9,3,2,0.07072324435865539,5,0,10168.641751961652,29839.54483615777,3,2,5,2,9,1,0.1918757529693036,4445.851220796207,SHARED_DEVICE
11,0,2,0.03642587483114413,16,1,4807.877186581419,1202.0115724641444,0,4,3,1,3,0,0.20121019105746574,9862.391300799032,SHARED_DEVICE
4,0,1,0.04985259455646888,10,0,26201.627227348523,22077.349634258204,1,4,5,2,6,0,0.43136072183591523,7758.649474470028,SHARED_DEVICE
6,5,5,0.007560272836217523,17,3,22711.568869551968,170.57506325381055,3,0,2,4,10,3,0.6762977393428998,3174.3252047386745,SHARED_DEVICE
11,0,0,0.004035126926561867,10,5,6034.182848793791,17904.877229174042,2,1,2,3,10,2,0.74351783699101,2764.6765452781324,SHARED_DEVICE
12,0,3,0.07549858354212008,14,5,6845.588122188771,3821.6371035429343,3,2,3,1,10,2,0.8178834533886802,9244.400106110461,SHARED_DEVICE
9,3,0,0.06388506352278361,12,3,2451.424919722751,21445.041040880235,3,3,5,3,7,3,0.2001007979001711,2045.0230832693574,SHARED_DEVICE
6,4,0,0.03551342417259478,15,4,24671.228575347675,23631.402145326992,4,4,3,2,6,2,0.823653962028421,5774.280659378646,SHARED_DEVICE
6,1,1,0.021885373581429165,17,3,3937.491378417821,24728.75147127699,1,1,3,1,8,0,0.12161234958872802,6541.066990118091,SHARED_DEVICE
7,3,3,0.033694714911319965,8,3,18968.59794211236,4539.280539116947,0,3,3,1,6,1,0.12471915802386846,5643.750756652241,SHARED_DEVICE
10,2,3,0.03455525633505058,13,3,22969.08303028974,4500.261878803383,3,4,5,1,5,0,0.6298138173414748,1475.9526418995479,SHARED_DEVICE
11,5,4,0.02607946085064845,10,2,12773.036353761876,23544.169089457577,4,1,4,4,7,1,0.5501374971413143,2020.5016210285542,SHARED_DEVICE
9,2,3,0.03032370820237314,20,1,24342.016976813018,20040.599530598545,1,0,3,1,6,3,0.662913191217002,5361.285037160137,SHARED_DEVICE
11,1,0,0.0758806391285277,19,4,11000.558412215749,28643.74970100072,2,1,3,4,10,0,0.9805366347540903,8193.2372232117,SHARED_DEVICE
5,0,0,0.011601819229997616,12,4,1155.2286003085787,5726.152852350186,0,3,4,2,5,0,0.6367415718143226,1736.6341289564941,SHARED_DEVICE
12,0,4,0.04895327707459652,6,3,294.0997322242433,24046.754038916337,1,3,4,3,7,0,0.3842167943706666,1172.9150053873832,SHARED_DEVICE
9,3,5,0.030510490102126805,20,0,19091.320845197468,23864.00223156946,0,3,4,4,6,2,0.08538284996400092,9959.187275260814,SHARED_DEVICE
9,1,5,0.005170968047370534,15,5,10899.6322328855,7067.408089694504,3,3,2,4,6,0,0.5674914235600567,3740.4420902978063,SHARED_DEVICE
4,3,1,0.053463006738993624,6,1,19647.530865030734,5585.643990521361,2,2,3,4,9,3,0.04668315473028728,4231.717537853412,SHARED_DEVICE
4,5,3,0.0025648077998630383,5,0,7119.514770891085,11868.170146481625,4,0,4,4,9,3,0.4354004116076432,4763.976296701279,SHARED_DEVICE
6,2,4,0.060677948138990766,10,1,17379.086824930164,17210.44756034452,1,2,5,2,9,3,0.08542133393876783,6366.954620291657,SHARED_DEVICE
4,2,2,0.035636858873505844,18,4,3219.052617245216,27349.130420582675,2,0,2,4,4,0,0.23213645380426162,2712.9231134326956,SHARED_DEVICE
8,0,1,0.07431517118080458,8,3,11330.769851966907,8744.484928889577,1,4,4,3,8,1,0.17791052714504596,7717.279841522257,SHARED_DEVICE
4,4,2,0.03326485986142434,19,5,9849.09986161271,4742.847301553967,4,3,5,3,4,2,0.41268159796541093,3365.781029237984,SHARED_DEVICE
11,3,0,0.05353691204415363,6,3,4175.1541221122425,13189.499271462102,0,3,2,3,10,1,0.2655425288745661,5724.982954954671,SHARED_DEVICE
10,2,4,0.03140448320855704,14,5,29391.470204831912,24173.32895508722,0,1,4,4,3,3,0.91824950107788,7669.828959507477,SHARED_DEVICE
10,5,0,0.006565059067911747,17,0,2080.328496182107,9312.072121296882,3,1,3,1,5,0,0.1407129306047351,4031.149403239525,SHARED_DEVICE
12,1,1,0.06504139633528526,17,1,8610.189866541892,17581.65958971133,4,2,2,3,7,0,0.6070197021522067,9045.424221958032,SHARED_DEVICE
6,5,4,0.07689324619710859,7,4,19136.394034845314,4021.299615300863,3,1,2,3,7,2,0.12438172925719215,1772.448022199986,SHARED_DEVICE
5,3,5,0.0506086335905615,8,4,18905.061376470214,23032.841093013933,1,0,3,3,5,2,0.42401193847867313,4928.3509356176855,SHARED_DEVICE
11,4,2,0.013097490152078768,7,5,6547.151756650717,28547.85563025877,2,1,2,3,6,2,0.8724360911754329,3452.5958678853312,SHARED_DEVICE
6,0,3,0.05288348557688728,11,0,6899.825464757977,10261.970059284153,2,1,3,4,7,2,0.841706742676805,1227.1440165367144,SHARED_DEVICE
4,3,2,0.045752471624599896,18,5,28887.886850115894,15824.994173160341,3,2,2,4,3,0,0.8771088347293776,6057.082839944865,SHARED_DEVICE
12,1,4,0.01182135332451395,6,3,2388.773809764032,11322.12396848419,4,0,2,4,8,3,0.2419056889619251,2131.8768463845063,SHARED_DEVICE
4,1,0,0.040286807975372804,20,0,29640.282247624997,12925.492022753571,2,0,2,2,9,2,0.2333391404119184,9765.694260716446,SHARED_DEVICE
10,0,3,0.010784302831176946,8,4,9525.323785997261,20256.28312170762,4,2,2,3,5,3,0.09398628649311758,1198.8941403389877,SHARED_DEVICE
11,4,1,0.045326859909055654,18,0,28045.541798678547,26367.342240004575,2,4,5,1,9,3,0.7972784852125604,5739.370300895699,SHARED_DEVICE
11,4,2,0.037069534681027624,20,1,24928.94523300318,25402.42632631936,1,0,2,3,8,3,0.40165125073201813,3910.717106240013,SHARED_DEVICE
9,1,2,0.005535236390322611,16,4,12547.334614099103,9406.212658839604,3,3,2,4,6,3,0.14863450673947654,5107.999079808473,SHARED_DEVICE
5,0,1,0.061745609710962775,5,1,19879.821523118102,1395.274854526022,4,4,3,1,4,2,0.5227827051779756,9562.446066059769,SHARED_DEVICE
10,4,0,0.03636722711634767,12,2,26811.277178664157,2767.123542595595,0,2,3,3,8,3,0.6077962023018216,6288.683605679748,SHARED_DEVICE
9,3,4,0.07427760905831603,15,0,5189.854017007014,5765.329351626862,0,0,5,1,4,3,0.19664819140398326,7908.285061016388,SHARED_DEVICE
9,5,3,0.03960181705848822,12,0,6426.749774273572,12803.1763866019,1,3,4,4,8,3,0.26426877753094724,7863.098777309919,SHARED_DEVICE
6,0,1,0.07931563342226271,8,5,18272.449606242975,13303.15976809344,1,3,4,3,5,2,0.5233844637524797,9644.138716878651,SHARED_DEVICE
6,2,1,0.0625450018697858,13,2,7504.149662463282,13544.041123577637,0,0,5,2,8,3,0.5263492529234657,8638.006867350692,SHARED_DEVICE
9,4,1,0.06717781413339137,9,5,876.2438922869898,25611.939610153855,1,0,2,1,3,2,0.19456256639419467,4680.141758167845,SHARED_DEVICE
5,4,2,0.009291414206386826,14,4,20711.265561588367,1683.1755776090029,4,2,3,2,5,3,0.8257052058510621,2972.1169280022064,SHARED_DEVICE
12,0,0,0.000487183088405736,9,4,25133.90840085806,13543.250493149506,1,2,5,4,9,1,0.794680172939051,7354.2835291010715,SHARED_DEVICE
6,2,5,0.07320309840993089,17,5,6269.229929273843,59.29709111925918,3,1,5,1,3,1,0.07329133635715213,6066.281938232808,SHARED_DEVICE
7,3,2,0.014216177185152166,15,4,9031.23230466626,19840.9137372728,3,1,4,3,5,1,0.09713464295333851,1311.5423453657277,SHARED_DEVICE
6,3,2,0.025577771310667838,6,5,29991.558244315765,3596.212909856502,1,4,3,2,5,3,0.07776760461120458,4489.462969829997,SHARED_DEVICE
11,3,0,0.06838947326982509,5,4,20485.985559944835,20142.48991952062,2,0,5,1,10,0,0.7580338397306537,1532.8027783385041,SHARED_DEVICE
10,4,0,0.02549465831109246,6,2,13549.89313253503,3178.8987082985464,2,1,2,2,5,3,0.6342503855592752,9600.706245320496,SHARED_DEVICE
11,3,1,0.06197853932549609,7,4,11618.36411920895,19281.006866634525,0,4,3,4,9,0,0.7893104559336572,2515.2558367719025,SHARED_DEVICE
10,3,0,0.046270993613977095,20,0,29145.227952446112,13149.802503945448,0,3,3,4,8,3,0.09458566276500013,3072.988041557929,SHARED_DEVICE
6,3,1,0.0745502925882313,18,3,4141.4063689193945,2195.666283618519,1,0,5,2,4,0,0.6067351016680451,4329.470568661793,SHARED_DEVICE
5,2,4,0.04968282827720079,8,1,7767.3290992958555,12939.81637542214,4,3,3,1,9,0,0.3240461073833367,5647.938700851372,SHARED_DEVICE
11,4,3,0.07010510697898029,12,1,3191.6788079974967,7986.277703629931,4,3,2,2,8,1,0.7593567665367084,9147.255172686859,SHARED_DEVICE
10,4,3,0.07099578125723195,9,4,15044.53124565738,27181.426097293912,2,1,2,1,4,0,0.9096635112803697,1769.4507927982,SHARED_DEVICE
8,3,3,0.02522089444253063,19,3,18207.05553147331,23914.501494269924,1,3,3,4,9,1,0.9378219530087529,1989.600189065742,SHARED_DEVICE
10,0,0,0.020969089820634057,18,2,6064.2084494897945,19757.533849058353,3,4,3,4,9,0,0.997788488310844,4848.279809116074,SHARED_DEVICE
4,4,5,0.06895206254550533,14,2,13027.576139900784,19224.910210527196,3,2,3,4,5,0,0.400837796940131,4236.900990158396,SHARED_DEVICE
9,1,5,0.02837767831735129,11,5,18029.81047154314,1563.1536564593707,2,4,2,2,9,0,0.8840380864524092,6453.09997884818,SHARED_DEVICE
8,3,1,0.07835871411964512,6,3,649.9207769321657,29913.80760182478,2,1,5,2,7,0,0.9731042173381961,5076.50305197315,SHARED_DEVICE
8,3,2,0.04760175749609401,19,2,10695.622159241757,14499.615769333805,0,1,2,1,9,0,0.043075969440377504,3618.753828711922,SHARED_DEVICE
9,2,4,0.030796220001680627,14,4,3933.131907934202,21763.490667029742,4,3,5,4,7,2,0.9889144815162657,661.1211881889619,SHARED_DEVICE
10,5,1,0.06924052463530127,7,4,9125.404258429317,23932.710912828006,4,3,4,3,8,0,0.8575642800531019,7780.354681295875,SHARED_DEVICE
8,5,3,0.004024494916464576,14,4,4139.871631216617,12810.494828507164,2,3,2,4,4,3,0.3754324252487472,3372.169648698509,SHARED_DEVICE
5,4,4,0.05638826784293427,19,2,28852.89424553769,19493.534474135704,4,3,2,2,9,1,0.6569597047685796,9686.246807372601,SHARED_DEVICE
5,2,0,0.013633526508143295,6,4,15248.91692550856,12859.897275048254,0,2,3,1,7,0,0.5388123123872616,5865.113845597516,SHARED_DEVICE
5,4,3,0.011243742533360628,9,2,24084.440703931414,6944.981511849471,2,3,2,2,4,3,0.03157854517315595,2570.011848789935,SHARED_DEVICE
10,1,2,0.017154402511618302,9,4,29457.483728569452,3578.403479879536,3,3,5,1,3,0,0.4257274088385642,8984.513805075996,SHARED_DEVICE
8,2,0,0.005589311619950852,7,5,3570.499338883468,3948.6951445367913,0,2,3,4,10,0,0.8614492852480587,3685.167681499111,SHARED_DEVICE
9,0,0,0.02492759699666275,15,5,26200.263020718998,16083.740846451883,3,2,3,4,3,0,0.7078354186004108,2896.2325216715094,SHARED_DEVICE
5,5,5,0.04015312371171793,12,3,8797.194451177334,22183.89594208219,2,0,4,3,9,0,0.10549428409056238,2091.030210140865,SHARED_DEVICE
11,4,0,0.01401798046131857,18,1,8037.852850750752,16338.939818016788,4,4,2,1,8,3,0.34667454566501044,8154.991673291727,SHARED_DEVICE
9,2,1,0.07034974264005378,17,0,19245.411388396304,21317.768081640468,4,0,5,1,6,3,0.1780059010899524,7013.062114555189,SHARED_DEVICE
10,0,0,0.07221571372059117,19,5,14870.328662820593,18828.38859441967,4,1,2,1,10,3,0.9285482586538992,9290.161638479853,SHARED_DEVICE
5,3,0,0.028945346690482553,16,4,4147.571324108592,20707.97887185581,4,2,4,3,10,3,0.8474673554243215,7187.495129990588,SHARED_DEVICE
10,4,2,0.009607948423824668,6,1,868.3425008734403,9385.989590696512,4,0,3,3,4,1,0.8214241573822492,4202.63606666155,SHARED_DEVICE
12,2,1,0.002016539281120178,14,0,1004.1053381848475,6807.1465195962455,1,2,5,1,9,3,0.6645167218470395,7583.1678955982625,SHARED_DEVICE
9,4,0,0.07868607997220166,19,0,14095.427167958538,4681.874490579904,4,4,4,1,8,1,0.2837756706021157,9899.43493908845,SHARED_DEVICE
12,2,1,0.079060267974855,13,1,24211.74888641976,2301.1935496303295,0,0,3,2,7,3,0.9646711098102276,887.4588659275851,SHARED_DEVICE
7,2,3,0.029990075265698204,16,1,12067.170046220597,16755.20337175813,2,1,4,1,4,1,0.37582521837128446,6032.236506763239,SHARED_DEVICE
10,3,2,0.06326852148852191,9,3,28144.461449064165,12944.371539956124,2,1,4,1,7,2,0.06098289602396301,7380.43855382898,SHARED_DEVICE
7,3,1,0.02712177002810699,8,5,7431.480967308378,1873.4857994204613,1,1,5,4,6,3,0.47369615076647986,3992.6481496069255,SHARED_DEVICE
4,2,1,0.06284685675263015,16,0,3966.068946316239,22980.445704175,4,1,5,2,8,3,0.007149305774145631,6082.335015425493,SHARED_DEVICE
11,0,0,0.06381164863144008,14,2,23096.419470281682,15611.29352564081,3,1,4,4,10,0,0.1407066823932015,590.8351606041074,SHARED_DEVICE
5,3,5,0.03915670218232337,9,5,29866.924469685473,4101.03172819766,3,1,2,3,7,0,0.9535161495085173,1540.1024890425163,SHARED_DEVICE
6,4,0,0.02493251045433923,10,5,7345.286638589268,14305.323447557457,2,0,3,4,4,2,0.18310536559835278,3957.6140605883515,SHARED_DEVICE
6,3,2,0.021986152576329684,6,2,20222.73760692486,11546.439341516465,4,3,2,4,9,2,0.19243985802511787,1596.4519619808482,SHARED_DEVICE
7,6,9,0.24248300698553615,8,18,165225.91774976917,34623.70324406931,5,9,0,0,3,1,0.7132110961049466,3992.0607663209785,MULTI_HOP
18,7,8,0.385027138334877,1,6,65496.01608354911,99606.75906974169,3,7,0,0,1,3,0.831202074581616,6525.808978286769,MULTI_HOP
10,6,5,0.23445653331227292,3,11,78714.49778550552,129314.85155754683,2,5,1,0,1,3,0.7437472430193657,1099.714771757277,MULTI_HOP
13,7,5,0.24572695352684337,3,15,194740.1000136694,76827.70511354832,6,5,1,2,0,0,0.9142442937668948,3044.0561099462975,MULTI_HOP
7,8,9,0.35113025910747303,0,9,35119.569340055845,147995.67750742775,8,8,0,1,0,3,0.6399616200904971,3886.38313847385,MULTI_HOP
14,4,3,0.2458904957335617,5,9,39022.49686221911,108974.91637262292,8,9,1,1,3,0,0.8224507298444458,3884.4621772303394,MULTI_HOP
15,4,5,0.34858640088118154,1,10,183338.31530604418,165261.47568927854,5,5,0,0,1,1,0.8781533239242729,7850.494366730289,MULTI_HOP
16,2,9,0.31831610958920337,8,13,91956.59653611272,57551.8235409757,3,6,1,1,0,3,0.842405930544838,6612.970816969161,MULTI_HOP
14,4,3,0.3164559448351757,6,14,111426.10700125773,130288.53631332637,6,4,0,1,0,0,0.6521330629162089,853.894722601473,MULTI_HOP
12,5,8,0.291492123184536,1,13,111732.63625198457,122571.75517666266,2,8,1,0,2,0,0.6753900226205316,2712.1345671326917,MULTI_HOP
7,3,4,0.49697381867310775,7,13,63485.71284691779,120511.7925415149,6,4,1,0,2,3,0.9829484706352867,8346.468205107121,MULTI_HOP
18,5,6,0.47635114544496093,0,10,76850.406979328,102691.93040667434,4,7,1,1,2,0,0.8929522531217391,8612.614866345644,MULTI_HOP
17,6,9,0.45368994752141734,0,13,90337.68678685214,45084.926123049794,8,5,0,0,0,3,0.9803549344149001,3208.70969651339,MULTI_HOP
14,6,8,0.4283396859698544,1,9,38620.353807243344,52043.354048655216,7,6,0,1,0,0,0.9476500523376917,2328.3336273019613,MULTI_HOP
15,3,7,0.43850730561246143,3,14,196228.03267935538,59695.96303072988,7,9,0,2,3,1,0.7716594620508734,7211.235074232197,MULTI_HOP
17,6,5,0.399990537312482,8,13,117901.47619072325,129550.49234357596,2,7,1,2,2,0,0.9213037416668273,8621.002326738197,MULTI_HOP
13,4,6,0.43009167486934874,5,14,121559.98189520653,83511.4594620121,7,6,1,0,3,3,0.8959768182168035,7896.9741325699715,MULTI_HOP
11,6,7,0.34342615737092574,7,8,151961.26159018217,99799.37091714713,3,7,1,2,0,3,0.6260343772450593,8588.937254557073,MULTI_HOP
15,2,3,0.23212178281175574,1,8,113526.21598214946,34154.8851843755,8,8,0,0,1,1,0.7227119643741231,5238.2503055507,MULTI_HOP
8,7,3,0.4847230011843585,5,13,175095.16808464396,55444.05076742801,7,9,0,2,0,0,0.9491038710895243,6333.399405671206,MULTI_HOP
18,7,6,0.18534752951023875,0,16,133697.5792741133,107991.57673760073,4,8,0,2,3,2,0.9221961214794604,6261.661966268804,MULTI_HOP
7,4,3,0.4505934019351612,1,17,38479.551515465944,103874.45338029202,2,5,0,2,2,3,0.6839390754498869,6920.101733940281,MULTI_HOP
8,7,4,0.41532718506945765,6,9,111168.70698084698,102400.80561576258,7,8,0,0,1,1,0.6341123126381086,4044.1663782109085,MULTI_HOP
7,5,4,0.4527564217118165,4,6,61833.68112155257,165565.91595364612,7,4,1,0,3,3,0.6256666668766839,7046.055461597959,MULTI_HOP
18,2,8,0.1944831943163545,4,10,46460.18726998255,117448.85897357353,4,5,1,1,1,0,0.6497726213196613,5940.6152063593645,MULTI_HOP
17,5,6,0.30381108629582176,0,6,93005.63160053064,159379.84609017955,6,7,0,0,1,1,0.8273107284897324,8477.680927637737,MULTI_HOP
11,3,5,0.34571798184274594,7,15,157761.94085083425,98242.29448361488,3,9,0,2,1,0,0.6005817230794488,9256.704130917047,MULTI_HOP
17,7,3,0.2987901880698204,8,7,153335.2582690028,145513.9232154438,2,8,0,0,1,3,0.9149546895529027,6107.398337642939,MULTI_HOP
9,4,5,0.30459383397697115,7,15,80958.34231161434,162618.35370644263,2,7,0,1,1,1,0.7366492433542844,3387.3554182507273,MULTI_HOP
9,2,9,0.33695548459133184,5,16,131201.774062264,90171.67426871002,2,5,0,0,1,2,0.9681447283415912,6078.781613489442,MULTI_HOP
11,3,3,0.30767250521853495,6,9,141978.11349262818,152105.42619413632,6,3,0,0,2,1,0.6202905478103422,1558.5572805557576,MULTI_HOP
15,5,9,0.21170360590231174,2,14,116711.70981859959,124879.46505908553,2,7,1,1,1,0,0.909646981286368,7674.068407589521,MULTI_HOP
18,6,8,0.30237466393136636,4,13,131093.34417088277,34419.23424175616,4,8,1,2,1,2,0.8199793303485646,9703.57544401129,MULTI_HOP
8,2,9,0.45800982167140536,2,17,162277.62746293913,150571.65999964724,4,8,1,1,3,3,0.6937327665537983,8182.292004752779,MULTI_HOP
7,3,9,0.4247819028799168,3,10,181546.1408480247,82387.0009125094,7,5,0,0,0,3,0.8918187650353908,4792.358432803027,MULTI_HOP
10,5,3,0.4388929463800114,7,15,91993.55566723834,95293.91169578712,8,6,0,0,3,1,0.788231921970763,2955.9489830979182,MULTI_HOP
7,3,9,0.4484386637270985,5,6,172758.86568806006,131390.7825876937,2,9,1,1,3,3,0.7430890185218412,5382.053164133473,MULTI_HOP
6,5,8,0.46641005856178086,4,15,135266.38940784478,151052.6920281097,7,4,0,2,3,1,0.6908919672727171,4769.140524050534,MULTI_HOP
14,2,8,0.4317626992888297,4,7,129940.48012533023,62624.40926769529,6,6,0,0,3,0,0.8088635498580137,2412.516889158481,MULTI_HOP
10,8,3,0.454018310299797,5,14,72782.43741157568,120064.52354772143,6,6,0,0,2,0,0.9132286429599416,7700.171208523009,MULTI_HOP
9,8,4,0.2566442869281315,8,6,157195.1610132957,112811.45630671522,7,5,0,2,2,0,0.9869424517721793,9656.890964761153,MULTI_HOP
14,3,7,0.37015285783217217,3,18,87722.25243332353,140911.99161921168,6,7,0,2,1,2,0.8409176459633072,1060.4687415050873,MULTI_HOP
13,3,3,0.16301923837719373,5,9,77240.07566874646,106211.18280458101,5,5,1,1,2,1,0.7852837474291192,8846.579981877643,MULTI_HOP
16,7,6,0.32100987710232964,0,15,188063.5589600313,145868.57519672904,6,4,0,2,2,2,0.8041242719260984,2537.5627529491585,MULTI_HOP
18,4,6,0.3528491200006707,3,16,115709.29280574509,138411.7464859842,5,4,0,2,0,3,0.639877444566655,4945.465983471125,MULTI_HOP
8,3,4,0.17594480097970075,6,9,102516.19119017848,124304.74975152384,8,8,1,2,2,0,0.8027395263557301,587.919752057556,MULTI_HOP
11,7,7,0.4844918525320052,0,16,65467.570077042605,85448.18302851927,4,5,1,1,1,2,0.8791028940538423,4404.755542394565,MULTI_HOP
18,3,3,0.39051570995824747,5,7,135773.57723655854,164787.5696973722,8,3,1,1,2,1,0.7884469053898973,6582.68101767084,MULTI_HOP
15,5,4,0.2609303195371661,1,15,178102.99548162654,155586.43314647782,6,7,1,1,2,2,0.6312760515234422,7455.291555365209,MULTI_HOP
12,6,3,0.21749776575614627,2,14,47631.77434877609,101290.61980969996,8,4,1,0,3,0,0.7356874481604292,4944.24403493932,MULTI_HOP
9,7,9,0.37057310617217853,5,13,82690.43500353987,65584.1807350324,6,9,1,1,1,0,0.7579746219267116,9382.365518758394,MULTI_HOP
12,4,5,0.47812354239931476,7,12,31649.547446628647,126401.41261095348,4,9,0,1,0,0,0.9309925235411278,4929.718542080377,MULTI_HOP
13,8,3,0.24156331572518996,6,14,38257.98793633347,36673.95436153675,4,7,1,0,0,2,0.9926705042010743,8913.65825866155,MULTI_HOP
9,3,6,0.3620865315509155,0,10,46833.310822655316,44518.01144494409,7,6,1,2,3,2,0.7225619888893068,8865.119903610244,MULTI_HOP
15,3,6,0.35258434341779055,7,13,66222.55339942644,113393.14746930252,6,4,1,0,3,3,0.7003007726559387,5448.538761845271,MULTI_HOP
9,7,3,0.4986039280620883,8,16,117571.65782775178,80440.69737901079,8,8,1,1,2,2,0.9378105424410076,3803.942176011294,MULTI_HOP
14,7,3,0.3957128521687403,0,13,105319.22324751232,77497.33763999115,7,3,0,0,0,0,0.8683993646715314,696.7374133800504,MULTI_HOP
14,8,3,0.3319955071705635,8,10,99313.54875052461,135537.72915350404,6,4,1,0,0,1,0.8344634973113223,8697.836986726381,MULTI_HOP
9,6,8,0.3201659738811594,8,14,169849.8316219064,103586.18602009016,3,8,0,0,2,3,0.7402081195365655,9763.414448628893,MULTI_HOP
9,4,3,0.3024531511110359,3,11,164704.17348830184,151277.2146961161,7,5,1,1,2,2,0.6287661945487089,8501.49066394321,MULTI_HOP
16,2,8,0.23040573600408648,3,16,119300.71119412394,175929.66081743455,8,8,0,0,0,1,0.8774195138752378,7574.156618131645,MULTI_HOP
12,8,7,0.46843060426748007,6,17,108536.74610951074,54159.825172521145,5,6,0,0,2,0,0.874794684775958,8190.233507250779,MULTI_HOP
17,7,3,0.4346852611982793,7,10,132344.72673580569,93045.86309724615,7,8,0,1,2,3,0.6893803310275068,2108.1272653546284,MULTI_HOP
11,7,4,0.3998536497899372,0,18,176249.71770986947,162810.86961732124,4,8,0,2,0,0,0.6795738652223657,3344.3914877742136,MULTI_HOP
13,7,3,0.23538769506739673,3,14,42075.51094837691,59715.19457119698,6,4,1,0,0,3,0.871128138068453,1696.0655388396533,MULTI_HOP
7,6,5,0.48599595668456985,3,10,158116.24619440868,69403.49090831351,2,5,1,0,1,0,0.9030709817555194,1216.154075193659,MULTI_HOP
14,4,4,0.23214858332021665,1,13,34199.7749193331,76273.51189217556,3,6,1,2,0,3,0.6585633194410744,2815.3269391826343,MULTI_HOP
7,6,6,0.1997086732037966,0,9,66333.6840180181,65896.89482711066,6,5,0,0,2,2,0.9712363761363232,7181.155038489577,MULTI_HOP
10,4,7,0.22360371650934566,3,10,199361.93736201103,77279.63262520675,2,3,0,1,1,3,0.9387824665622475,9196.818827967221,MULTI_HOP
18,5,4,0.2583577932302685,7,17,171433.73214560095,28613.34936275407,7,8,1,2,3,3,0.9640307529546575,9998.366245807278,MULTI_HOP
10,8,4,0.16614375116742833,5,6,112856.97525377321,91742.38133002189,5,6,0,0,1,0,0.7433273106500456,4415.231704476882,MULTI_HOP
15,5,6,0.3856067887449547,3,13,193974.35294283583,25810.290985593747,6,6,1,2,3,1,0.6478761439972799,7208.128717755574,MULTI_HOP
16,6,4,0.2721345826272056,6,7,188415.93922025786,38461.9274644238,7,7,1,2,2,0,0.9751281340901868,9461.79620756777,MULTI_HOP
17,4,6,0.31846334199871607,2,15,129124.16553306422,147084.15432404916,3,4,0,1,1,2,0.8224605090519956,602.2768380844433,MULTI_HOP
9,7,9,0.36196112489519017,8,14,169072.22846191624,52377.70048863866,8,5,0,1,0,1,0.6325524577491566,9704.36132567705,MULTI_HOP
11,6,8,0.24905855994256842,7,16,116233.08054034741,72031.93617243995,8,6,0,1,2,3,0.9072938358511474,1598.1995737196064,MULTI_HOP
7,6,7,0.28611172300699816,0,12,117871.75568865909,95646.2731971727,4,5,1,1,3,3,0.6806507117851712,7164.100199820291,MULTI_HOP
15,5,5,0.17771297540166875,4,10,159582.88276785112,99378.06193920637,2,4,1,1,3,1,0.7923369133198617,2841.9632110023645,MULTI_HOP
11,4,5,0.4766322483231398,0,12,31782.246594533703,98568.46198319236,5,9,1,0,1,0,0.8872712166795304,5539.846314568965,MULTI_HOP
7,2,7,0.220017684018439,8,7,188441.95965415542,123381.50971675779,4,4,0,0,3,1,0.7372503988518313,1202.073706942129,MULTI_HOP
7,8,7,0.24154785493015196,5,13,152856.94093369378,101814.29363634576,4,6,1,0,3,1,0.848159387794079,3462.216449569832,MULTI_HOP
10,2,7,0.2713972239118419,1,13,46858.81951796479,125803.64391414159,8,7,1,0,1,1,0.7606754786811757,1697.353971325713,MULTI_HOP
15,4,6,0.3370541563795789,8,18,84801.21132446025,131649.57447135128,2,8,1,2,1,3,0.9771390900546431,7419.732670867363,MULTI_HOP
14,2,3,0.16800090831090483,6,7,166015.87114754357,46501.742545691974,7,3,1,2,3,2,0.8022651800052651,9253.798811199804,MULTI_HOP
17,6,4,0.271246024198263,2,12,106085.09221323646,172774.4120553584,8,4,1,2,2,3,0.8905276714993418,5470.7146004118285,MULTI_HOP
12,2,3,0.3663889228054013,0,17,133537.1239138096,75516.42899430559,6,8,1,0,0,3,0.9782195063267529,6353.949983370778,MULTI_HOP
17,2,3,0.41292084043457655,3,17,45261.06127256766,51372.185934339155,5,4,1,2,1,3,0.6477286251477322,7024.25357645762,MULTI_HOP
6,6,8,0.26742104357977253,6,12,129526.7575344616,63687.731930743685,3,5,0,2,1,3,0.7162547362939876,9870.661580205344,MULTI_HOP
12,3,4,0.3256251392836702,2,16,119715.89639155651,179761.25534017422,6,3,0,2,0,3,0.66975868090427,6788.613216276962,MULTI_HOP
9,5,3,0.20600805194660918,0,15,123157.47522172118,64822.901026998166,3,4,0,0,2,0,0.8189655068246567,2830.0799731795723,MULTI_HOP
18,8,6,0.3099534526393735,7,7,145927.42427555448,59123.28075483836,3,4,0,2,2,3,0.6531974967332158,700.025805301848,MULTI_HOP
15,4,7,0.2285581487697885,1,9,102010.87751491914,31066.22645748633,7,4,0,2,0,2,0.9252757688289319,2655.080069637801,MULTI_HOP
6,8,3,0.28560794266322065,1,18,179089.1569813438,56451.093994245064,6,7,1,1,2,0,0.6271813143864367,8591.54592765043,MULTI_HOP
6,5,7,0.3412643803022891,0,17,161725.79488878895,77459.11123465793,5,6,1,1,1,3,0.6596537991804013,2512.15871338382,MULTI_HOP
15,6,4,0.4593444072238827,7,18,190861.81179662983,116819.18758988976,3,8,0,2,0,1,0.7993601995005468,9252.703627537452,MULTI_HOP
8,6,9,0.4148978709223975,0,17,140510.88233388693,168894.62214665872,6,3,1,0,3,3,0.7496939100111812,4190.829842159221,MULTI_HOP
11,2,3,0.36853258744906603,0,18,97196.46227470068,160151.62002192417,6,8,0,0,0,0,0.7877376412439192,7325.996390808845,MULTI_HOP
17,3,4,0.35269416923497343,7,10,198803.54715975487,48121.314389709834,3,5,0,2,2,2,0.9179864569406334,8504.689091628257,MULTI_HOP
9,7,3,0.42529458208809223,5,6,125301.7496502322,110850.81833804768,8,4,1,0,2,3,0.6738949407427025,4056.145989129833,MULTI_HOP
14,2,8,0.3899383800868462,7,8,62739.040693137795,127634.83014134014,8,4,0,1,1,2,0.638962731695213,5732.51432408803,MULTI_HOP
14,5,7,0.21063155576447198,0,11,141669.01335180283,115915.05971388156,3,5,0,1,1,3,0.7508588716242793,5699.916421853925,MULTI_HOP
12,5,7,0.3278018740322899,0,10,70192.98150472513,167738.515083842,8,4,0,0,3,0,0.6640831139073035,2245.9105195632756,MULTI_HOP
13,8,3,0.2530920745108211,4,10,137859.5861203062,81327.5503703607,7,8,1,2,3,0,0.7237725694479914,8321.234247021526,MULTI_HOP
17,5,9,0.3156334503202993,1,6,185480.15245139584,85942.13150026885,4,9,0,0,1,0,0.833288836788946,5503.2874460726025,MULTI_HOP
6,2,5,0.3429257371843471,2,17,88999.55077108166,137091.54568134632,7,5,0,1,2,0,0.9824872442911193,4535.877773429884,MULTI_HOP
15,5,4,0.384756920072688,2,14,83652.34937795071,118163.97402327476,7,4,0,0,3,3,0.9181095187512059,3195.3380905432746,MULTI_HOP
9,6,7,0.18094124477908663,1,13,95150.34613545342,93063.96498335402,2,6,0,0,2,2,0.8364163972520282,2276.7816104281105,MULTI_HOP
15,5,5,0.4447186154973952,2,7,77355.2128009994,54082.5392722792,3,3,1,2,0,3,0.7294986389453391,4953.791303888704,MULTI_HOP
18,5,4,0.2589772062308743,1,11,129841.87259766045,107810.3374286145,7,6,1,2,2,2,0.7559179621920156,9530.46649128556,MULTI_HOP
10,5,3,0.2775627049329093,4,16,107928.27229403792,127038.48803924181,7,7,1,0,3,0,0.8294111898143957,3463.0340445552147,MULTI_HOP
14,4,3,0.4402909682224625,4,8,85352.2110315101,163362.3025066077,5,5,0,1,0,3,0.9289910257722674,3434.8675854516896,MULTI_HOP
11,8,8,0.2274172141797261,2,16,135062.4688192517,97647.37156844875,5,3,0,1,3,1,0.9307765346827032,4592.260965337502,MULTI_HOP
17,8,6,0.47422928693790856,4,18,70218.08413002457,136381.9764234256,6,7,0,1,2,2,0.7938646255796217,982.8070665037876,MULTI_HOP
8,5,3,0.47416702196812555,0,8,59964.37882892697,142279.91844183468,7,9,1,1,0,3,0.8231074647597011,7647.852094209824,MULTI_HOP
14,7,9,0.44562932048513626,6,12,31791.2863002054,58466.87514569764,8,7,0,1,3,2,0.6606874404297397,8562.242391211006,MULTI_HOP
11,6,9,0.17830499444516415,1,6,39750.932552633414,76386.24250615557,7,6,1,0,3,3,0.7310700799007246,1816.3885912426383,MULTI_HOP
13,7,8,0.3687734874230857,3,9,88632.6010073153,152787.16280433512,3,7,1,2,3,2,0.8542752721792897,3068.8575010080363,MULTI_HOP
15,7,6,0.3101141383911685,8,16,72135.6428852522,84519.21689226947,7,7,0,0,0,2,0.9169959809789319,2427.4898539497335,MULTI_HOP
8,8,4,0.39160726362136034,4,7,134059.1356103175,150426.0579918201,8,8,1,2,0,1,0.8911004605862518,8125.298548284221,MULTI_HOP
18,3,7,0.2079019718865907,7,13,180369.25224411965,114971.6354936025,2,6,1,1,3,1,0.9728392144399597,6875.453584232477,MULTI_HOP
12,6,3,0.38524700081874363,0,17,163332.2997342198,85016.56054308474,7,5,1,0,3,3,0.9478895229779289,1829.5486533376716,MULTI_HOP
12,7,6,0.21624769111250786,5,16,172129.61352538495,126495.66329585704,6,5,0,2,1,1,0.8918948355933229,6703.168694177427,MULTI_HOP
16,3,3,0.3835162985748119,5,17,189142.96597118213,35825.24392159008,7,7,0,0,1,1,0.605233435539529,6493.220600582464,MULTI_HOP
13,3,7,0.16671178442382792,1,12,174671.67803230844,89864.92242747519,7,5,1,0,0,0,0.8210611203511599,4973.016458637805,MULTI_HOP
6,8,7,0.33220504738180556,4,18,106540.76434340526,98230.47707376907,4,8,1,1,3,0,0.6630601081146512,2977.8648722536195,MULTI_HOP
9,3,6,0.25417089860974085,3,6,144055.10624605825,127475.24953812291,7,6,0,2,2,2,0.7577455572069619,6747.8979317928015,MULTI_HOP
13,2,4,0.2457878724928243,0,6,95044.49852536168,133599.61482849176,6,5,1,1,2,1,0.8684432878336668,4069.7440335384154,MULTI_HOP
7,2,5,0.40090743683242236,2,11,40194.95502562246,87325.66319689923,7,7,0,2,0,2,0.6748293709154228,2773.0772222179753,MULTI_HOP
10,8,7,0.17458856425468333,0,15,41408.85157733991,56441.95736871417,3,3,0,0,3,0,0.8827769774983166,5191.334521151767,MULTI_HOP
17,5,5,0.3100482047107102,6,13,123867.10173717304,126866.15230399983,3,7,0,0,2,2,0.7969781602270094,8994.272274298986,MULTI_HOP
10,5,3,0.34501388593794324,7,13,156254.5286804727,161558.22361739282,7,6,0,0,3,3,0.635073423024047,8580.316026846682,MULTI_HOP
8,6,3,0.4643939920367367,6,16,167040.63383345894,25706.64403308236,3,7,0,0,1,3,0.7791707414416491,7812.320857337816,MULTI_HOP
13,8,6,0.49662615217320827,0,6,152640.9067705483,51828.424480190304,3,9,1,1,2,0,0.8496153499698696,4056.5498508003075,MULTI_HOP
6,2,5,0.30029742042742336,3,13,192757.62869509522,108676.94195272643,2,5,1,0,0,1,0.6302958699550333,4070.180801566054,MULTI_HOP
16,5,6,0.4218801822473599,2,17,33029.13607017381,38193.458605638516,3,7,0,1,1,3,0.9438035258749509,4007.0986357775623,MULTI_HOP
6,2,7,0.2027920316101888,4,16,83492.85760743092,154412.54359091684,5,6,1,1,1,1,0.7420055646069879,8899.52158642164,MULTI_HOP
7,5,3,0.22134566404513983,1,16,85615.56769700094,69618.05860447774,5,6,1,0,3,2,0.6273146725205999,8160.655261755069,MULTI_HOP
13,4,9,0.2209746139284222,5,15,137102.11776276593,115308.89586893725,8,8,1,1,1,3,0.8218539966574341,3085.328452854041,MULTI_HOP
12,5,3,0.19223798028655598,8,7,188899.29458476606,86812.02456240857,5,5,0,1,3,3,0.7346998349609704,3556.12338020699,MULTI_HOP
12,8,8,0.49943388787354803,0,13,138722.23360719078,54109.00651934251,5,8,0,2,0,3,0.9189192270809091,782.5070759446453,MULTI_HOP
9,5,7,0.3956426406852423,4,7,153311.09070421197,102420.45885092531,2,7,1,0,1,3,0.8717113990193229,7896.075781365722,MULTI_HOP
13,3,3,0.264321766567828,6,11,134183.61287798377,76201.78910965225,5,8,1,1,0,3,0.6127574355017985,796.4350474112922,MULTI_HOP
6,7,5,0.47564326499055753,2,15,68229.94382890835,80068.4923206004,6,9,0,2,0,3,0.7054038916365142,5999.738649370467,MULTI_HOP
9,3,8,0.15580829960342163,2,12,53741.92399481612,101155.48203529659,7,3,1,0,0,1,0.695553741261608,6747.229211361034,MULTI_HOP
7,2,9,0.16073311301995646,4,17,32267.203831876715,137855.60864619046,5,8,1,2,1,0,0.8884651260264985,7349.284942286648,MULTI_HOP
7,7,3,0.3276055199350886,4,16,197168.12012928736,159470.84607887085,2,4,0,1,3,2,0.679116072480478,874.2476434997302,MULTI_HOP
16,8,6,0.3447315325149977,5,10,106669.14668888396,173024.59926471443,8,5,1,0,0,3,0.8721747753605456,9900.451290663736,MULTI_HOP
15,6,4,0.4800522983550449,3,13,34428.87404642633,53587.471124970536,3,8,0,0,3,1,0.807024378967248,1719.5808016793774,MULTI_HOP
12,4,6,0.3137479167345516,7,14,76686.57215371981,139748.56406463115,6,5,0,2,2,0,0.8526547920102822,8010.056663048428,MULTI_HOP
9,3,4,0.1826717486211162,0,9,180283.69024709205,125210.11213063067,8,4,1,0,1,0,0.9060724646964671,3277.7484766842545,MULTI_HOP
6,8,6,0.27444209570898587,6,6,85349.40362515328,85890.09644143312,2,9,0,2,2,3,0.8779687856800157,750.704315402095,MULTI_HOP
9,2,5,0.22979029410530144,0,11,112963.31614493804,61617.17222794656,6,6,0,2,3,2,0.6528362481111416,5187.726230085725,MULTI_HOP
18,4,7,0.3419137588220584,7,9,178411.58510249734,60804.61174746829,6,3,0,1,1,3,0.7097060267516078,5114.921754320333,MULTI_HOP
9,7,9,0.2207461267874547,4,13,73450.57838341943,173969.68395782541,2,7,0,0,3,2,0.9709476369207479,6316.751792992499,MULTI_HOP
11,3,3,0.2031902631057738,8,6,45410.330732927716,66377.04264122758,2,9,1,2,1,0,0.7147369374086021,5678.324594275686,MULTI_HOP
15,4,8,0.16430591906752148,5,16,123077.69207544705,68316.5966758291,6,9,0,0,1,0,0.9469573633393318,641.77593790134,MULTI_HOP
16,7,6,0.4511931657881506,0,8,161004.4483186131,173234.09785678107,4,8,0,1,0,1,0.7148582411787856,4200.809955137652,MULTI_HOP
14,4,6,0.47485692879770947,7,16,90060.44811339112,117810.52824958632,3,6,1,0,3,1,0.6171563502810488,9535.48833386765,MULTI_HOP
6,6,8,0.1722002162729486,5,8,116232.97361571793,167107.2746727095,5,3,1,1,0,3,0.6613951016538215,5148.338462558341,MULTI_HOP
14,5,7,0.36746888967041735,7,16,122203.97964892171,169926.8028944022,6,3,0,0,1,1,0.624783923547032,6895.634089892608,MULTI_HOP
6,5,9,0.3670459835143339,4,9,154252.40561643027,98470.35758454542,8,7,0,0,2,1,0.6724792891268506,6186.183545038992,MULTI_HOP
12,7,5,0.35467290693337494,2,16,124693.61864251351,152674.4181993774,6,6,0,0,3,3,0.6896602614220729,7334.494570748121,MULTI_HOP
9,5,8,0.3380423698088424,1,13,99999.62821963176,145098.6618447302,4,6,0,1,0,3,0.6611029914276132,4617.936520953934,MULTI_HOP
17,7,9,0.2116382832200764,1,16,151181.64714358613,99649.151955958,6,4,1,1,0,3,0.9797719086025403,1767.2297242010122,MULTI_HOP
10,7,8,0.1793826356109322,4,8,55192.33828970319,156773.90871564767,2,9,1,2,0,1,0.7405969247836169,8278.223899696688,MULTI_HOP
6,3,5,0.3926224844274364,1,7,199964.47269299446,146054.81086070449,4,7,0,0,3,1,0.7213580839393038,3812.1593718032027,MULTI_HOP
7,4,7,0.4412999553048431,4,12,199650.69312039742,41557.656387735995,4,4,0,1,0,3,0.6926699143518809,7410.0017522685475,MULTI_HOP
8,4,5,0.45090319303857507,2,12,57077.76470457298,98144.15355616341,2,7,0,2,0,0,0.6096141311365013,842.2180151104267,MULTI_HOP
18,6,9,0.4142023363436509,8,13,168481.57339399983,136773.13941250858,2,6,1,0,0,2,0.9937536672441094,1378.879451716448,MULTI_HOP
11,5,7,0.2855016175794739,1,18,57202.29639134352,79289.3666796918,7,6,1,2,3,2,0.972235357616801,3201.7678597127547,MULTI_HOP
11,8,5,0.2168915066130782,4,7,45669.1618122944,46912.86676714731,3,4,1,0,0,1,0.9798475298809814,4403.057211767249,MULTI_HOP
9,3,9,0.316137440545545,4,15,117277.06750431999,135992.32647738897,2,6,0,1,3,0,0.628392788686742,879.640336694429,MULTI_HOP
16,2,5,0.4867895998382076,0,12,33768.71256092641,78356.84846380816,6,8,0,0,2,3,0.6614042412990163,8513.164295236229,MULTI_HOP
18,6,7,0.44358971599812047,7,11,71717.66349585385,127470.97391238969,6,8,1,1,2,2,0.6723974726163165,1209.749656269511,MULTI_HOP
17,2,3,0.1536099488945784,3,9,131351.421456737,139306.40176904103,2,3,1,1,0,2,0.7260393111204437,2484.072667180015,MULTI_HOP
9,6,4,0.4299841574382969,1,6,135600.958230282,43068.54716108065,6,4,1,0,3,0,0.6213377804939125,7953.353660505707,MULTI_HOP
10,5,7,0.15390906609656413,5,12,102651.38973323487,59242.13855628484,7,3,1,1,1,1,0.6055904257690938,9211.089005560405,MULTI_HOP
8,5,8,0.16299763855799226,2,15,34782.95237285013,35020.075381937364,3,9,0,1,1,3,0.8551235834270117,6951.758844551624,MULTI_HOP
14,7,5,0.436018927271423,6,14,30257.139695842376,31108.445754138003,3,7,1,1,3,3,0.7985753391118883,8609.322477835354,MULTI_HOP
6,5,8,0.17296555599979785,6,17,90865.01621751174,25373.241072448873,8,8,1,2,1,3,0.7977063683210631,8232.03307070006,MULTI_HOP
14,3,5,0.38460637715892176,4,10,181620.20455528886,70466.27429759671,7,7,0,0,2,0,0.7283251632829278,3923.7904816069727,MULTI_HOP
9,3,9,0.27563485218010014,4,16,194137.08775544053,84582.17548161605,6,7,0,1,3,0,0.9878050837444468,5456.252139601671,MULTI_HOP
6,4,8,0.4309329274166418,5,16,188205.78277934002,167783.94616298354,7,3,1,0,2,1,0.6275832552146351,9362.879350976025,MULTI_HOP
10,7,4,0.26023109746583334,1,11,56517.132406547054,87453.76268471772,7,3,1,1,2,3,0.6630728690050595,8354.547673644054,MULTI_HOP
11,3,3,0.38918651279080474,3,6,131414.17559623683,36840.46843166016,7,6,0,0,3,1,0.6896213005071483,5749.239169262701,MULTI_HOP
11,6,5,0.3265098980274861,7,14,105436.93941477138,117070.1540722161,4,9,0,0,2,1,0.7303501603036563,673.8781537191363,MULTI_HOP
9,8,9,0.26091212687048315,6,18,131200.47097261756,74379.6200910468,6,9,0,1,0,2,0.7442942230316687,9630.516348550951,MULTI_HOP
7,4,8,0.2141223591946445,7,13,122194.5286148878,164276.58684118578,3,6,0,1,1,3,0.7131745240616512,8266.867872001014,MULTI_HOP
8,4,9,0.26252594236377913,7,14,177402.90953812763,55854.36240819176,5,7,0,2,2,2,0.6610124657274289,714.9797534932082,MULTI_HOP
18,2,9,0.490410883602305,0,12,146441.60597194813,109180.71786919251,4,9,0,1,1,1,0.9348642289210431,2901.1969148294274,MULTI_HOP
6,3,8,0.4591802883402535,6,17,98119.3669501015,65326.111229781156,2,9,0,2,3,2,0.8932053008344407,3535.5277409703413,MULTI_HOP
13,5,7,0.4736098101628722,2,17,173965.6120828731,71345.27114959259,5,7,1,0,2,0,0.7254809052374196,8201.322285464334,MULTI_HOP
16,6,3,0.49227997705372406,5,8,169448.99110182252,88359.40220610157,3,9,1,2,0,3,0.8251709454824732,8129.575861177727,MULTI_HOP
8,5,4,0.3521715029797482,7,18,71877.41096769436,35942.72183841281,8,9,1,0,2,3,0.9456709729356623,9010.764670010323,MULTI_HOP
16,4,5,0.2703421549847877,8,12,113038.3122151284,62768.33318582578,6,6,1,0,0,3,0.632948607847588,6992.887972040517,MULTI_HOP
17,2,9,0.34689834181539003,7,16,83552.53480808856,68561.46519836955,7,6,1,2,2,1,0.7409581311863935,9409.99567697899,MULTI_HOP
15,3,4,0.3727352172003878,5,16,33658.25895394341,32781.438684080524,7,4,1,0,3,1,0.9153231827910147,8487.982367551736,MULTI_HOP
11,8,9,0.30643125195259246,0,11,184204.58732532457,47445.78233709865,8,4,1,0,0,1,0.9360564257110915,4949.793539103413,MULTI_HOP
9,2,7,0.4145492730313264,2,15,133523.29709018965,52909.89783665548,6,6,0,2,1,2,0.928357273854308,3531.2496954598523,MULTI_HOP
10,3,9,0.18851767584528517,7,15,158989.34083020495,80065.92565571709,2,7,0,0,2,2,0.9525605063341164,5107.527945333394,MULTI_HOP
16,6,7,0.33304333899531835,0,18,178394.98461901766,41740.91491303397,5,6,1,1,3,1,0.6295222578281762,3356.890458856653,MULTI_HOP
13,5,9,0.42994526409314826,8,8,135299.08810578834,168255.67934205118,2,6,0,0,0,1,0.6781577538473798,4011.605796244277,MULTI_HOP
13,4,8,0.46346848408432817,5,7,187715.84527197006,102519.75009786092,8,5,0,1,2,1,0.6533419111940795,6056.378382667136,MULTI_HOP
9,3,4,0.1958677803471398,1,15,138402.41844873078,30245.441764100913,2,9,1,0,0,0,0.7152637366465937,2272.956571395865,MULTI_HOP
11,2,8,0.24427050396111832,5,6,69549.16951540072,40060.9303511964,7,4,1,1,3,0,0.6873637167313538,2815.3147347197323,MULTI_HOP
12,5,9,0.48876716304114676,5,16,102664.90981736915,107454.26256623404,3,4,0,0,0,2,0.8011328603246273,7738.7168766379045,MULTI_HOP
10,2,8,0.2740269627660494,6,18,86549.89788373871,142437.2132319206,5,5,1,2,2,1,0.7489931376956308,6909.695005347328,MULTI_HOP
7,5,6,0.39418635077817876,2,7,61776.33808808588,100559.19376591794,6,9,0,2,0,0,0.8751542852104512,5854.024924297354,MULTI_HOP
17,7,5,0.49774376231851514,7,10,94191.44176835088,94708.89541748795,4,3,1,0,1,0,0.7382152314131006,5147.9942857250635,MULTI_HOP
11,4,7,0.24546386736356074,8,10,85205.15932309153,85532.0540879638,4,6,0,2,0,0,0.9713655715859222,6351.397037664487,MULTI_HOP
17,4,5,0.3011305197177102,4,11,137710.2745341271,114123.07194399563,4,9,0,1,3,2,0.6844224574184739,3455.3354682484505,MULTI_HOP
6,6,5,0.19243317525318096,1,9,168994.3387818852,152212.11662799574,8,8,0,1,1,1,0.8426527466301948,9075.647918276703,MULTI_HOP
7,6,5,0.3275456899817821,6,7,135928.0438873015,79352.52518274436,7,9,0,0,3,2,0.6867924754957015,1994.8955496128326,MULTI_HOP
16,8,6,0.48454244977579664,0,10,48038.30791571269,97012.63941361963,6,9,1,2,2,2,0.9823335252100713,4318.170628540163,MULTI_HOP
7,5,8,0.475086289516791,5,18,170186.46462109464,154014.2369496653,4,8,1,2,3,2,0.8159495735570369,1954.1335577268273,MULTI_HOP
7,2,6,0.16174835566438894,2,6,122505.0389132849,127000.5113177774,4,8,0,1,0,0,0.9580730870259511,1279.2314106877793,MULTI_HOP
6,7,3,0.2956837068320701,0,9,83639.30178774017,171523.24702691758,2,6,0,0,3,1,0.6518748837079609,5088.811586023742,MULTI_HOP
14,7,9,0.4114746478705289,6,14,137365.7794758689,73368.10250726796,6,8,1,1,0,3,0.714787273962248,3713.6843376011057,MULTI_HOP
11,3,6,0.46211641278442384,4,12,88321.61681879095,51652.36777798631,5,4,1,0,3,2,0.9793100449698682,2135.3134174668244,MULTI_HOP
9,4,5,0.48744212266978937,8,14,146991.1465814311,101196.40266439973,7,5,0,2,3,2,0.7666876457531833,9925.660455325242,MULTI_HOP
9,4,7,0.21468379002570326,6,14,32796.04111927318,46036.3405133122,7,6,1,2,1,2,0.6046288517447049,3387.0833831756954,MULTI_HOP
17,6,6,0.24054062146123367,2,12,82970.82259880677,43104.46213392446,2,5,0,0,0,2,0.8528390758728981,5711.77535948044,MULTI_HOP
15,8,4,0.302156161470679,2,15,143513.28339945944,97786.89679194856,4,4,0,0,3,0,0.8454385509925839,6628.578915597192,MULTI_HOP
16,7,7,0.25780601640752154,3,6,42031.192308863705,140874.6954447741,5,5,1,2,2,3,0.8332850693786844,5805.860001876548,MULTI_HOP
8,4,9,0.19798848600795682,1,14,191010.21260543546,115079.55679612327,4,6,1,2,2,0,0.7497122452195953,564.2898921503742,MULTI_HOP
17,5,6,0.4904009092724383,7,13,34128.412124140574,160197.7832728843,6,6,1,2,2,0,0.6616458729240998,8690.659359590898,MULTI_HOP
7,6,7,0.2679813370667923,4,17,91794.36167646383,166320.50121376617,4,4,1,0,3,0,0.7082412507711411,2741.4693318635964,MULTI_HOP
7,7,4,0.18937523615961954,1,18,82898.03537520839,90508.00206618864,7,5,1,1,2,1,0.8306173291410105,9445.2683195226,MULTI_HOP
16,2,8,0.42954652805170745,7,9,51000.97225533684,123237.09824392953,3,6,0,0,3,3,0.624583294050272,4066.564473552451,MULTI_HOP
12,7,8,0.35017414368280375,8,11,42688.25963243852,31242.606276758954,4,8,1,2,1,3,0.7362468575839907,2246.5187489984364,MULTI_HOP
9,4,5,0.29710504164373575,5,6,149874.52010231075,34207.01338595769,7,6,1,1,0,1,0.8325009687547951,756.7630049505165,MULTI_HOP
12,6,5,0.25791102083242345,6,14,191704.18763544256,128127.87145321238,2,3,1,2,1,1,0.6501749878439603,8949.921680886713,MULTI_HOP
10,3,9,0.22564452388219447,3,10,55983.2141755045,132138.25153026634,7,3,1,2,3,1,0.9576486344438109,6484.837971620004,MULTI_HOP
16,6,3,0.21608072644142665,0,10,69212.30398097428,44769.743346194766,5,7,1,1,2,1,0.9128581512253245,1115.9441779277302,MULTI_HOP
10,6,3,0.4513397818227183,3,18,137764.33914017302,123726.78636335258,3,4,0,0,2,0,0.7230611933259968,3587.286092852655,MULTI_HOP
14,6,8,0.24030861781415708,8,18,194811.91799875983,87196.95322357665,8,4,1,0,1,3,0.7354661100165538,7201.321952886038,MULTI_HOP
17,6,3,0.15419668954062057,8,8,30510.639524765844,100452.84311819878,2,4,1,2,3,2,0.6652870424362275,6115.454204221646,MULTI_HOP
15,4,3,0.4945356604103236,5,9,78397.17471533305,43122.54898618792,5,7,1,2,3,3,0.6403845425487492,7148.352045867592,MULTI_HOP
11,5,4,0.23155205210952817,3,11,126089.87986590975,103700.61804668151,3,4,1,0,2,0,0.7808768033268373,846.0237900793179,MULTI_HOP
10,4,9,0.19525961672814726,1,17,182975.71766543007,49112.68795461075,3,4,0,2,3,2,0.7376291835719463,9726.603186785556,MULTI_HOP
11,4,8,0.17495664865133242,3,13,150780.1312748401,139152.91287073924,2,4,1,2,3,1,0.8810980926497491,1313.2249879323226,MULTI_HOP
15,8,4,0.30237964696164177,8,9,180004.12472430323,115883.20700703072,6,5,0,1,3,3,0.8952925525577811,7934.736897249396,MULTI_HOP
14,8,9,0.4860752366901103,0,17,119011.3680302061,55830.3102198446,3,4,0,0,2,3,0.6293654805769112,1345.8285950331701,MULTI_HOP
12,3,9,0.47133730385121586,5,11,196931.48998829702,160494.72019817066,8,8,0,1,0,0,0.9563139585988237,1444.8409260500484,MULTI_HOP
14,2,6,0.36458389694203264,1,10,129969.90608860462,41710.31100397176,3,9,0,2,3,3,0.9659640833848083,1550.254423311196,MULTI_HOP
18,5,8,0.2520752563472417,1,16,33111.96537980136,119937.9803764071,2,5,0,2,2,0,0.9287223219095693,9089.047290075467,MULTI_HOP
8,7,7,0.37616604755932703,1,18,133637.33473777055,87226.54154555123,3,4,0,0,1,0,0.7468121877435057,2707.184819451668,MULTI_HOP
8,5,8,0.4631304429308507,2,13,30928.88364574628,98685.40148238359,8,8,0,2,1,0,0.9719187414622201,8973.24219452519,MULTI_HOP
17,7,8,0.28361678186242856,3,13,113637.3122395286,100040.36836505203,5,5,0,2,2,2,0.9784191073912241,7239.679031499142,MULTI_HOP
6,2,3,0.4077704968857555,2,11,125245.8059117916,64366.25374196504,6,3,1,1,2,2,0.6874968228576068,6072.766247120132,MULTI_HOP
18,8,9,0.37750649016770876,2,12,39022.17752066124,141162.08582722093,5,7,1,1,2,3,0.7251375870388411,721.8513052021245,MULTI_HOP
8,6,7,0.22093084140857777,4,18,51527.83084671962,108134.56279306457,4,7,0,1,1,1,0.9944691230598242,620.1383870691429,MULTI_HOP
16,4,5,0.1605430796518511,0,6,198656.72309641156,92176.6815127435,2,3,0,2,0,1,0.6014687594296423,9696.07310753226,MULTI_HOP
16,6,7,0.42855681299752435,6,17,129189.10464398263,95341.62147950135,6,6,1,0,1,0,0.825504179259042,6032.337705516216,MULTI_HOP
16,5,3,0.2760561715131803,5,13,83208.53656328685,74441.58086300304,6,5,0,0,1,0,0.8187756898067674,7848.060404162045,MULTI_HOP
10,6,9,0.16327511479255696,5,6,146173.63518376785,51052.56875985532,3,9,1,1,1,3,0.6016485089308089,7123.73823031376,MULTI_HOP
7,8,5,0.40206425553450886,8,11,190060.73292145188,53558.170106897676,5,4,0,0,1,2,0.6635087703995027,6182.793957697079,MULTI_HOP
10,6,4,0.3789324985244992,5,16,101090.55134181639,134068.22506424488,8,9,0,0,0,0,0.6150453022691194,1916.4302496508687,MULTI_HOP
13,2,5,0.2878873569129133,7,9,153144.9106205224,121529.22491621865,3,8,0,2,1,2,0.8356344959919374,5060.663231643633,MULTI_HOP
18,4,4,0.24111148141374622,1,14,157982.20724815116,159605.61307557474,6,3,0,0,3,2,0.9837279312652092,7502.040192778715,MULTI_HOP
11,2,6,0.2928724543435238,5,9,141207.36802918662,29201.45288141083,6,6,1,1,2,1,0.6353541688675374,3377.027024415328,MULTI_HOP
18,7,9,0.3943560973821698,3,12,150459.50187687547,173899.19892357942,2,3,1,1,2,1,0.8543687445451102,2219.9801922219895,MULTI_HOP
7,2,6,0.3971555488729521,2,6,149550.29740588908,122822.62683377936,2,8,1,1,0,3,0.9023509415549388,8653.902092022183,MULTI_HOP
6,8,4,0.2865691890303068,2,17,43734.50595339718,86294.35698819053,4,3,1,1,1,3,0.9415907507306172,3682.230575319811,MULTI_HOP
17,7,3,0.35904965673382755,6,15,107966.66427704929,54490.22568747042,5,8,0,1,2,1,0.6216845029456876,7373.1116614985,MULTI_HOP
17,7,7,0.2767213080513917,5,16,189541.6631117108,121932.45542920644,2,9,0,1,2,1,0.7460889269214082,3743.312403281368,MULTI_HOP
17,7,7,0.48650726381760434,8,6,172217.78765043092,167829.47900441656,7,9,1,0,0,2,0.7667421199769681,2118.7103115584287,MULTI_HOP
14,6,6,0.2204029479526728,7,14,99977.80566305872,26681.121483552124,6,8,1,2,3,2,0.8250191437524538,2118.955299394646,MULTI_HOP
8,8,7,0.18163006278929994,3,14,44003.61001321925,49530.96604495425,3,4,1,0,2,2,0.7349126707420055,7548.656387944221,MULTI_HOP
8,3,7,0.2908098614223159,8,7,49921.50985468066,52998.79105861197,5,5,0,0,3,0,0.9380152703761848,4566.52373584684,MULTI_HOP
13,8,7,0.22579632425246057,3,12,169623.10258453697,67115.92646496193,4,3,0,2,3,0,0.7047038747838006,5249.730926266359,MULTI_HOP
18,3,4,0.2856724654252845,6,10,84967.04900815143,150951.91263202368,2,5,0,1,2,1,0.6976030130923694,7116.195400964626,MULTI_HOP
15,8,4,0.21073545181643655,0,8,180660.3155963063,162087.1146446759,4,3,0,0,0,3,0.8825697683691737,7371.889468732004,MULTI_HOP
14,5,5,0.2578821314763575,7,6,63434.684841524104,46079.848882082304,3,7,1,0,1,1,0.6449293224459082,7664.430772974234,MULTI_HOP
18,4,8,0.17207173331521086,2,15,149416.36979673285,157493.306193046,6,7,0,1,2,1,0.769710074077625,5363.465581294519,MULTI_HOP
7,6,9,0.3377274387944723,0,15,91503.03267532164,58799.751061639974,3,9,0,1,0,3,0.78715497690264,9603.001342117517,MULTI_HOP
6,5,7,0.4127899362457228,5,18,67074.2784017819,105217.72955337621,4,9,1,2,1,1,0.721590418348429,3610.4963257301065,MULTI_HOP
16,5,9,0.3189762050447868,7,14,59011.38296503217,141077.14002392362,7,6,0,1,3,2,0.8060688424037488,5743.0127186104,MULTI_HOP
18,8,8,0.32388010884971064,7,18,84483.00575657134,72710.99519261543,7,8,0,1,0,3,0.9702845416274735,9661.96140386607,MULTI_HOP
9,7,8,0.34425282969732085,4,8,40929.38173886546,135218.18183529453,8,5,1,0,2,2,0.9088580772719027,3396.5161568451504,MULTI_HOP
17,7,3,0.3770794362699579,1,14,97478.10370508659,60103.2577150954,2,3,0,2,0,3,0.8531622550909475,3513.877073588468,MULTI_HOP
17,7,9,0.26069104766283313,2,14,114801.08210898364,48098.50791418814,8,5,1,1,1,2,0.7428194570219716,5793.462222761371,MULTI_HOP
8,2,4,0.35266404588361755,6,13,88040.91192051317,154104.03587667993,5,4,1,1,3,3,0.7758108807993118,1652.8490152125612,MULTI_HOP
11,3,4,0.49387020403405724,1,9,176597.59395128657,114033.83467947444,8,7,1,0,0,3,0.7591172372307999,3903.350945017299,MULTI_HOP
9,2,9,0.45351461003267746,3,11,176686.75127588012,98127.29545847976,6,8,0,2,3,1,0.7517214838942311,9666.912067222664,MULTI_HOP
7,2,4,0.48241626565462825,7,12,60779.80838681556,151717.4114227023,4,9,0,1,2,2,0.7626154443416218,2515.5757114223134,MULTI_HOP
13,4,3,0.19342016178654461,7,17,113178.25963239055,31724.264048274348,5,3,1,1,0,2,0.7291630964410585,653.3205928285588,MULTI_HOP
12,4,4,0.36826627213243546,2,11,175336.26011421584,126489.26434391581,3,9,0,1,3,3,0.9143596131158397,5426.930505028417,MULTI_HOP
7,7,5,0.4462007413512893,1,16,124612.31002210917,64479.45731913427,7,6,1,1,2,2,0.605679661087291,6385.384334231851,MULTI_HOP
16,4,9,0.4839605583117542,5,9,148704.91652096837,123683.43807266216,2,3,1,0,3,3,0.861947559741127,9080.799045590844,MULTI_HOP
18,6,3,0.1919181556563359,4,14,113556.75495143446,134529.53263765425,8,3,0,0,1,0,0.8160677730475225,3311.391199303085,MULTI_HOP
16,7,5,0.19574985738673276,2,6,80051.06569173321,107883.064268748,5,4,1,1,2,3,0.9455286885531377,5460.084113576228,MULTI_HOP
10,8,7,0.17175217257272146,8,6,109229.5001597455,42913.65206753147,3,5,1,0,1,0,0.6409610192302208,8198.598046702784,MULTI_HOP
7,3,7,0.4902004213624743,6,16,104142.54651928828,80934.56912818654,7,5,0,2,2,0,0.6267042734034104,8373.912127070776,MULTI_HOP
9,7,8,0.4722321651825242,8,18,66027.16697347612,27633.024690309907,6,6,1,1,1,0,0.9737804337870387,5889.685126732702,MULTI_HOP
11,4,3,0.25247400382430485,6,14,51121.05080666502,53127.37823067102,8,7,1,1,0,3,0.7312774271436974,6886.754775495635,MULTI_HOP
10,6,9,0.34489317489041643,1,10,36190.35856415356,129923.73701284656,2,9,0,2,0,0,0.6849640059493791,2713.5189651750343,MULTI_HOP
18,7,7,0.40817109055296397,1,16,184151.64878937748,128882.19925540317,2,4,0,0,2,2,0.7000810183648956,4038.5191752032006,MULTI_HOP
14,3,9,0.2189187488255748,7,8,36199.11664466022,155821.0176007215,2,4,0,0,2,1,0.8874201353914422,3551.9157048048437,MULTI_HOP
12,2,5,0.3217265366373896,8,11,124806.82479090837,48213.344278285134,5,4,1,1,0,0,0.8345937116372206,3233.524488837451,MULTI_HOP
12,3,5,0.32103435124876534,8,12,48090.962066731925,153407.50350186415,6,8,1,2,0,2,0.8108277501417336,2407.90842988483,MULTI_HOP
18,2,5,0.41697544985865753,6,13,175561.68879836355,37610.550970762546,5,3,0,0,1,1,0.9360587216980547,7377.09388418499,MULTI_HOP
14,8,3,0.30444233980866553,1,14,116223.6786725732,145363.34603930116,8,5,1,2,1,1,0.9559657861923008,1056.810053640328,MULTI_HOP
14,8,4,0.24157428198940437,2,14,101741.48137577677,38004.89073100538,5,4,1,2,3,0,0.7637964882684354,2659.0847426557084,MULTI_HOP
7,7,9,0.23926703712034725,0,16,69338.7764782088,173696.21080718937,5,6,1,0,0,3,0.7807598502048849,4357.087590921228,MULTI_HOP
13,5,4,0.18277496879717334,6,14,190208.83579277468,109215.53976736621,8,7,1,0,1,2,0.8949699587912069,4753.217343047865,MULTI_HOP
13,4,3,0.18617546305241572,3,7,34257.87656362755,54816.756354602476,4,5,1,0,3,0,0.9428070476415893,1719.3970526340777,MULTI_HOP
13,6,3,0.3885675772762215,6,12,191024.02616580692,104552.01314357539,2,5,0,1,3,3,0.7108166338107851,8552.473915604758,MULTI_HOP
18,6,4,0.18872984962378564,0,13,45810.61269100403,81110.56868632804,4,8,0,0,1,1,0.6518917237056255,3732.03484711016,MULTI_HOP
13,6,4,0.4944287869285653,7,6,94965.01225111651,109523.7069629134,5,4,1,2,3,2,0.8472367134725591,8552.148232224314,MULTI_HOP
8,2,9,0.4066760289747212,2,8,194999.68204163687,53361.34529385757,2,8,0,1,0,2,0.8185213531897865,3147.205135377525,MULTI_HOP
11,7,9,0.4606674500010435,4,9,150394.50441743305,139654.38600266352,3,8,0,0,1,0,0.7104524919152099,6098.836657946025,MULTI_HOP
8,3,9,0.492705907857922,8,12,155428.03317353892,31782.480902438427,6,4,1,2,0,0,0.7488820496197168,9995.022746790319,MULTI_HOP
15,4,6,0.1834336795325187,3,10,164964.00723664966,111120.77402496038,4,5,1,0,2,2,0.763961890922149,557.4869360813132,MULTI_HOP
7,3,8,0.47398958322059936,1,15,146237.21170892625,147455.0952786465,3,6,1,0,2,0,0.920983356680918,8095.676839209327,MULTI_HOP
6,7,8,0.4740768518869608,5,13,158540.94626764726,26474.0860167527,4,5,0,1,2,0,0.6626224017055995,5851.9079998853695,MULTI_HOP
16,4,8,0.327307793635659,0,8,176901.07505212078,141729.48377804953,3,3,0,0,1,2,0.9463105087483714,3161.4248306212353,MULTI_HOP
9,4,6,0.4413967861448309,8,17,123243.2443876693,40143.52572486484,4,9,0,1,3,2,0.623436990452963,7192.204456835027,MULTI_HOP
13,4,7,0.3839086145485786,8,11,188569.81892281168,65916.616860118,3,4,1,2,2,2,0.7186532336694387,655.3958564973723,MULTI_HOP
8,6,5,0.1683072832599459,6,18,87135.0860630709,42078.3346398375,5,4,1,1,3,0,0.9027937259165542,1193.2407454302543,MULTI_HOP
10,8,8,0.22320241438651697,5,9,188000.43598913497,176824.02875018129,4,3,1,2,0,3,0.983903108645732,1791.6796921147857,MULTI_HOP
12,7,6,0.15241411862316834,4,17,155424.01457512076,47673.62476212417,6,7,1,2,2,1,0.8284573397986355,734.5270158910163,MULTI_HOP
12,2,9,0.3946339854420986,6,13,45923.60569246688,103496.03051219921,7,6,1,1,0,1,0.917182426265363,4716.481008072476,MULTI_HOP
9,2,7,0.15736363110095375,8,11,124522.10684905246,74111.08066279536,5,7,0,1,2,0,0.9610728855662645,6843.938208186233,MULTI_HOP
13,8,7,0.48318215558283617,6,7,95962.11082891776,116216.84765988159,8,8,1,0,1,2,0.8643775571309568,8991.984327932227,MULTI_HOP
8,6,6,0.18019308030341727,8,15,99458.84632244245,153276.33372375992,6,4,1,1,2,0,0.7756656025269273,2066.306543569193,MULTI_HOP
17,7,7,0.3113548865577344,8,17,37348.61474287642,51117.95195680416,8,6,1,0,1,2,0.8025983986917146,9965.112350977723,MULTI_HOP
13,2,6,0.30263356312815853,5,12,59871.93723864976,107825.0445715454,6,6,1,0,2,2,0.7851077820012977,6437.986004754709,MULTI_HOP
15,6,5,0.23008563522550585,5,7,70293.68399090893,160187.96771952955,6,7,1,2,1,0,0.9495999093107588,9893.892862188024,MULTI_HOP
13,4,4,0.2772893576378386,8,7,136079.12755956728,140525.01146392466,6,9,0,0,0,3,0.863646097261221,6237.426705549356,MULTI_HOP
7,8,4,0.37912551908926895,7,18,109984.57472165565,128155.89255125819,6,4,1,2,0,3,0.7094240216213085,5411.447905565857,MULTI_HOP
15,6,5,0.23346619020882114,1,12,97908.27910625232,74976.32858637469,3,9,0,0,0,3,0.710608585256969,6733.017763165495,MULTI_HOP
13,2,6,0.33258723888337915,7,6,169497.47121912029,143658.91632836426,3,9,1,2,1,2,0.8634251719416867,9809.505425043642,MULTI_HOP
10,8,8,0.28975619878570247,2,6,165559.3476498829,164533.32749138805,8,5,0,2,0,3,0.9512198790831072,9028.602357849799,MULTI_HOP
7,6,7,0.1527447113914184,8,12,180094.9365704698,141244.01761867138,8,7,0,1,0,3,0.8232262655498057,9559.709527492525,MULTI_HOP
10,8,3,0.3961984114166426,2,15,139522.63690307882,156343.8136701497,7,5,1,1,3,2,0.9217084561208388,6530.147775563254,MULTI_HOP
11,5,3,0.4732809791381778,3,14,147065.19224067085,97811.20647642379,8,9,1,1,2,1,0.9266386365955825,2553.8274753399596,MULTI_HOP
17,7,5,0.3179469468151981,7,7,127332.36199390877,59630.77515584445,5,8,0,1,2,2,0.9012489993776357,5413.298776707072,MULTI_HOP
7,7,5,0.26735521559515624,8,13,32778.14474900333,39553.83692084494,2,3,1,2,0,2,0.7127860417203614,780.4912866856846,MULTI_HOP
12,2,3,0.29950007893317704,1,16,152991.27640509873,152496.82451679884,6,7,0,0,1,2,0.897882350427109,840.4858548881975,MULTI_HOP
15,4,8,0.38083756564639903,5,10,154281.12759837945,115203.86736194693,2,7,1,0,0,3,0.9968411118150505,8370.956674677163,MULTI_HOP
11,2,7,0.46879703048835597,1,9,130291.8454038984,62797.88212321532,3,7,0,0,1,3,0.9817912925248599,1798.862287720502,MULTI_HOP
11,4,5,0.2166978756835652,3,14,140059.04699634167,67083.64661543963,8,4,1,1,2,3,0.6623234845433174,3721.8198493249465,MULTI_HOP
15,6,6,0.28173093485497724,5,6,41648.68792678345,154811.44234671997,5,7,0,1,3,1,0.821741568334917,4687.922748558534,MULTI_HOP
8,3,6,0.4254539488764487,6,16,157366.30253679567,102906.82620974634,5,4,0,2,3,1,0.8100491801831224,5291.0499022276,MULTI_HOP
11,2,3,0.26666941912699954,5,10,119619.84623908745,93132.87657423495,5,9,1,2,0,2,0.6297377734530963,4855.4006991142505,MULTI_HOP
10,6,5,0.429238630042887,3,14,198282.6922555415,163848.31344420993,5,9,1,0,3,1,0.8789140179891339,2607.683023246024,MULTI_HOP
13,8,8,0.2086236711130048,2,13,49838.95358173513,104687.18328650814,2,3,0,2,0,2,0.8222459065014189,6476.049411711353,MULTI_HOP
15,3,3,0.3081657220997952,2,9,174582.25339556567,68205.70757145555,3,4,1,1,2,2,0.6116424900529122,6065.673196569023,MULTI_HOP
18,4,4,0.454664219168031,4,6,78647.8307799361,151400.29587166558,8,5,0,0,3,2,0.6067255293215649,2834.4249909498017,MULTI_HOP
16,5,9,0.34889973856800194,3,11,139885.94150197876,91012.38862073557,7,8,0,1,1,2,0.8891410555011268,2206.7203737625987,MULTI_HOP
18,7,3,0.2256238118630481,4,15,56345.48215792583,58530.72211832922,6,9,1,0,0,1,0.6680722868691831,2568.075188086599,MULTI_HOP
6,5,8,0.2911783587316185,4,10,30593.260789012907,95348.07596971089,7,8,1,1,0,3,0.6507856928165543,4480.140109198644,MULTI_HOP
17,7,9,0.1509628692381783,5,10,179204.70399545805,126492.776874705,3,4,0,0,2,0,0.9986449005461232,7526.780810829309,MULTI_HOP
6,4,6,0.25966940879747125,4,7,51748.039701287285,67906.6207833491,6,5,1,2,3,2,0.6928668923810613,3591.720623895197,MULTI_HOP
17,2,8,0.253656427920467,8,11,87963.32255788552,126415.71554297196,3,5,1,2,2,3,0.9373655592529183,8444.24853884153,MULTI_HOP
16,6,6,0.3842481794738647,3,9,36100.67030017481,105551.64452901598,3,9,1,2,0,2,0.7378456418604878,4528.957449426562,MULTI_HOP
14,2,7,0.4411831702796968,7,15,173972.5339733946,97032.02043445708,8,7,1,1,2,1,0.7416893089393696,7177.23776221189,MULTI_HOP
15,3,5,0.2914527989778932,4,13,121945.89547790833,26010.268183726206,3,3,1,1,0,2,0.8024969810645458,7881.388380052218,MULTI_HOP
12,3,8,0.1921664878058574,7,17,184150.3828463915,104003.11232707284,8,3,0,0,0,0,0.610541140238879,4633.845484001258,MULTI_HOP
12,5,7,0.493185981284061,3,10,170815.5359804356,120314.66347326808,6,5,0,0,2,0,0.7724915685864149,3217.507303994082,MULTI_HOP
11,2,7,0.21685468610724712,7,16,180160.64630637318,41260.54319357235,2,8,1,0,0,0,0.7642920485571892,8624.692851528584,MULTI_HOP
12,3,5,0.3473215700668203,7,9,134032.3056856242,98333.45526144009,4,5,1,1,2,0,0.7077698035682005,1249.8523791787525,MULTI_HOP
10,6,3,0.41383296054412533,3,6,145970.38031087496,86557.2582216452,3,6,1,2,1,3,0.611024244874835,665.4726081033193,MULTI_HOP
11,4,4,0.46598177972127774,7,10,146278.24335932365,43447.02060875494,5,6,0,1,1,1,0.8221986709719433,5239.950640118827,MULTI_HOP
17,7,6,0.46492826782087704,4,11,81226.37520736564,79659.694750885,6,8,0,2,3,2,0.6323322244981828,1565.318531562763,MULTI_HOP
14,6,3,0.27595476861945833,2,15,181406.34205546824,109019.23707385518,5,5,1,0,3,2,0.7199193100057413,6960.337855806794,MULTI_HOP
6,4,7,0.3554206934069507,0,6,113676.78941950855,157747.3518359655,2,6,1,0,2,0,0.6079458427266868,3541.953469547237,MULTI_HOP
8,6,7,0.4441060465751173,8,11,151241.56349656882,87034.22307993226,5,3,0,2,1,3,0.9303619001574142,5444.8849004470285,MULTI_HOP
9,6,6,0.33865818395932046,5,12,96747.69095925629,150939.61896516377,7,7,1,0,0,3,0.6171587384361321,8038.804299063546,MULTI_HOP
9,2,3,0.3922695068117283,8,6,72752.92719795447,74850.03393704213,7,5,1,2,0,2,0.7515706250327769,5021.594570611346,MULTI_HOP
14,8,8,0.23539195533733928,7,15,184105.27284694996,38436.414715862906,2,8,1,2,1,1,0.8998335812382128,1423.877473793473,MULTI_HOP
7,8,3,0.3577049074828997,0,8,171116.73287306633,87995.5470173246,2,9,0,0,3,2,0.7177977309246741,9783.136575118806,MULTI_HOP
11,3,8,0.3014969995515444,2,9,144025.41236618866,88001.54849465,8,8,0,0,2,3,0.6037160967755113,5907.752673693392,MULTI_HOP
9,5,5,0.17353814835104986,3,8,129722.01859335482,130940.53790776075,6,9,1,1,3,1,0.6835954866406573,5984.689300116136,MULTI_HOP
18,3,3,0.1832983036151816,7,8,174222.37884920067,68345.89011147518,4,7,0,2,0,2,0.8690881253113678,6915.751748036117,MULTI_HOP
9,7,5,0.4095715282579252,3,8,59434.47842034273,104980.29208485768,5,4,0,1,0,0,0.9738526817526255,7236.841668157781,MULTI_HOP
14,5,6,0.23561843107295968,0,10,75188.51794931869,144175.02651151374,3,8,1,2,3,1,0.8136891382826231,9951.961575961226,MULTI_HOP
7,5,5,0.3222059358236173,2,18,77849.98145368208,177808.74733659436,8,4,0,0,3,3,0.6971302976334761,1502.3815851417635,MULTI_HOP
12,6,9,0.39361867991416977,7,17,52839.95305143602,148272.98498936614,8,3,1,2,0,1,0.7282994886976715,681.6485153856019,MULTI_HOP
8,8,9,0.21063089784866315,6,15,152745.5337930963,77132.48180034032,2,7,1,1,1,3,0.7038717448353805,8928.015923809853,MULTI_HOP
15,3,9,0.3057045966411006,4,16,40485.08061022969,43489.378170169395,7,6,0,0,3,1,0.8581548034982238,4644.448702169617,MULTI_HOP
12,5,9,0.3869514793725723,1,10,52391.8071084735,170144.26942334117,3,6,0,1,0,0,0.9242336102538651,9208.638043971141,MULTI_HOP
13,7,9,0.18934947283772852,7,9,127640.26225393332,60829.58501406096,5,5,1,1,3,2,0.9728835807213879,4476.400519438474,MULTI_HOP
12,2,4,0.4131359231772661,0,9,174618.10915010553,176040.15849364517,3,5,0,1,0,1,0.7165627869042476,8723.508004492209,MULTI_HOP
17,6,9,0.32043880354117227,1,8,126012.81377139605,166783.87020332552,5,4,0,0,1,3,0.6963822548047187,9359.381591313184,MULTI_HOP
8,4,3,0.3191261770998741,0,10,33682.5032395852,66671.9747633918,7,7,0,0,2,0,0.7620458961837182,8473.777233142682,MULTI_HOP
14,3,3,0.4430092269379685,0,8,178359.53674795962,121339.58284202711,8,9,1,1,0,2,0.7730513385586146,945.1642624135852,MULTI_HOP
6,2,8,0.21524718131579804,7,14,185368.60635823896,157856.0446648133,4,9,0,2,3,2,0.8452200413825811,4716.574270518188,MULTI_HOP
8,5,7,0.16732254055615356,0,16,81729.11239648143,94942.08758227972,4,9,0,0,2,1,0.9363139890833122,5551.964960609882,MULTI_HOP
6,7,9,0.4485999132368641,4,14,66958.29590006178,140903.72145039792,2,7,1,0,3,1,0.8676008774673036,2230.7750852532436,MULTI_HOP
14,6,3,0.3757461403164432,0,18,50478.47880048535,132429.2276798412,5,8,1,0,3,3,0.6454707570333584,6659.841260568019,MULTI_HOP
14,8,6,0.3547383474255337,5,7,177934.67648555222,155822.78649251768,3,6,0,2,1,3,0.895194467771679,5811.084791069178,MULTI_HOP
6,8,3,0.18828302078973086,3,14,59485.60945068346,111659.2645075481,2,3,0,0,0,0,0.8269415764517855,2570.0488431915414,MULTI_HOP
12,4,5,0.49165151133636065,8,18,96971.10004686788,139097.42939183163,2,9,0,1,0,3,0.923398649409963,8504.882581720329,MULTI_HOP
8,7,8,0.4509554707850866,5,11,53499.11034462355,105626.02739894594,6,8,1,2,0,2,0.6797116725020793,2009.8074990747086,MULTI_HOP
12,5,3,0.2592222028961024,8,8,56144.4719972904,163965.71653836968,6,5,0,0,2,1,0.8042682387439053,9272.310041742736,MULTI_HOP
6,4,8,0.23549632172178303,3,8,183944.30090787,120479.96162164547,4,3,0,2,3,0,0.9795239357918276,4862.002847113183,MULTI_HOP
18,2,9,0.23218989728433212,0,10,117396.42388448838,81156.11801293262,3,8,1,1,0,2,0.8168813933102248,5724.639681773497,MULTI_HOP
17,5,6,0.34254490960960926,0,16,47395.377174352565,44749.18285180953,8,3,0,2,2,2,0.8087278001211093,1920.2616940867567,MULTI_HOP
11,4,5,0.40383999216089006,3,17,75567.70810812752,122937.68767124959,2,5,0,1,1,2,0.8913435319657244,1942.9040300199024,MULTI_HOP
18,8,5,0.2539974227761821,2,13,194791.2667228837,118195.09486741695,5,3,1,2,3,0,0.855826713109874,5803.105557860523,MULTI_HOP
17,3,5,0.2083511440015496,7,17,72056.70654525887,42522.473570754926,4,7,1,0,2,0,0.6117361690796085,6731.612323112615,MULTI_HOP
7,5,5,0.23216178059195258,3,18,188063.97271645395,122679.99208452606,2,7,0,0,2,2,0.9296346967977651,9781.680000706578,MULTI_HOP
7,6,8,0.4729549910467421,3,17,47480.06917932404,90677.57964190941,4,6,1,0,2,3,0.959098415655878,529.3421915565434,MULTI_HOP
7,2,3,0.45136173420799397,5,18,176636.10356082057,55175.67107313944,8,7,0,2,2,0,0.9676336736017239,3931.3379235651623,MULTI_HOP
18,6,5,0.37372503129233103,7,17,63625.314542598324,151941.82667687556,5,3,0,0,3,0,0.617860740605106,1553.9778012001298,MULTI_HOP
6,5,7,0.3722095456196539,8,11,130619.99988998922,150740.15182755445,4,8,1,2,2,2,0.9965069315354148,9671.861298568,MULTI_HOP
7,5,4,0.2273945946636211,5,6,82356.06904798173,79387.56797674345,8,4,1,0,3,2,0.6025584937024792,2603.563217487682,MULTI_HOP
14,5,6,0.2927283729585853,3,10,141857.22456730698,168643.0842675981,8,5,0,0,0,2,0.7097328098592388,2381.451264363495,MULTI_HOP
18,7,4,0.38185626566212066,0,6,86855.12596824617,46147.33565244702,3,7,1,0,3,0,0.9491056415836757,637.5311431818686,MULTI_HOP
8,7,4,0.28882294485368154,8,17,69998.2534900234,163889.18085232758,3,5,1,0,0,1,0.766070137888046,6910.231546806045,MULTI_HOP
17,6,8,0.4213161165943552,2,12,39418.89559132176,29286.041265684788,6,3,1,1,0,1,0.7118421511362167,9049.930930737195,MULTI_HOP
13,5,3,0.23199327471161232,3,8,194589.23635264015,156081.69312834955,6,4,0,2,3,2,0.6924250489264595,4444.237780952037,MULTI_HOP
15,8,3,0.414907743028049,7,7,55451.983658714256,64582.983946919034,7,8,0,2,1,2,0.6355725380156304,1429.847972555879,MULTI_HOP
8,5,6,0.4974257240730664,6,15,132111.1658356883,159716.41752506935,2,5,1,0,2,0,0.7445988516731271,4944.774206954425,MULTI_HOP
14,8,8,0.39093789876185747,0,6,161630.48090058097,125116.3903464248,6,9,0,0,3,2,0.9802656217646581,9420.685967785039,MULTI_HOP
12,3,7,0.41494305622952277,8,10,182475.42778953785,152047.40078113,3,3,0,1,2,0,0.7481066708963549,6275.167014330241,MULTI_HOP
18,2,3,0.21871507612648786,7,12,82446.87549046417,112313.0568539509,8,3,0,0,2,0,0.9276701745789504,7850.9739847616565,MULTI_HOP
15,3,4,0.34774869903255595,2,8,177602.08070656724,143054.350269155,4,9,1,0,0,2,0.8246628871553174,7961.497323538885,MULTI_HOP
18,3,9,0.44311489746176236,7,16,39558.97530042281,63298.44017082413,6,6,1,2,0,2,0.7201268042486567,2991.1357689349256,MULTI_HOP
6,8,7,0.1525589519416267,0,15,45217.03018645338,89691.91526859184,3,8,0,0,3,1,0.6841632455243155,1590.159221617282,MULTI_HOP
14,6,3,0.1647543341211186,5,7,111068.48299376595,122338.28041592003,6,8,0,1,3,3,0.60023492839421,1136.461063758249,MULTI_HOP
13,8,8,0.3203789916595694,5,10,112373.90218924638,137965.48601220423,4,9,0,1,3,0,0.9137123704501348,8875.367755721163,MULTI_HOP
14,8,8,0.3365814341381918,6,15,188474.2305589381,114672.7397839039,5,8,0,2,0,0,0.8163906587982461,6485.170195291535,MULTI_HOP
16,5,7,0.4376700610639176,1,16,128743.08372716598,85661.10784089653,6,4,1,2,3,0,0.9513526097235814,2956.0000153628184,MULTI_HOP
6,4,4,0.45881395927149193,3,10,44522.469468800395,167684.77987398882,7,8,0,2,0,2,0.6963583791848312,3635.8817123227673,MULTI_HOP
14,7,4,0.22427573774238338,4,12,68276.48568169842,158009.44509854328,3,3,0,2,0,3,0.6072689623331071,9141.509129779375,MULTI_HOP
17,2,7,0.17815674780634258,2,16,32971.54813607173,170980.97275641095,5,4,0,0,1,3,0.8841338556949185,2531.4035540518325,MULTI_HOP
15,7,7,0.2528351243588621,0,17,137009.3703228585,148498.9016614445,6,5,0,1,1,3,0.9434583210747307,6151.183865255239,MULTI_HOP
12,4,6,0.4976584043846831,8,6,156001.78368695668,115305.67923937018,2,9,0,2,3,3,0.6659567262762348,5314.806686481354,MULTI_HOP
9,5,8,0.34329524612713325,3,15,37524.71036923498,156370.56314998315,2,7,1,0,3,3,0.7432810699556509,6154.856032031533,MULTI_HOP
7,6,3,0.18074411982248512,4,14,81621.71605353602,153420.00360912574,2,4,1,0,1,2,0.831839439470533,9366.467083451611,MULTI_HOP
7,6,4,0.41208170202969807,4,16,196385.4110691376,126371.76683794144,6,3,0,0,2,3,0.7856208037497,2123.7553866498006,MULTI_HOP
8,6,6,0.3279608818926521,3,15,43572.72816060525,175028.09047269236,7,8,1,2,3,1,0.8483887811798098,2383.36961739068,MULTI_HOP
6,3,4,0.44566244017773193,5,15,171879.3872946686,66701.39017898036,8,6,0,1,1,3,0.9423428578742093,7195.249164372571,MULTI_HOP
10,7,7,0.3409930250316935,5,7,32356.065620669568,111584.30407928453,2,3,0,2,3,0,0.9025739775139556,4903.533503828163,MULTI_HOP
9,6,8,0.2537185031201534,8,6,87633.8694890831,122915.48228962337,2,9,0,0,0,2,0.9923123958415221,1436.1007923528487,MULTI_HOP
8,7,6,0.3063769910135493,5,7,99754.65127146067,161228.97808153083,6,6,1,0,2,2,0.8340094224127224,6392.511085198955,MULTI_HOP
18,7,6,0.3663100446727884,2,12,187335.73136425155,34034.864938708895,6,4,1,2,2,2,0.75845290067038,6198.024627032297,MULTI_HOP
9,5,6,0.2876972072845103,0,6,83283.42024763594,34360.626245535874,3,9,0,0,1,1,0.8077975179790184,758.9968747412739,MULTI_HOP
8,3,8,0.17758007325501463,1,16,79190.82654497892,79768.87426878256,2,8,0,0,3,1,0.6121399033760019,8422.955534709065,MULTI_HOP
18,4,3,0.19708185136391546,0,13,166431.87657906397,76222.65145401706,8,4,0,1,1,2,0.9804559553283946,1286.592436578419,MULTI_HOP
16,3,5,0.2181872908349054,5,14,186238.95965567525,26113.10506554731,8,4,0,1,1,2,0.6570702419423234,8091.715221660765,MULTI_HOP
6,3,5,0.33666067571758884,2,16,177280.21846203622,74217.4971568563,7,9,0,1,0,1,0.7373878477296458,3719.925191955456,MULTI_HOP
18,3,9,0.3527429359126566,7,16,165076.31382881769,72296.27105958914,6,7,1,2,1,2,0.6588510693410439,9490.614109154523,MULTI_HOP
16,6,3,0.17113255503973018,8,12,146369.0585118769,149763.040277523,6,5,1,0,0,3,0.62978589761409,9292.555810280011,MULTI_HOP
14,8,5,0.3272219106542142,1,17,126964.14177610389,103426.04773047105,3,9,1,1,1,1,0.8586270404124627,8215.279511799352,MULTI_HOP
10,8,3,0.26085364008388495,1,13,52505.242203328744,43982.855673427424,2,7,0,0,3,2,0.8417905729249822,8340.5457214059,MULTI_HOP
7,7,9,0.2501202836655056,8,18,89039.93368590277,37262.93549538086,4,4,1,1,3,3,0.7180211276206316,8206.541975822169,MULTI_HOP
14,6,6,0.1939472142898514,4,18,169337.46853478075,178041.84077520604,4,5,1,1,2,1,0.601226590128123,4016.546440534948,MULTI_HOP
13,3,5,0.4018440587958333,7,10,165068.2975577509,135999.65232423152,6,4,0,0,1,2,0.7411826976374228,2095.089641728789,MULTI_HOP
8,6,6,0.3894385875012091,4,18,94377.51236174114,113779.7316059832,6,4,0,0,1,0,0.8167078715460403,6693.0439538149985,MULTI_HOP
18,2,3,0.42415534244522946,4,9,41787.65558841851,46497.07783227757,2,8,1,0,0,1,0.6440927499429612,7322.230464721801,MULTI_HOP
11,7,4,0.46580912433769883,6,18,182239.97456074358,37690.54891884289,8,3,1,1,1,2,0.6731491272697825,1686.883492454994,MULTI_HOP
16,8,6,0.41350139353998416,6,10,151652.49260463944,27167.10853270903,4,4,0,1,2,2,0.8593400271717291,7637.478455696509,MULTI_HOP
13,2,3,0.240040943450597,0,16,102762.1908074458,142792.70196400816,8,5,1,2,0,2,0.7108042059239094,9594.288246902035,MULTI_HOP
11,7,6,0.4845898421459761,2,9,191409.00801310898,173407.3386842537,4,7,1,2,3,0,0.6247507105241646,9194.56831553991,MULTI_HOP
6,4,3,0.39755574424419715,2,17,78486.93564884563,103066.40273743919,5,8,0,0,2,1,0.8830623745754438,735.4988566361495,MULTI_HOP
17,6,3,0.4215606739760174,8,17,53113.33272792131,96205.0977242732,2,8,0,2,1,3,0.6399602169982948,6589.909466509114,MULTI_HOP
7,8,8,0.34018705425743,7,11,39700.82931544116,102398.01033874649,3,6,0,2,0,3,0.9986372681757268,4189.193057933755,MULTI_HOP
12,6,8,0.2644826892731506,0,16,42044.85595423762,146804.5059097889,5,7,1,0,3,3,0.9062357987980515,7935.973852886834,MULTI_HOP
13,5,8,0.3196028954455701,6,13,84619.85106047071,139848.2417063397,6,8,0,2,2,2,0.9769691437563132,3514.048214581211,MULTI_HOP
15,8,7,0.29404392824767084,6,15,182814.294143239,88729.88022885012,8,6,1,0,2,1,0.8280672250564369,1818.824216965449,MULTI_HOP
16,5,5,0.38464472304710084,0,10,65837.72192727966,61413.30750489086,6,9,0,1,0,1,0.7924599797804455,8721.706343708445,MULTI_HOP
14,4,7,0.47138966252707604,1,14,88886.60724530414,27120.41635809574,3,9,0,2,1,0,0.7002028733260238,6754.235055198455,MULTI_HOP
7,3,9,0.21942166922741552,3,14,136498.81377345326,110568.50564766883,4,5,0,2,2,2,0.7944945489177877,4049.0020460181886,MULTI_HOP
6,5,8,0.49696861656094327,5,12,76314.10133523351,69838.82887878086,4,6,0,1,2,3,0.6360631380886512,4161.382392924462,MULTI_HOP
8,5,8,0.3545301173993912,8,16,192502.13077718773,60932.85326219879,3,6,1,2,0,0,0.6210929168287875,5339.832665056292,MULTI_HOP
17,7,4,0.21288604465669975,8,11,170104.7768096665,60602.82992926403,6,8,1,2,1,3,0.8801019888381352,2813.0058156597956,MULTI_HOP
8,3,6,0.20377427350859126,1,18,116859.34732227969,60563.015577021906,3,6,1,2,0,1,0.9053111801723356,9360.030448187686,MULTI_HOP
15,2,8,0.21746729746978674,6,14,115499.83455391762,114405.86942569709,6,5,0,1,1,3,0.6364352326231494,4934.27039291453,MULTI_HOP
12,5,3,0.47446723302363214,7,10,31372.211482191353,126887.84276931015,4,8,0,2,3,0,0.8075621954716189,5220.119714390714,MULTI_HOP
15,2,4,0.29170619441844614,0,16,167633.77291288594,116924.70509492987,5,4,0,0,0,3,0.9410359999067219,4733.191562755425,MULTI_HOP
6,2,8,0.4714737812467036,1,15,178535.0321859625,166615.40706483164,4,4,1,0,2,2,0.7583571728580274,2979.538167460859,MULTI_HOP
18,2,4,0.2634289787218333,1,6,149055.42913625215,99489.34881102966,4,6,0,2,0,2,0.7488206544333633,1349.5369130225563,MULTI_HOP
7,3,6,0.1890621778619268,5,15,81685.21430051183,118758.55783349472,3,6,1,2,0,3,0.6684262150192667,3362.0388507383286,MULTI_HOP
6,7,4,0.4690511580196177,3,13,113286.07214754523,172372.99400040967,6,6,1,0,1,2,0.6397216071449963,7211.717321122377,MULTI_HOP
7,6,7,0.35019568168695125,8,14,92618.14477676156,130019.91477039891,3,5,1,0,2,1,0.7209285468867408,7110.429198251505,MULTI_HOP
13,7,4,0.32465687302334334,6,11,149506.79735894685,165346.59179490685,2,9,0,0,2,0,0.908913172575051,1156.7877879288803,MULTI_HOP
10,6,8,0.24294256906094308,2,6,76338.30867883636,67802.44206376382,6,5,1,1,1,0,0.6373277530778109,3503.1549618775725,MULTI_HOP
16,8,7,0.48182060351128775,0,17,35706.08732626796,179253.54245476384,2,3,1,0,3,1,0.8571664914777322,8085.127728441116,MULTI_HOP
16,5,5,0.4571688737035319,8,7,102585.93521174559,156985.5505970101,8,5,0,2,0,1,0.9521087746802817,9944.813287244266,MULTI_HOP
13,3,4,0.251775960973486,6,6,185754.63376195665,30515.050807387644,4,8,1,2,3,2,0.7906144402965649,7487.847080522276,MULTI_HOP
6,7,4,0.2478849144392513,2,16,194569.59786216714,125594.46111288077,8,5,1,2,1,2,0.8623631528750881,4856.156031161055,MULTI_HOP
8,8,3,0.47526691867970583,6,6,61706.804717640334,146280.42530068726,3,8,0,0,1,1,0.7978455072940667,4731.324474547813,MULTI_HOP
15,8,4,0.3250908186655863,0,13,161446.02143163944,55596.54124580002,3,6,1,0,1,3,0.6704736002565802,9084.871974665446,MULTI_HOP
11,7,5,0.3499454078185238,4,10,57669.96798671657,147352.35809481776,8,7,0,1,3,1,0.7153000609841333,8273.285902508396,MULTI_HOP
18,8,6,0.1826444440974389,5,12,133392.72387431056,41981.670790249,3,4,0,0,0,0,0.7343110971678102,7759.713843212806,MULTI_HOP
8,7,3,0.32292148954615246,4,16,83144.5234530899,179302.57815861807,3,5,1,1,3,2,0.9195996246744189,4439.122841558668,MULTI_HOP
17,4,4,0.30251116575386827,1,16,67891.17846485731,169834.23230221623,4,7,1,1,2,2,0.8548513898839909,5789.222268347842,MULTI_HOP
11,2,8,0.3406195574148192,4,11,189426.34205457626,104808.68114700845,7,7,0,1,0,1,0.8390422178464825,7440.7037173618255,MULTI_HOP
11,5,5,0.3440474067947821,0,6,144202.57297120773,91004.53209345395,2,5,0,2,3,3,0.8921471968425744,1616.1115371035025,MULTI_HOP
13,4,7,0.3073836530914097,2,14,57925.25951351019,147417.8284024527,4,6,1,2,0,1,0.7283919548113843,7885.343749117779,MULTI_HOP
7,5,3,0.2509594388211527,2,12,114036.6837600908,121729.00928535179,8,4,0,2,2,1,0.8994186903892734,2462.6683207175392,MULTI_HOP
18,4,6,0.2772364568602421,8,18,63454.82315895091,121106.34772027485,6,6,1,1,3,0,0.7441676310040828,6753.1336035552185,MULTI_HOP
12,7,5,0.4717847403912835,8,15,129490.75168572909,55250.53628483901,2,8,1,0,2,2,0.9346733794638313,8493.329438472552,MULTI_HOP
8,7,3,0.18258825182370558,0,17,77867.03798515027,84710.22709362212,3,9,1,0,3,0,0.9527657613252707,3145.718150721691,MULTI_HOP
8,8,4,0.2297333349549021,6,17,82100.04425337259,132934.23134790632,4,8,0,1,0,0,0.6093926855221995,7153.596195376711,MULTI_HOP
6,4,3,0.20044256064550822,1,11,147024.20538278844,70249.34431631895,6,7,0,2,0,1,0.9633428407042774,6672.732256170964,MULTI_HOP
8,6,9,0.39311008414305015,5,13,190325.12270124146,45035.4026103617,2,4,0,2,2,2,0.8865147214435378,1307.9146754255175,MULTI_HOP
10,6,9,0.2724468194043114,6,11,156806.89785826718,57742.63364440674,4,3,0,0,0,0,0.9452409982938421,6858.395908246589,MULTI_HOP
17,6,8,0.1747190447833398,3,12,43499.0611656971,132607.63904691956,7,9,1,1,3,1,0.8762619666197993,7639.930418420295,MULTI_HOP
8,4,5,0.3318809037911543,3,10,96967.21064405431,162645.71151322787,6,9,0,2,3,3,0.7274760666079905,7131.214230132354,MULTI_HOP
14,3,9,0.21975778223621265,5,10,160769.35635778197,97448.09953583464,3,3,1,0,2,2,0.8677810869156504,4423.969014551089,MULTI_HOP
18,3,5,0.22832560244610386,2,6,130743.23495666792,49684.843454835194,8,8,0,0,3,2,0.7327815935868912,1387.3997375761076,MULTI_HOP
14,4,4,0.45985417320066313,2,11,83468.48366884742,104597.27835735955,7,4,0,1,3,3,0.8435017466210739,3414.6831440877418,MULTI_HOP
11,7,4,0.17702397710851533,2,7,123704.1863990522,27625.743536234833,5,6,1,2,2,2,0.949448447586001,8213.641728027753,MULTI_HOP
6,3,8,0.17891363766437984,5,15,158864.3796403841,33488.06793582046,3,9,0,1,2,0,0.9751880485606013,6832.086214042648,MULTI_HOP
12,7,3,0.4521589739540146,1,10,171019.05849181683,39051.06896741632,3,7,0,0,0,2,0.8539683853021951,1036.3738724654977,MULTI_HOP
9,3,9,0.1789336078821777,4,11,103416.82186246135,55706.99082753359,5,9,1,0,3,2,0.6280361330195705,9535.5558526213,MULTI_HOP
11,5,6,0.23257560090425017,6,7,93418.1134243818,42237.101194836796,7,8,0,2,3,0,0.7732230609176266,5766.222922152695,MULTI_HOP
18,6,6,0.1572142363077543,3,16,180292.259426104,142184.20553472193,7,4,1,2,3,2,0.789859552622449,1696.6354723490786,MULTI_HOP
17,8,8,0.3102258558080291,3,14,113650.92004429072,48896.54102691299,6,8,1,1,1,0,0.9603691781162924,6479.372468729326,MULTI_HOP
9,6,6,0.32163141361968606,5,14,130023.269472943,55596.423155318436,3,4,0,1,2,1,0.9114915764790497,1987.4662199982959,MULTI_HOP
17,4,3,0.3792273772465199,5,18,57868.70968624419,171198.62616582593,6,6,0,1,0,0,0.9147368643432893,1386.403759360582,MULTI_HOP
16,6,3,0.18548664681979393,8,9,33723.595706051485,86278.61976257763,3,3,1,0,0,0,0.6926223140934162,5697.900223993092,MULTI_HOP
10,8,9,0.3003858153667944,6,12,49214.342893242356,49234.1835312583,6,3,1,0,0,3,0.855473600563059,7099.015569123208,MULTI_HOP
15,7,8,0.38112025078939105,8,6,191292.3868258877,147698.3320158628,3,6,0,1,0,2,0.9484383619142477,2549.032108025799,MULTI_HOP
16,5,6,0.15972714965104037,7,11,39722.475563030086,73591.91393870712,2,4,1,1,1,0,0.8743963154360224,9036.463358527693,MULTI_HOP
8,7,7,0.21275188575954063,4,18,126465.59353080564,66681.0506290271,8,5,0,1,2,2,0.673411650375482,6268.0389949010605,MULTI_HOP
15,3,8,0.15532360285012148,4,12,188584.17453778096,47028.92427296308,2,4,1,2,3,1,0.9817510142017316,9725.652849220009,MULTI_HOP
13,2,3,0.2476742262586747,1,13,45514.347037982865,73762.31119533381,4,4,0,1,1,1,0.9875497640153603,7722.950969792358,MULTI_HOP
15,2,8,0.329062538552689,0,10,194033.38019186608,46910.880481336055,8,5,1,2,3,3,0.6032099255338667,6747.068701306249,MULTI_HOP
12,3,8,0.23002447038143492,0,9,100642.33973798051,53113.22855333585,2,4,1,0,3,3,0.6631262134216422,3313.9104122224344,MULTI_HOP
18,5,7,0.22712049875731766,4,10,108330.97390225375,72833.75934794042,6,9,1,1,1,0,0.7671455356098281,6892.680419545645,MULTI_HOP
16,8,9,0.2845141384471892,8,14,185148.8106248591,157121.9470098574,7,4,0,0,3,2,0.9533067670019195,3025.5082395471068,MULTI_HOP
8,2,8,0.3394551460675145,3,13,101112.4867743122,59525.405882253304,3,5,0,2,3,3,0.8257650460302061,1481.6715905820438,MULTI_HOP
12,2,9,0.4871542782517102,3,7,92487.71568394455,178544.75506551724,4,6,1,2,2,3,0.8916539778982624,3715.1169255811747,MULTI_HOP
12,3,4,0.23706077065950742,4,11,153436.49320703413,48228.78780581153,8,4,0,2,1,0,0.9420993038336645,5503.943609269373,MULTI_HOP
9,8,9,0.3592147149035862,6,13,116160.36142174939,118981.72883639792,4,7,0,1,3,0,0.7492932785145808,7971.064889625315,MULTI_HOP
6,7,3,0.3212553070934745,8,11,129488.04024249429,112789.65765509412,8,5,0,2,2,2,0.9272566422894545,4811.4048959515385,MULTI_HOP
17,2,6,0.325773590387458,6,17,72563.50018314802,81564.25661491088,8,5,1,2,1,3,0.8280050499349985,3193.780008502488,MULTI_HOP
15,6,6,0.3902264089114396,2,9,30785.671012747418,25107.304592330715,2,8,1,1,2,1,0.7765252677354457,5344.114013990685,MULTI_HOP
11,3,3,0.2882131941149277,5,17,197592.1668174702,121065.10684061481,2,8,0,1,3,0,0.9915326910120642,8869.15619452388,MULTI_HOP
7,4,8,0.15996602853812827,0,15,120797.39717818616,87157.32072199334,2,5,0,2,0,1,0.7251990133315268,1329.288576307327,MULTI_HOP
12,2,9,0.4326670550156885,7,9,168507.1425094612,138089.9668589995,3,7,1,1,1,1,0.8022948736148389,948.4766873270294,MULTI_HOP
15,5,8,0.26792948207350137,8,11,108267.62777089547,143496.72829800873,4,4,1,0,3,3,0.6400458363935811,7944.864781288921,MULTI_HOP
6,4,8,0.22389735656490106,5,13,195517.8563632295,150957.75664095557,4,9,1,2,2,2,0.9114202071513449,9524.518786503379,MULTI_HOP
15,7,3,0.27288114474550385,5,15,64064.79905467006,54827.7484755769,8,5,0,0,0,3,0.7798479172502215,2092.9978495187033,MULTI_HOP
10,5,8,0.2274267624846488,5,7,136397.10065706228,153137.71418007248,8,4,0,2,1,3,0.9006011867211008,2311.6521835779176,MULTI_HOP
12,8,3,0.47377082264924775,4,9,178036.23176298625,80771.43614753138,8,3,0,0,1,3,0.8335430381402344,7446.3762447738645,MULTI_HOP
17,8,4,0.30462294201192935,5,18,114832.93539093705,151382.18505067995,4,3,0,1,0,1,0.7511741349424611,6862.906715226107,MULTI_HOP
8,7,3,0.2752891608793069,1,6,164517.51115268876,66354.1880537046,2,9,0,1,2,3,0.9078571694915055,8944.561874992742,MULTI_HOP
18,7,7,0.2376520556761249,0,18,144999.87715916068,114806.67212299262,4,6,0,0,1,1,0.6535544234062688,580.92006636801,MULTI_HOP
17,2,7,0.328811335924728,2,12,154461.77249559882,150390.6370865699,4,7,1,2,0,2,0.9199369241627653,5662.35112761513,MULTI_HOP
17,4,4,0.16464950164574044,4,15,104044.6227549432,88705.86406535952,4,4,0,1,2,2,0.8559211395625621,6076.388968151693,MULTI_HOP
17,2,6,0.19331070429096778,4,6,56291.95535199637,126393.28434177012,7,7,1,0,1,0,0.6116987403608265,3925.9386551966822,MULTI_HOP
7,6,7,0.19465875625644144,2,7,69356.6242145419,137012.85634854058,3,3,1,0,2,0,0.7775138680495753,4919.207410398163,MULTI_HOP
13,4,7,0.2741228395007211,8,9,34948.97397246961,96100.88018802456,3,5,1,2,2,0,0.7650888903255103,7065.821465981983,MULTI_HOP
10,7,8,0.2873268014042917,1,18,119453.08809547227,48063.005535843564,7,7,1,1,1,0,0.6224498604194878,9992.155289967543,MULTI_HOP
11,7,4,0.16166803493857332,4,15,198722.81466796363,27790.339701685218,7,6,0,2,0,2,0.6662230430213586,7178.017326253251,MULTI_HOP
18,4,8,0.3756250313942293,0,10,175023.95519742914,174295.64086899097,4,8,1,0,3,1,0.8514282447684858,9271.651781008424,MULTI_HOP
11,3,7,0.19754747762626443,8,7,48356.59545265025,45951.95591252783,6,3,0,1,0,3,0.9387729575961874,6045.895566880709,MULTI_HOP
14,3,7,0.20827291179307753,8,8,137990.10137238857,174913.38715691233,3,7,0,1,0,3,0.658186501624744,707.9962304879521,MULTI_HOP
13,2,6,0.30857959695151604,3,7,82058.91034440728,117090.5718134981,6,5,0,2,1,1,0.6170668315881361,2047.7942946985497,MULTI_HOP
17,4,9,0.2472601777370378,0,13,182165.5650372248,127992.36466925389,7,8,1,0,1,3,0.9678503483233576,9420.861471660362,MULTI_HOP
18,7,7,0.16260250239305205,4,18,185608.33402123745,91326.44085455182,2,3,0,0,1,1,0.7409705669588219,7613.720734984577,MULTI_HOP
16,3,7,0.16659997882142302,3,10,113672.32490982192,44793.48945944497,4,3,0,0,0,3,0.9542531262652273,3000.529070011411,MULTI_HOP
10,4,4,0.38240724226511624,5,14,170323.28405988234,163725.3206427538,6,5,0,0,1,3,0.989576459933748,7898.707269831499,MULTI_HOP
8,5,8,0.19819197363022045,6,8,187457.0938220498,80487.1459384375,6,6,0,0,1,0,0.7393047036368393,5200.378573628095,MULTI_HOP
14,4,7,0.3548033179142429,4,15,158949.0674804835,108054.32258317324,5,4,0,2,2,3,0.7384832713078919,6030.68797359785,MULTI_HOP
11,3,5,0.27120410545826384,2,9,58770.89350433345,70424.44902402372,8,7,1,2,2,1,0.8962252627777987,8580.956922196556,MULTI_HOP
8,5,8,0.46855179598548025,5,14,156448.64608422513,83258.57493442879,6,8,0,0,1,2,0.8153850692596915,1886.9103931477553,MULTI_HOP
17,6,6,0.4327902908373966,4,10,157816.17266815278,126826.7629074674,2,6,1,1,3,0,0.974866771245559,2334.722809277827,MULTI_HOP
7,5,9,0.34787761421164104,4,14,197607.55832375283,48337.52969832724,5,3,1,2,3,3,0.8251744719307497,795.2035306296436,MULTI_HOP
16,5,3,0.3829432027320935,7,7,67038.99655329062,91931.34967834131,3,9,1,0,1,0,0.9800656047718528,8073.356639716258,MULTI_HOP
15,2,4,0.38888451013757597,3,7,76086.41346071403,125196.73146814236,5,8,1,0,0,3,0.7137973904311941,2195.594470687587,MULTI_HOP
8,8,3,0.42259446660434175,8,7,82517.79090788422,105186.58970000797,4,6,1,2,2,3,0.7496077745379641,1571.3194017165783,MULTI_HOP
15,6,5,0.28390062829002194,7,10,71875.80875542169,151636.96317271912,5,4,1,1,0,1,0.7418427627298052,3168.332974242702,MULTI_HOP
15,2,9,0.22964043391004546,5,16,196291.4382140247,59982.20068170903,8,3,0,0,1,2,0.7664889172983984,9089.492382463905,MULTI_HOP
11,3,9,0.2778215529598512,5,17,95380.17482244779,42543.48251620268,7,9,0,1,0,3,0.819839154877525,3885.949263943928,MULTI_HOP
15,6,8,0.25635968164689127,8,11,69813.83835933714,142957.47061727892,7,7,0,0,0,1,0.6559691980242895,8014.581865641156,MULTI_HOP
11,8,3,0.46984198328816096,8,16,170739.16224788822,100027.44709579706,2,6,1,2,1,2,0.9172252334259818,3516.7340083157155,MULTI_HOP
16,6,7,0.258493936678822,8,8,74322.09958143605,39051.52235338367,7,7,0,2,1,2,0.65812727711193,5196.211792385452,MULTI_HOP
6,7,9,0.31543200144030226,0,17,139420.5046239437,69604.24725858902,7,6,1,1,1,1,0.9846553486035832,5469.147853815005,MULTI_HOP
15,8,7,0.3394612164681157,3,12,99240.11508558286,56249.57741093774,6,5,0,0,1,0,0.708210349193415,872.2717721063423,MULTI_HOP
14,3,5,0.43412980125908185,3,15,132943.35546615685,95289.46651171737,5,3,0,2,1,1,0.7670880216381026,4616.049091019817,MULTI_HOP
17,4,7,0.3701886427073272,1,17,175455.3320682074,64307.717046141974,6,8,0,2,1,0,0.6449686739077175,882.2481877399036,MULTI_HOP
15,2,6,0.21831876475376377,2,14,144974.70983274962,43752.92676861724,5,5,0,0,2,2,0.7741918930817179,4079.512181667038,MULTI_HOP
7,6,9,0.42209803197036966,4,13,124600.32277222972,129434.97807470527,4,3,0,0,3,1,0.6606859401130729,3405.518982645143,MULTI_HOP
13,6,9,0.4935715531467718,4,8,119610.73433218867,84872.64529011428,2,8,0,1,2,3,0.8944433446792124,4784.462510254817,MULTI_HOP
18,4,5,0.4379408515010371,6,15,190979.40523491264,108953.97084485927,2,5,0,0,0,2,0.6277284189129003,8135.209696295152,MULTI_HOP
8,4,4,0.32879472225707956,5,9,54221.77952341718,130526.44114073839,4,5,0,0,1,1,0.8953700894264542,4704.646611961023,MULTI_HOP
10,4,5,0.2473425907722659,3,11,106151.68823249562,68618.04971884438,2,4,1,0,1,1,0.8648823256230791,5693.610556995255,MULTI_HOP
15,7,7,0.331645759537492,8,8,195211.7740723689,138191.78753908485,8,4,0,2,2,2,0.6787668431871525,999.9324756115282,MULTI_HOP
18,8,6,0.21014503530041986,2,16,39230.62249758036,104746.10147320604,4,5,0,0,0,3,0.9977231782275091,9845.262534878455,MULTI_HOP
8,5,5,0.46141707425411593,1,9,39004.71986788321,141081.62281430248,2,8,1,2,0,2,0.9397576778347891,8305.611126783828,MULTI_HOP
14,7,7,0.26859393609908216,5,13,30663.294648666542,56644.48457431169,3,8,1,2,1,3,0.9890249056106521,9512.974859139262,MULTI_HOP
13,8,5,0.1657247681754357,5,14,86177.14586113041,159457.5735260748,2,3,1,2,0,1,0.7282259113912349,1462.5533547617447,MULTI_HOP
10,2,7,0.18816849072080644,6,15,93933.09666981635,108938.41768584304,2,8,1,1,2,3,0.9146457871933614,9789.52027983719,MULTI_HOP
13,8,6,0.3126355832500498,3,7,37611.82714759129,115760.57059759629,2,9,0,2,2,3,0.8325362916582187,8369.835284412937,MULTI_HOP
14,4,7,0.3811173680682043,0,7,122425.54464433355,48371.6007120772,5,7,0,0,3,2,0.6277078371002843,8842.313967128002,MULTI_HOP
15,6,9,0.4261495072961796,0,18,161191.0481486625,56665.36622434996,7,8,0,2,1,3,0.9594589102776735,5150.867460871933,MULTI_HOP
11,5,5,0.45702019898986757,6,9,148578.5383556416,49013.64344170209,3,7,1,2,2,3,0.9202117308017006,6721.869228471914,MULTI_HOP
9,5,5,0.3613980852064932,2,10,59741.360066306166,83458.45946625737,6,7,0,2,3,3,0.7808538041975321,1571.5838888019114,MULTI_HOP
6,3,7,0.4649983488385625,4,7,125754.35409651649,163876.95003191344,3,3,1,2,2,0,0.9832331472590115,9867.708154365691,MULTI_HOP
9,3,9,0.36234998744480884,0,18,65372.03320924808,119195.72256096291,2,4,1,2,1,3,0.660609521053109,943.5906868699615,MULTI_HOP
6,3,7,0.3610640172456341,8,15,196996.4107233646,54365.77699597319,3,8,1,1,1,1,0.6170560917270572,8265.219973378396,MULTI_HOP
12,4,3,0.398514818780474,4,10,148990.38786721852,70550.37552935086,7,7,0,1,1,1,0.7175923121255517,8763.999277072835,MULTI_HOP
13,6,6,0.27968984355510584,0,10,64576.08911043679,48899.3857137677,7,4,1,0,0,2,0.6619045927366624,2834.637573779965,MULTI_HOP
12,8,5,0.15899984338291784,2,14,108560.79957777844,45391.61401854447,4,4,0,1,0,2,0.675637584244754,5001.325156189351,MULTI_HOP
12,4,4,0.1689808005774952,0,17,199122.55896928595,178818.21004761834,7,9,1,2,0,3,0.7942853517910347,1560.9926152211447,MULTI_HOP
13,6,6,0.17683152424932272,7,15,143076.66617355213,158131.33781199763,5,9,0,0,0,3,0.7907884486313872,5280.729399564716,MULTI_HOP
10,2,4,0.4271218845565461,6,8,103899.97247945958,70130.9141541892,6,7,0,1,3,2,0.6595758106781593,3702.42456688717,MULTI_HOP
11,8,3,0.4519245977646984,6,18,84077.34768470572,115211.57944226822,7,6,1,1,0,2,0.9070915142990909,3510.893729259757,MULTI_HOP
12,5,4,0.2251084003456887,2,6,139895.7421949908,70662.51560408986,6,5,1,1,3,1,0.7285901465289937,3871.369601964729,MULTI_HOP
14,8,8,0.47948009746375475,7,10,128753.17262502093,43717.57354668663,8,7,0,2,3,3,0.6393001509577475,7913.0187439171605,MULTI_HOP
7,8,9,0.33383798708977563,2,8,109611.38603769473,100921.90631609876,7,6,0,2,1,2,0.9139047093949172,8954.017549901373,MULTI_HOP
7,6,4,0.3614548252213311,6,8,165372.02969561797,158844.49689197916,2,3,0,0,0,1,0.9804966035216731,8632.347298904731,MULTI_HOP
10,5,4,0.2558842115298561,6,10,181602.7381994987,89668.317559461,3,3,0,2,0,1,0.740839670300632,8834.467662386434,MULTI_HOP
11,4,5,0.28390013641587253,8,8,175309.9466390187,107520.9568650074,3,6,1,2,1,2,0.6005530266269575,6004.051864678099,MULTI_HOP
11,2,5,0.3321033190845445,0,14,93404.57131056112,156002.66501771857,6,7,0,1,3,2,0.6519917365694814,6598.496089986993,MULTI_HOP
18,5,5,0.4632952668142878,2,9,121435.66822830524,38716.54541030244,8,3,0,1,0,3,0.691828340809326,3729.714366443146,MULTI_HOP
14,3,7,0.423606215005602,2,13,123022.002504219,171882.12939865296,6,8,0,0,1,1,0.9128696294484825,7199.044299111836,MULTI_HOP
12,3,9,0.3668964423268902,4,13,164550.76208810613,123943.4079988084,5,8,0,2,3,3,0.7592561590380089,821.1940200804299,MULTI_HOP
15,4,6,0.15680620260097214,2,7,85493.93908712687,63801.50485391715,2,7,0,2,2,1,0.7471691168164735,5537.483104831891,MULTI_HOP
13,4,8,0.3482234264342483,4,12,187999.6617944402,169925.07108825506,2,6,1,1,0,0,0.814839577027904,5677.319302789786,MULTI_HOP
11,2,6,0.16826877696862164,7,17,78676.43436694136,159836.0075104194,2,9,1,2,1,2,0.8573931802083838,4988.053895488594,MULTI_HOP
9,7,3,0.1783486046685846,5,10,82653.83708165823,61170.18932863027,4,3,1,1,1,2,0.9905622822066655,3342.7836532980873,MULTI_HOP
12,6,5,0.33231871432346394,5,18,150382.96208522003,165679.95252464485,2,8,0,0,2,3,0.8030515007256116,8091.857753663311,MULTI_HOP
16,4,3,0.1837282730919671,4,18,35441.24390150471,105933.22465137483,4,8,0,1,1,1,0.9573720956894017,6426.480063381725,MULTI_HOP
12,7,8,0.45763239600685257,0,14,155032.08986814335,82540.44394593203,3,9,0,0,0,0,0.8764376880136733,1524.9386622535328,MULTI_HOP
6,8,9,0.4757088398575888,0,11,47065.80967779861,128983.97630821454,5,3,1,2,0,2,0.8625065480504188,2149.2526262686915,MULTI_HOP
7,3,8,0.48468415880468774,5,8,136704.29701921612,81068.45020150296,2,7,0,1,2,2,0.994894183894139,6825.2807784000215,MULTI_HOP
7,4,3,0.44567892201668424,7,12,56285.583173541396,179756.59011046003,8,3,1,1,0,3,0.9238333871782083,3135.8308900489487,MULTI_HOP
16,8,5,0.1532420925490282,0,17,147718.5754101309,144251.36957692204,5,4,1,0,0,3,0.9857514644096161,2062.599001184658,MULTI_HOP
8,3,7,0.3102096981835558,1,8,62865.649502108485,70895.268768761,8,5,1,2,3,3,0.6026924775471246,5550.921040358661,MULTI_HOP
8,4,5,0.21811533889412232,7,13,189412.29797036503,90055.31086375707,4,9,1,0,3,0,0.8278170017416178,4391.678455244758,MULTI_HOP
6,4,9,0.3813575835297376,3,6,52336.25560431952,85234.32333936109,5,6,0,1,3,3,0.6560083285281503,4490.6391035594315,MULTI_HOP
8,6,6,0.2391277699906931,3,14,159908.50671193574,51939.55248992604,8,9,0,2,3,3,0.9203877853910791,9055.22585505642,MULTI_HOP
11,8,4,0.21914124878890806,1,7,94150.50952334353,70735.67080320294,5,9,0,0,1,0,0.7197579133022113,3826.833917170788,MULTI_HOP
7,7,6,0.20900007593064515,7,18,72801.87538058191,94791.78389583206,2,5,0,2,2,0,0.6977139728577849,8947.81623753997,MULTI_HOP
11,3,7,0.2804240431688737,3,13,64733.522277235235,64794.747820709854,3,8,1,1,3,3,0.6057271479527385,9612.567565507747,MULTI_HOP
16,7,9,0.20954987661213548,6,9,172425.1815415395,102185.0437191473,4,5,1,0,0,2,0.6216439478902037,3502.8533522609832,MULTI_HOP
18,5,8,0.3489226952983526,3,7,52457.530037084456,33917.48994969166,8,5,1,2,2,3,0.8347098784122167,6036.866244171201,MULTI_HOP
12,6,3,0.29272025813162045,1,17,46380.9111024732,42732.60250364012,5,8,0,0,2,3,0.6337513542017742,7413.808778987265,MULTI_HOP
9,4,9,0.46178641579700064,7,17,96770.85716103457,56885.068208486744,2,3,1,0,3,0,0.8300218794831341,7663.243834402714,MULTI_HOP
14,2,7,0.29588552549816993,6,15,142760.56104693117,169256.61809842725,4,5,0,0,0,2,0.8326903541349562,3375.965797666521,MULTI_HOP
14,7,4,0.38984255724287226,8,9,64036.17539654097,178695.18484306973,7,6,0,0,1,0,0.9268362908569066,6461.128943556322,MULTI_HOP
6,7,5,0.25056677160840024,6,11,106487.30543043072,42325.40810965594,8,8,1,2,1,1,0.9561272900727626,8936.437484012631,MULTI_HOP
10,6,3,0.4604962959753053,8,10,183606.85806335186,27816.162025250153,2,6,1,2,0,3,0.8105522508700234,3897.1132224204,MULTI_HOP
15,7,9,0.43507694431156274,4,6,84042.2554120273,137629.42794487777,6,9,0,0,1,1,0.6261879948754965,8246.036576017199,MULTI_HOP
11,3,5,0.4274686484190626,4,16,143674.2226976769,97055.07107560363,2,3,0,1,2,3,0.6220919782801403,7215.913236440236,MULTI_HOP
13,4,6,0.436477406719496,2,15,94010.10910328399,148663.37822291697,3,4,1,2,1,0,0.7426766279603916,4246.112472471499,MULTI_HOP
11,4,4,0.24294009529574817,0,14,78168.6946949279,110424.4471874213,4,4,1,2,3,0,0.6128101803245997,4628.740898430235,MULTI_HOP
9,5,4,0.36146801693619257,4,8,113657.29947002634,36123.49502653357,5,7,1,0,3,2,0.9089893098132708,4645.728155709037,MULTI_HOP
13,4,9,0.47386020784918936,1,13,93501.61441360961,156847.3142901319,6,6,0,0,3,0,0.6796209244097777,5360.924074277417,MULTI_HOP
11,3,6,0.22928341750393053,2,17,90548.12607382431,107152.4167626098,6,8,1,1,1,0,0.7520681301458405,8985.274205911714,MULTI_HOP
6,7,8,0.30348203339630525,6,17,165529.80316041622,167990.42121934632,4,7,1,2,0,2,0.6552412847922778,6487.181848991115,MULTI_HOP
18,4,3,0.49200296213571104,6,11,135159.28825990713,46565.35022804537,4,7,1,0,0,1,0.7362280829824337,7769.862688976504,MULTI_HOP
18,5,6,0.4092858821325367,0,10,199412.45205089374,69436.15012717267,4,9,0,1,2,1,0.7820098479384529,4558.05729653518,MULTI_HOP
12,7,9,0.317766308781853,0,17,119138.5598287941,86148.1468796652,5,3,1,2,1,0,0.9151698351790417,1463.4729925608308,MULTI_HOP
16,3,6,0.4144404115523499,8,12,35182.353986443966,28905.493677991148,6,3,0,1,0,3,0.8551683938375503,8089.039775549667,MULTI_HOP
7,6,8,0.4879721745836547,7,7,64260.08622317525,79475.66214131776,2,3,0,1,0,1,0.8822643114452534,9685.411046189105,MULTI_HOP
13,7,6,0.34095984680739183,1,15,199499.6653363028,84953.58689696525,7,5,0,2,1,2,0.6437117288917769,6937.641320066533,MULTI_HOP
9,4,6,0.45127387551681597,0,7,46585.22702019983,101159.79950041027,7,6,1,2,3,3,0.8046363758132509,7880.849498223433,MULTI_HOP
9,6,7,0.29099826611909896,0,10,100186.67569954791,63396.725850472685,6,6,1,1,2,3,0.9855770812587814,5853.5060728448025,MULTI_HOP
7,4,9,0.44283451992828915,7,18,90885.97538535736,168318.26109533012,8,9,0,0,1,3,0.8143365564531617,4955.794997721166,MULTI_HOP
14,4,8,0.33120340144106575,2,7,190462.03286993774,165618.1962251831,3,9,1,0,2,2,0.6017683968003934,2032.5438163843703,MULTI_HOP
6,8,8,0.3701152562596005,1,13,189183.90000694108,42873.21272908573,8,5,1,0,2,1,0.6261481505488949,9566.142614970477,MULTI_HOP
9,8,6,0.1937737934919319,1,17,103809.6090119637,97348.51968941653,7,8,1,2,3,3,0.9211152947297652,7980.437827162939,MULTI_HOP
12,2,9,0.2177887590411327,5,16,79549.7838748626,36949.96155250669,2,7,0,2,3,1,0.7335776214025448,3749.3118421443623,MULTI_HOP
11,8,9,0.4432358833122939,0,18,117205.22087169984,104573.14707888344,5,9,0,2,3,0,0.9687097842275934,2363.504624179369,MULTI_HOP
7,3,5,0.4911444784814568,3,7,45666.01349479321,174029.38511080385,2,9,0,2,3,1,0.9490531350319041,972.7930279665136,MULTI_HOP
12,7,7,0.2944268284259788,1,12,81635.95635820748,103797.37401225083,7,4,1,1,2,1,0.8619407472973735,9755.744695991978,MULTI_HOP
13,6,6,0.3439733292722158,7,10,62563.20230217697,136225.26397106997,8,4,1,1,3,0,0.6802957968768554,2434.9551058261613,MULTI_HOP
13,8,8,0.18385272331186853,8,14,179657.0796240153,162896.86262774395,7,9,0,1,3,0,0.9117448030951345,5427.709624767015,MULTI_HOP
17,4,6,0.2329631548320276,2,18,177318.70864806196,135533.56938804575,7,5,1,1,1,0,0.659102870147808,8591.837771246188,MULTI_HOP
15,6,6,0.23220013551545257,1,9,56199.70771649685,178899.29467432137,3,3,0,1,0,2,0.8653208904908477,7582.883331537766,MULTI_HOP
13,2,3,0.4830331165440861,6,18,116643.91444100975,79740.52915602138,7,6,1,1,2,2,0.6664022221318908,6853.847509729989,MULTI_HOP
18,2,3,0.1783772914125349,7,8,61457.15127714425,129640.41058193715,6,3,0,2,3,2,0.9521901966578816,1599.2880524004706,MULTI_HOP
8,2,4,0.39707746784608394,3,8,156667.4379298882,29065.01473620853,6,5,1,0,0,1,0.7434305852080781,5521.3269002421175,MULTI_HOP
16,5,7,0.4348349477878757,3,13,153999.36317839523,49711.14021117865,6,6,0,2,2,2,0.8844509249943768,7929.381273547002,MULTI_HOP
10,8,9,0.1831770403343906,8,11,56989.94501368448,169219.63996905595,2,6,0,1,3,1,0.7675941984626793,1867.7616733911198,MULTI_HOP
7,4,4,0.30687692685818446,0,6,112248.97076879711,25189.20867006632,2,8,0,2,0,3,0.6608690014376764,3807.0371886611583,MULTI_HOP
7,6,4,0.43360419640612813,6,8,160765.69664426247,48406.19784346313,8,5,0,1,2,2,0.7816074596068942,4422.461142265601,MULTI_HOP
16,4,9,0.4943453153218711,2,9,47899.869419241906,143288.9735954085,7,6,0,2,1,1,0.9718657773616337,507.5034728731013,MULTI_HOP
14,5,5,0.30910912680635194,7,18,172896.4220676343,27450.048799727374,4,3,0,0,1,1,0.8622150991177877,3692.078151539325,MULTI_HOP
10,7,8,0.40968236867563845,8,11,170483.72618656835,59079.0929260169,3,7,0,0,2,1,0.7475355850562724,582.9787700699187,MULTI_HOP
9,6,6,0.22794058721229565,3,16,140821.27379500013,165398.7189792912,2,8,0,0,0,3,0.9571514296260939,6742.982540948247,MULTI_HOP
16,2,3,0.302474327193501,7,10,56057.6932440949,41104.159108974054,8,4,1,1,3,0,0.9981494785358177,6691.362591576691,MULTI_HOP
17,5,5,0.19373242962243598,2,12,130311.49804606962,103401.44228039328,5,4,1,2,1,1,0.6111628572274598,4068.1219758327097,MULTI_HOP
12,6,3,0.31563611756962134,3,17,88125.63106987596,169028.80252490757,4,9,1,2,1,1,0.8618486667988499,8072.492770619489,MULTI_HOP
12,3,7,0.28722089643652493,0,8,75760.24668615406,144331.11756184115,3,4,1,2,2,0,0.8136764036197416,4193.95788721892,MULTI_HOP
8,3,8,0.34272178678764903,5,8,111736.54632356297,110540.47654118673,4,9,1,1,3,0,0.729252831255767,4551.785440473055,MULTI_HOP
13,4,6,0.4570268000394617,3,7,61239.723840846294,65471.892571359975,6,3,1,1,3,0,0.998437906057609,9790.448210659019,MULTI_HOP
10,6,4,0.43097449961971024,4,17,159247.3816105253,35253.9037933638,2,7,1,1,2,1,0.6549398955897477,915.0843917149157,MULTI_HOP
17,8,9,0.4569241682720391,5,14,130401.14078749949,149626.8352901527,3,5,1,0,2,2,0.788012083371154,7204.941778283112,MULTI_HOP
9,7,9,0.41330248675640757,8,16,151140.1695321318,169353.4400098002,6,7,0,1,1,1,0.8382864083846866,8252.922118308008,MULTI_HOP
13,2,7,0.17639710099363745,5,16,82312.23488136948,132740.23870598708,7,7,0,1,2,0,0.7527948979819515,9268.394485089266,MULTI_HOP
7,7,8,0.2748274788213226,0,14,72734.77209239145,169394.50133973165,4,5,1,1,3,2,0.7443725566524259,1228.742107910862,MULTI_HOP
7,5,3,0.47828502729973943,1,15,187122.17579566975,33551.59227064877,5,9,1,1,1,2,0.6715259924524077,1209.4809849577896,MULTI_HOP
15,4,3,0.4079899393637205,5,11,124472.60621442956,86006.26118761752,5,4,1,0,2,1,0.6863784284901834,5441.418487621343,MULTI_HOP
16,3,7,0.20149047464718672,4,14,88016.60361909668,64163.30502872204,6,4,1,2,1,3,0.7334424716493814,3199.9473405884314,MULTI_HOP
17,4,7,0.37297714718434893,6,14,116138.82675456624,25183.703720484737,2,5,0,2,2,2,0.9965070753493952,9128.30852219669,MULTI_HOP
9,4,8,0.4481592059593331,4,8,99453.60523470899,164290.17409269096,3,3,0,2,3,1,0.9344655334774687,5652.61814639876,MULTI_HOP
16,3,5,0.16902564513452958,3,17,193413.82388148594,122194.00005134236,7,3,1,0,3,3,0.8413176800008324,8794.400355967433,MULTI_HOP
15,7,4,0.34360910664680444,4,15,45112.98788561858,63930.29452136727,8,7,0,0,1,3,0.6643861349808513,6357.937521626677,MULTI_HOP
13,3,8,0.4564054710645935,8,6,131884.2865632726,97389.89321136811,2,3,0,0,1,0,0.6054054234548225,1137.0977941529527,MULTI_HOP
10,5,9,0.17503044268767298,0,8,48480.51009805858,37563.92473054264,7,4,0,1,2,0,0.7009622707740902,7688.966537562974,MULTI_HOP
13,5,8,0.34992189357094383,6,15,35026.2216017361,111093.7611745308,3,7,0,1,3,0,0.6322962615263298,4818.551122337701,MULTI_HOP
17,4,9,0.2753076259070562,7,10,53311.93760216929,160137.50257363808,5,5,0,2,3,3,0.8964697458598742,2308.5886235121834,MULTI_HOP
16,6,3,0.36984239270497893,7,6,86472.47063429063,78672.51355371275,5,3,0,2,1,3,0.8101966685179174,7848.86913049354,MULTI_HOP
11,7,5,0.37914321161320114,7,11,113861.00564378519,111666.24403334252,5,9,0,1,2,2,0.6030482207741735,4811.136678388158,MULTI_HOP
7,7,9,0.16530036739640797,1,17,102490.13513986475,43481.29640341153,8,7,0,2,2,1,0.715272944551741,2379.4331845921024,MULTI_HOP
12,5,9,0.20250548057470394,5,13,85422.1930935619,28841.88781026891,2,7,1,2,1,0,0.9763200400649904,6077.354891156449,MULTI_HOP
8,7,8,0.47120829031828926,5,8,119649.89331309877,51638.48423591879,6,7,1,2,0,3,0.6367887737575162,6639.358145116749,MULTI_HOP
18,5,6,0.37797317331803937,1,16,46604.827226826026,169286.48270762173,4,9,1,1,0,1,0.7985330800402939,4184.20147924562,MULTI_HOP
12,2,9,0.47609695304171973,1,8,113710.14981676705,122110.1849913104,3,9,0,2,1,1,0.7906879774057495,1541.2396282329878,MULTI_HOP
8,3,3,0.2765000286683348,4,14,163587.46397184976,97802.18687237892,4,7,0,1,3,3,0.9601996724860301,6676.8485825862535,MULTI_HOP
8,5,9,0.3275596276744076,3,14,157453.85999632557,145050.21839059982,2,5,0,2,0,2,0.9214428436708947,2228.884286013801,MULTI_HOP
6,4,6,0.3697700138283325,6,7,176693.11393359897,125906.54524986932,8,4,0,1,0,1,0.9286986177142762,8377.340502176467,MULTI_HOP
12,4,5,0.20454327328716457,6,18,30349.817291819567,100889.40906794766,2,4,0,2,3,2,0.6795738791563719,8112.876361338465,MULTI_HOP
6,2,6,0.23870127668821012,4,12,195814.83838194914,126996.23557429796,2,7,0,1,3,3,0.6567361707302416,6409.115320736837,MULTI_HOP
9,7,3,0.20736057040174985,2,8,123691.65650920791,170425.540982382,6,4,1,0,1,1,0.9275380790243055,5194.120852353227,MULTI_HOP
6,8,4,0.3057803820392273,1,14,61850.937569060006,52176.27479431861,2,7,0,0,3,2,0.8759844905755987,7783.411265716971,MULTI_HOP
15,3,3,0.17653002972578338,1,10,81996.76975137606,93572.72546672239,6,9,1,2,2,3,0.7227863158359481,6722.159704822234,MULTI_HOP
15,6,9,0.4843588652288796,3,9,177056.70381524667,136478.94733857678,7,8,1,2,1,0,0.8598598206092412,2764.426554803232,MULTI_HOP
11,6,3,0.24183076272381246,1,8,138704.47865684735,47850.418134017345,8,8,1,0,3,2,0.7845504563961252,8920.575868683327,MULTI_HOP
13,3,6,0.3723427905683064,3,8,108102.64142632458,174504.7028889072,2,3,0,0,0,0,0.7318908971712095,1799.6840995852504,MULTI_HOP
11,5,5,0.17103956266313866,0,18,71188.45952399157,67653.60252842813,5,6,0,1,2,1,0.6326499561020514,3480.836710466837,MULTI_HOP
13,6,3,0.3355948620181224,4,15,74688.25696054718,35267.8609839391,7,9,1,0,0,0,0.8236663730084762,7981.417636303523,MULTI_HOP
9,6,3,0.2697114032292766,8,9,179804.21841509972,135432.07520556537,3,9,0,2,0,0,0.972198760837572,3587.2098089992037,MULTI_HOP
11,3,7,0.45818124735819543,4,17,70820.38816348328,117148.64457952594,2,5,0,1,0,2,0.6915391143687865,9525.770673226003,MULTI_HOP
10,7,9,0.45000092261871283,2,10,65365.76521934231,165643.3848561576,7,4,1,2,2,3,0.7611524312599766,4929.500011630705,MULTI_HOP
13,2,3,0.25351066945021533,2,14,157273.79541403503,131711.6158208358,5,4,0,1,1,1,0.9291212865580643,4277.067691066921,MULTI_HOP
16,2,3,0.4563123873602142,6,8,125033.38450040718,111280.08012096187,3,3,1,0,0,0,0.8973874948974192,8495.936061658813,MULTI_HOP
15,8,6,0.4306734597510824,3,12,50766.39073314914,93373.40757576875,6,7,0,0,1,3,0.7709923404695225,2802.848368931762,MULTI_HOP
14,3,4,0.17685708061636982,7,10,191630.3584579798,113781.44487114537,3,3,0,0,0,3,0.6882721047150181,501.5967485535887,MULTI_HOP
10,4,6,0.36898046247291416,0,13,170466.77334391206,75866.35094689821,8,7,0,1,1,0,0.7418050224657331,7101.748243606283,MULTI_HOP
12,3,5,0.3397666604761239,6,7,86503.95221972081,149468.55396335112,6,4,0,2,2,2,0.6723890709679232,3021.2366168069498,MULTI_HOP
14,7,9,0.3376817144707803,1,8,185789.40661282148,66338.98521321794,4,9,0,2,3,3,0.9268429641573731,7534.9852121080075,MULTI_HOP
16,5,7,0.21924963465868336,4,14,77539.05225510456,123655.34318452045,4,7,1,2,0,2,0.6677475123916644,2706.868217855775,MULTI_HOP
7,7,7,0.4515966423915435,7,14,82114.4279641578,135246.27251999674,2,6,0,1,1,2,0.6937902946236323,7285.136339247258,MULTI_HOP
7,6,4,0.46313020665263016,6,11,176623.3893529561,93813.94741391332,4,4,0,2,3,1,0.8859585756905858,5371.335825007895,MULTI_HOP
16,8,6,0.1741297910529177,2,14,122364.30086521518,131720.35589866346,2,5,1,0,0,3,0.8119287440633016,5083.77668191905,MULTI_HOP
12,5,3,0.3644515893632884,3,16,64923.00344594565,113914.9894547386,5,4,0,1,2,2,0.802692504547422,6321.850988618507,MULTI_HOP
8,7,5,0.2366237472949044,0,10,197264.67945639082,112194.37710674464,2,5,0,1,1,0,0.942274554681412,3729.878963574898,MULTI_HOP
15,2,3,0.3153392111000446,7,8,170192.79894085534,75546.8500297298,6,4,0,2,1,3,0.9066755406534424,2954.7766659732415,MULTI_HOP
13,3,9,0.4296412529889978,8,7,184072.20288088458,168467.52241288335,6,9,1,2,2,1,0.9155854536080432,5231.105675842736,MULTI_HOP
10,6,9,0.23815514272970845,7,13,152493.83211053428,99865.11106712648,7,7,1,2,3,3,0.637158749718197,4705.046841734306,MULTI_HOP
11,3,4,0.46777881777890973,7,15,65697.06889813783,100479.10082043664,2,4,0,0,2,3,0.7025020499899101,596.4870996840242,MULTI_HOP
13,2,6,0.21878892920663714,6,14,192479.09164197306,36099.849708622336,2,5,1,1,3,2,0.7072477391987317,8304.237083158696,MULTI_HOP
14,8,4,0.2535268500783698,0,12,125473.80811197602,126025.36698656096,6,5,1,2,0,1,0.821993967811807,5462.673672011513,MULTI_HOP
8,4,4,0.34078881888834534,2,18,169661.2802236795,137244.48359507354,7,4,0,0,0,3,0.871840522965467,4761.778161303862,MULTI_HOP
13,7,5,0.3675594794500201,0,10,164038.52440166773,51245.928819113,4,5,1,2,2,1,0.9937958823760091,3954.292450820643,MULTI_HOP
13,4,4,0.25436643707797124,5,10,44053.18256636487,161111.4340301099,4,9,1,0,1,3,0.8453700684538447,5166.37471447323,MULTI_HOP
9,6,8,0.1997211023945904,8,16,177306.01857768698,99109.44413093959,2,9,0,0,2,2,0.9885878641285657,6239.075596771388,MULTI_HOP
14,3,3,0.40893020346033293,4,14,85167.38242939972,82989.98891245204,5,3,1,2,0,2,0.8938997907138955,7059.115457595883,MULTI_HOP
10,3,4,0.29056018358943725,8,7,174794.60445312576,167319.7982154452,5,3,0,1,0,3,0.8943972630061332,9272.149884552166,MULTI_HOP
9,7,7,0.37066083424556406,3,10,41264.589416138246,100839.72729316459,7,6,0,2,2,0,0.9858868045327586,7764.901856629195,MULTI_HOP
11,4,6,0.3860974049661281,6,12,107075.34108290442,59791.36288504864,2,7,1,1,2,1,0.609274011912142,7178.769134565094,MULTI_HOP
11,3,6,0.22519453204795659,1,18,192513.669333665,163710.13792806628,7,4,0,0,2,0,0.7303956031942139,5587.104718832298,MULTI_HOP
7,4,7,0.3342471039724995,2,14,122895.86845176521,148252.8532540088,5,5,0,1,3,3,0.9907907621596376,4084.3309384520567,MULTI_HOP
10,5,7,0.4875258301026002,2,8,160421.06986727862,38552.09400720823,4,7,0,2,1,2,0.864594556037622,9594.15953761951,MULTI_HOP
9,3,4,0.37614939973860284,4,18,193987.60372330173,93027.9027232887,5,9,0,0,1,3,0.934746428276975,5335.615326103393,MULTI_HOP
13,7,5,0.4484359525742324,7,11,177731.55613602125,136022.05036791007,3,8,1,2,0,1,0.8048852452710512,1660.5434727535753,MULTI_HOP
13,8,7,0.37515573134903357,2,15,94173.83466216255,44803.30192534151,4,3,0,1,2,3,0.6635020338781346,574.767530231315,MULTI_HOP
12,7,3,0.34029983047294426,3,17,173235.12303397153,45999.692611714534,4,6,1,2,0,0,0.957168174921199,9310.427741104373,MULTI_HOP
13,8,4,0.36678954665457775,1,17,156583.04882394918,80026.61621923075,4,5,1,0,1,0,0.7027241214395357,4679.546264639735,MULTI_HOP
13,2,3,0.17226996222528565,5,14,103150.3045551082,170529.3519568847,4,7,1,2,2,0,0.7122643868852805,6874.038792659927,MULTI_HOP
9,6,6,0.47340565932846257,6,7,105682.87812675559,63195.03138857735,7,7,1,0,2,1,0.6495455740822347,2212.224300307331,MULTI_HOP
13,8,3,0.3843479747751845,0,18,156721.19187722885,132156.8201021683,5,4,0,1,0,1,0.8245783971053807,6427.081085079725,MULTI_HOP
18,6,3,0.4124175310970395,0,14,69469.01281971662,98272.22427918226,2,8,0,1,0,2,0.822272327778629,1444.2186085080853,MULTI_HOP
7,8,3,0.187368819865382,4,8,49349.657111402215,59176.265065384556,2,9,0,0,3,2,0.8601781569444844,5580.855051153558,MULTI_HOP
13,4,5,0.38840606945612,1,11,181931.88782231,108615.30017064649,7,5,0,1,2,1,0.9561505544725974,3011.572244566038,MULTI_HOP
10,4,3,0.4525250208292505,6,17,199618.3848932261,172834.1622674397,5,5,1,0,3,2,0.6828362522043339,9476.245499935563,MULTI_HOP
15,2,4,0.25268003880650053,6,11,136653.43421180482,25852.619428709924,5,6,0,2,2,0,0.9383304621209223,8153.2030447327725,MULTI_HOP
13,8,7,0.34740177227927405,1,7,143203.64801649016,93338.4526167713,6,5,0,0,2,1,0.9879777471222458,3113.50313380799,MULTI_HOP
17,5,7,0.3657692041397965,6,18,94928.04729286913,135488.46984598506,8,4,1,0,3,3,0.9120344773434051,9799.506526369649,MULTI_HOP
8,4,3,0.45097145825773977,0,16,173645.05364630636,92398.0864929609,8,9,0,1,0,2,0.9524258149739735,1858.1189928880842,MULTI_HOP
18,8,6,0.2785323548014109,6,17,106933.31707897974,93907.50939597421,5,7,1,0,0,0,0.6190534426603305,1486.902511368006,MULTI_HOP
15,7,4,0.3561436052795206,3,14,178332.91083110194,178385.2023957215,8,8,1,1,1,3,0.8788598734911783,5488.842739446819,MULTI_HOP
7,8,6,0.44523124057681396,4,14,184440.3779122573,48133.51886039968,5,7,0,1,2,0,0.7941650434645429,5361.439948466898,MULTI_HOP
6,2,9,0.45199040173285787,1,12,162800.79757864057,29912.665738015756,3,3,1,2,1,2,0.810494607809741,5266.166911130182,MULTI_HOP
6,2,6,0.1833073082701449,6,15,110634.7083588591,26130.995000398503,4,7,0,1,0,0,0.9043869575298926,2490.3581882543413,MULTI_HOP
11,7,3,0.26155678728751874,1,11,177705.7227586582,69028.4601340293,7,4,0,0,1,2,0.9906787291556627,3810.9039084315286,MULTI_HOP
18,2,8,0.4592206763175476,1,7,126036.44357660075,137016.47625647637,7,8,0,0,0,1,0.8172477192707858,5655.878508574225,MULTI_HOP
15,6,3,0.2984061519629202,1,10,110536.66855627726,28754.744672254423,4,4,0,1,0,1,0.6825553764065482,4130.794357508563,MULTI_HOP
6,5,4,0.22589384607662044,2,10,64440.9858683327,32652.050306868143,5,9,0,1,0,0,0.7577822372226364,3170.7216954317796,MULTI_HOP
10,5,4,0.17715996899696668,1,17,56434.85575166203,125104.9069448934,6,5,1,0,0,3,0.7373533838128896,8240.57952257656,MULTI_HOP
8,5,4,0.20684524830872525,1,18,111327.78917563819,175344.18261791096,7,6,1,1,1,2,0.672729734273857,9604.135946528388,MULTI_HOP
14,8,3,0.31963438837963176,6,12,37921.1891265334,162193.00336571186,5,9,0,1,1,1,0.9128337769792926,4851.399473748461,MULTI_HOP
10,8,7,0.23418772976060634,2,13,181845.98005375956,109478.04190135619,3,7,1,2,0,3,0.7027733997443457,3321.482796823125,MULTI_HOP
7,3,3,0.40983015161039904,0,13,187519.52163338003,48578.478786015636,3,7,1,0,3,0,0.7380363330613896,4859.806315616207,MULTI_HOP
7,4,9,0.41414321946395594,6,6,157665.0322504887,145507.06230312923,4,4,0,1,2,3,0.8483860856747298,859.3116766609605,MULTI_HOP
6,5,8,0.3293546897666768,6,18,148394.74296635197,139366.75418037892,3,7,1,2,1,0,0.9805285965117713,2229.314438865117,MULTI_HOP
15,3,3,0.25091967069789434,8,18,36259.776137234345,81182.59439674504,7,5,0,1,3,2,0.927687302446009,9199.661804036261,MULTI_HOP
6,5,6,0.32846454112899515,8,10,170038.71457910008,126537.26662065343,3,7,1,0,3,0,0.8288973480206057,3825.801911434301,MULTI_HOP
14,8,6,0.35028720809716624,1,6,30814.303579476877,128707.63150378785,4,7,1,0,1,3,0.7793701416912103,1967.0245638516828,MULTI_HOP
6,2,4,0.18427010807767957,8,15,43079.84297797902,137979.04598919197,6,6,0,1,3,2,0.9982721392994699,3063.9023740221605,MULTI_HOP
17,8,5,0.4907236669453321,1,12,122785.68381047217,178448.64033772552,4,5,0,0,2,1,0.6823830224090335,1951.0679205675951,MULTI_HOP
18,8,9,0.185874157272819,4,15,196169.87733666657,76096.59676832287,4,3,0,2,2,1,0.6631435576031792,1819.2209967975093,MULTI_HOP
11,8,9,0.2828895091012899,0,16,190069.24051231772,108292.59905027348,3,9,1,0,0,3,0.6256231158620524,3050.26021641754,MULTI_HOP
11,4,9,0.4378835107329756,1,18,112311.12052233204,106311.00346966476,8,9,1,2,0,0,0.9445870558751399,4391.049933188503,MULTI_HOP
18,8,9,0.2289019886863851,7,10,106007.35850594689,55944.9770508933,5,6,1,1,3,3,0.8251451896242417,4170.721413216585,MULTI_HOP
16,5,9,0.1843532802490634,7,7,188411.09632229607,88809.02147315085,4,9,0,1,0,3,0.9425420767583513,8664.276395880996,MULTI_HOP
13,7,3,0.42326361200108986,2,16,172915.03959068476,65716.9925946354,5,5,0,0,3,2,0.8735761159801236,4692.456168447759,MULTI_HOP
18,7,3,0.3584994048171739,0,13,75344.96212670975,147325.87288132863,4,9,1,2,1,0,0.6346528124853551,4029.781670024143,MULTI_HOP
6,6,7,0.4452428370262064,8,18,124045.37784079452,144074.11541817474,7,6,1,1,1,0,0.9567558713605702,7308.692205760195,MULTI_HOP
12,7,6,0.22932115794374747,4,14,95682.49165890401,83668.57415257422,4,8,1,0,0,2,0.9929014790879295,1668.6460178743268,MULTI_HOP
10,2,4,0.2623319737131843,1,17,75680.9741264967,105547.94562172945,8,9,1,1,3,0,0.9004699315890209,7160.720334309656,MULTI_HOP
14,7,5,0.4747639675119186,6,18,145661.82068140537,151481.9923824917,7,4,1,2,3,2,0.7450881276845698,5963.90291287041,MULTI_HOP
6,5,3,0.436258126300308,5,14,162650.30960667145,120136.11027951354,8,7,0,1,3,3,0.8848932193384811,6917.425533412151,MULTI_HOP
8,2,4,0.46126769462058936,6,10,174235.08708150368,145191.92249662848,8,5,1,2,3,3,0.920917434729259,7561.61223580586,MULTI_HOP
15,6,9,0.191162260559409,1,10,159455.80714955047,47637.055712493064,7,5,1,2,1,0,0.703901507542613,1343.9037170023587,MULTI_HOP
14,6,4,0.1739350345153816,7,12,152967.23580379545,45055.20158215001,7,4,1,0,1,3,0.883290513706137,5760.589702759862,MULTI_HOP
7,5,8,0.4652770922741202,7,12,55050.657653088216,59610.9573572532,3,6,0,1,3,0,0.8400301426342279,4119.8337157570295,MULTI_HOP
15,2,9,0.15090588653712697,4,14,117254.31758669087,68141.85021091183,4,8,1,2,1,3,0.8582520848800033,5604.204567223841,MULTI_HOP
9,7,4,0.3542081653971929,6,6,101543.20208978592,73316.376084033,3,4,0,0,0,1,0.7335999912433323,3931.1969250605857,MULTI_HOP
17,5,6,0.27309397809004865,1,10,141508.0941869762,172889.6431714172,8,6,1,2,1,2,0.9298115549880875,3232.494396050174,MULTI_HOP
7,8,6,0.3046782847072198,2,13,58707.33393400648,132455.45318023482,4,6,1,1,1,0,0.9871722888647276,6585.487299546579,MULTI_HOP
13,6,6,0.4534270286783326,6,12,191283.23853897714,120529.46415105506,3,5,1,2,2,2,0.7794716016295566,2926.9734911432906,MULTI_HOP
13,7,6,0.38030127913019524,8,8,173238.91292966512,104296.4616408364,2,5,0,2,0,0,0.7582905823680434,8688.676148793094,MULTI_HOP
13,5,4,0.46790697528352654,6,12,69153.12484743063,147885.79891446288,2,3,0,2,1,3,0.9686563358327934,6914.582510883195,MULTI_HOP
13,4,5,0.26128221132158413,8,8,97349.59910270618,132918.94510817085,5,8,1,2,0,2,0.7748241467361794,5870.83262974766,MULTI_HOP
9,6,7,0.39670504537714024,1,18,150243.6902935873,146787.4970431488,6,8,1,1,0,3,0.6122246392151026,6853.352090565107,MULTI_HOP
12,5,9,0.4457603889192767,4,18,91746.27830694815,91633.1668965079,8,6,0,1,2,0,0.9346939235517895,6686.8655564832525,MULTI_HOP
18,3,4,0.3136358372295423,4,8,163314.67987037302,69008.76452509666,5,8,0,2,3,3,0.8541202437107578,2347.162911639215,MULTI_HOP
13,5,6,0.3512106111393697,7,10,31946.41600544671,33068.28163237168,3,3,1,1,1,0,0.7783355296550042,2194.733421141305,MULTI_HOP
8,2,7,0.40176024059381477,5,8,150300.13041784026,32754.98374978264,6,6,0,2,0,3,0.8215384443700722,4231.907646028584,MULTI_HOP
12,3,3,0.25779477152504204,7,16,45320.013879565515,127276.03397673242,5,7,0,2,2,0,0.8062327378701958,5264.079492193489,MULTI_HOP
12,6,3,0.30537127176314993,0,16,75022.59001869132,136353.9136328812,3,4,0,2,2,3,0.8280621580688742,9129.021598732477,MULTI_HOP
15,4,6,0.2199729703399515,7,9,169996.04562873533,124773.42686733672,2,5,1,2,2,3,0.6717655390808636,2438.5283299614302,MULTI_HOP
12,8,6,0.4226443562290846,2,10,177231.574941069,36184.15661731912,2,9,0,1,3,1,0.6021882201305805,4726.837470278388,MULTI_HOP
6,4,4,0.3234562983561392,2,15,193758.11555265772,119590.81526717178,6,8,0,2,3,0,0.8134181330200722,5564.553397331773,MULTI_HOP
15,2,4,0.2016339596683403,4,9,49548.886480214045,75378.1010585679,7,7,1,1,3,3,0.7194907383892243,8712.16323793926,MULTI_HOP
9,3,3,0.46052125513453923,5,14,159307.83446872683,116651.58749193707,6,7,0,2,2,2,0.6988398862670805,5312.342103034527,MULTI_HOP
14,5,4,0.4543100784480999,2,8,118447.89689851688,50943.79986624003,7,3,0,1,3,1,0.7864245399959318,936.2329308113347,MULTI_HOP
12,2,5,0.46376487724141535,4,18,53014.93733951963,129477.74144403166,6,9,1,1,1,1,0.6122126210468551,4963.2325413178,MULTI_HOP
14,8,5,0.30489222985581804,0,18,81303.91932118444,175301.93593286807,7,3,1,2,1,2,0.6586201884172364,9858.703851159575,MULTI_HOP
10,3,8,0.4373446897094019,2,8,91171.91834016168,49457.38271714173,4,6,1,2,1,2,0.706089024997528,592.623616358354,MULTI_HOP
8,4,9,0.37720695508709545,5,10,169784.7986480185,54366.51340460702,8,5,1,0,3,1,0.8129220005686901,4536.122486559129,MULTI_HOP
18,4,5,0.16764419412581716,5,7,60454.938628027296,32476.86523366182,2,9,1,1,3,0,0.7154650008499225,7812.704258280229,MULTI_HOP
17,2,5,0.2905462417394924,3,17,186228.5299336775,170888.25555658006,8,4,1,2,2,2,0.8227009772095664,3834.0406551083415,MULTI_HOP
13,7,4,0.4797686479302241,2,16,120514.91145432387,97462.77637450269,7,8,1,0,1,1,0.6083513012213381,2120.5748538615576,MULTI_HOP
10,2,8,0.17967378412210272,2,7,72046.14800472396,74330.80552124095,8,4,1,2,3,1,0.9801259997745064,9502.924891161665,MULTI_HOP
18,4,4,0.23478213575450452,7,15,75392.68342788209,130827.68390973636,6,4,0,2,1,0,0.9980593819677012,3654.5478109510464,MULTI_HOP
13,4,3,0.2767389643547963,7,15,180174.32995910486,48195.511948858424,4,8,1,2,1,0,0.9769895751702418,1840.7498788842436,MULTI_HOP
15,5,5,0.4299063774306534,1,8,96058.9483698631,108518.53123442421,4,7,0,1,0,0,0.97681162764178,6059.1753765077665,MULTI_HOP
7,5,8,0.19770297089774033,2,18,32754.377496603716,105717.00659348162,4,8,1,2,2,0,0.7693387222022265,7853.196169123961,MULTI_HOP
15,3,3,0.41945968306261894,7,15,157039.32730733967,130267.8129180838,2,4,0,1,1,0,0.8821582560099942,3014.9713327552004,MULTI_HOP
17,5,8,0.23027725086597892,6,16,178433.1372294126,36944.5538085015,4,5,0,1,1,1,0.8056654727319552,1468.7015025325268,MULTI_HOP
18,7,3,0.33912749995304065,2,14,65168.301140280884,176158.4849498968,8,4,1,0,2,3,0.8482216984228407,4428.847727635783,MULTI_HOP
9,6,9,0.49668263406016444,1,16,56073.692415998084,175720.02499262555,2,7,1,1,1,2,0.6144960769032304,3692.759880409129,MULTI_HOP
7,4,4,0.15220504755132186,1,8,154770.83427745092,69445.17928437717,3,9,0,1,2,2,0.9944276182130317,5482.758104070158,MULTI_HOP
12,2,5,0.32657257404686596,6,14,66269.06124742472,118933.19525789555,6,3,1,2,2,2,0.7811855208516717,4740.386433952289,MULTI_HOP
15,5,4,0.18251785549227365,8,14,136422.44428581354,166213.61656711146,6,6,0,1,2,2,0.8555182788211432,8163.004031964707,MULTI_HOP
10,7,6,0.3523694532125653,6,16,49509.686208325875,98954.36907411278,2,4,0,1,0,2,0.6735611449760498,5291.774737844338,MULTI_HOP
7,8,9,0.16622950404637113,1,13,197743.72182014966,116075.64207632563,6,8,0,2,0,0,0.9166934152432165,7394.625826065754,MULTI_HOP
17,2,7,0.21178715853000546,0,13,124588.87206531405,87367.70864457607,3,9,0,1,1,1,0.6807831392766017,5779.341629183487,MULTI_HOP
10,6,8,0.35954147718749463,8,7,123761.85695808283,133534.57095420538,5,7,1,2,2,0,0.9395016412619878,6597.842348654841,MULTI_HOP
16,7,8,0.32736006632994047,1,14,113832.06229768152,132343.19152628188,6,4,0,0,3,1,0.8494234904136154,2650.9015296186826,MULTI_HOP
15,5,5,0.4366260832138342,1,7,119985.29764673083,58847.52915248963,4,5,0,1,2,3,0.9923259082610899,7128.727253545247,MULTI_HOP
8,2,4,0.24810248946649685,8,9,60729.807967768196,34017.00819600405,3,7,0,0,1,0,0.9536087460455671,8831.029104376865,MULTI_HOP
14,5,8,0.21193963696545104,4,14,63139.86246176154,39769.22070076539,4,6,1,2,2,2,0.9868332453702126,8630.494086155497,MULTI_HOP
15,8,7,0.40935654426457346,6,15,80868.43380175976,61826.62407167933,2,6,1,1,1,1,0.7380805404440106,6049.143359143527,MULTI_HOP
18,8,6,0.3265759145934574,8,17,49474.4903888962,176488.66639873496,7,8,1,0,0,2,0.687598067657685,9600.341160026686,MULTI_HOP
7,6,9,0.30411608051698513,4,15,50365.169984051216,63326.10439874212,3,8,1,2,3,3,0.9829286006956859,8154.823874533216,MULTI_HOP
10,8,6,0.3116076283020919,8,8,128733.21338454884,156847.2320349529,8,8,1,2,3,1,0.7608711017736233,9437.561002275368,MULTI_HOP
16,4,9,0.34122338182989687,8,16,96735.12818033242,93776.42980299346,8,7,0,1,2,3,0.7941949481247723,9637.53173916862,MULTI_HOP
8,4,3,0.20075992856867123,0,10,112101.72524643198,108468.63977611452,7,3,0,0,1,3,0.9432722911478612,7219.682801929015,MULTI_HOP
12,6,6,0.34492057324591663,8,17,141360.07808230308,114039.36048043687,8,3,1,2,0,2,0.6354664813406548,1243.1137256288569,MULTI_HOP
15,4,7,0.3471824563844369,1,7,92296.56605721224,80517.81723648176,6,3,0,1,2,0,0.8524454309778549,1192.954023262786,MULTI_HOP
6,5,4,0.1607908876478825,0,8,163400.57009620816,152228.1382495664,7,9,1,1,3,3,0.6610581229400807,7045.12248827681,MULTI_HOP
14,5,7,0.16842788831664962,2,18,157636.31351095,77757.88924641786,6,7,0,1,3,2,0.7816964680452877,6563.457842159866,MULTI_HOP
9,2,9,0.38684924140377663,2,12,121196.72223810475,119497.83906131428,2,8,1,1,0,3,0.7823175206708032,9412.869591155928,MULTI_HOP
15,2,3,0.26636630329673117,1,18,37409.684877113825,60774.17009103037,4,4,0,0,3,3,0.9448050996955908,8230.294531777645,MULTI_HOP
15,6,9,0.24469722700621088,7,7,125113.3441812517,26569.489278523073,2,5,0,1,1,2,0.9701984306432587,3257.3268462950514,MULTI_HOP
15,8,5,0.1979563667993488,1,17,60910.763692807275,153294.71890375894,7,3,1,0,1,2,0.7222898940900898,6303.196776370121,MULTI_HOP
14,5,5,0.4304848255808762,0,12,158796.3906087709,144614.6024433681,2,5,1,2,2,3,0.6086594457410558,3748.434188432872,MULTI_HOP
15,5,3,0.20670416485897575,6,6,119916.59649969854,57631.14886103422,5,7,1,2,3,2,0.9613657943373051,8059.446232745474,MULTI_HOP
11,5,9,0.22420033032081618,7,13,56670.60588088824,138774.41535512792,2,3,0,2,3,0,0.6232723860603789,2804.0720692192085,MULTI_HOP
12,4,6,0.3412196460786031,7,12,94343.95137781948,145783.51775771775,5,9,0,1,1,0,0.8986360637132139,2919.8698726847047,MULTI_HOP
15,8,6,0.33699165715689106,4,6,60701.922185929565,62827.225507607065,3,6,1,0,3,1,0.9564868460960367,2648.3511551996794,MULTI_HOP
10,3,8,0.3005809048532967,2,17,67468.02521214695,102034.25813700278,6,3,0,2,1,1,0.9019735137378608,8944.520901033386,MULTI_HOP
17,3,7,0.4866199719873535,8,9,176849.3265637172,36716.55178167667,7,6,1,0,2,2,0.7522487135937617,2309.1821930015967,MULTI_HOP
15,6,9,0.44467231825627884,8,6,42478.61088222534,40897.966836364925,8,3,0,0,3,2,0.6307941529563174,8151.70893333234,MULTI_HOP
14,5,6,0.3556881993399344,5,14,80524.60742897331,88146.55175600864,2,7,0,0,0,3,0.9983353927730145,7002.731117464988,MULTI_HOP
12,7,3,0.3002102711646002,3,8,76260.9047685299,48889.23684814488,3,4,0,2,1,0,0.7802703910479231,2685.490163412215,MULTI_HOP
7,3,3,0.22163414620973426,2,16,116313.3466413665,59858.08600766374,6,4,0,2,0,1,0.9880217195978331,7213.196788008359,MULTI_HOP
17,4,6,0.23358955489248062,2,9,66116.76736155577,98731.40706315111,8,4,0,1,2,1,0.9541641290883519,1447.2981294597498,MULTI_HOP
16,4,3,0.3465106663942521,8,10,191294.0702702376,133089.17780865397,5,9,1,1,0,2,0.9052554829219458,8280.207611154086,MULTI_HOP
8,4,9,0.4471261433484064,7,9,104114.57574533645,83793.57882968996,7,7,1,2,0,0,0.9681983160031256,6382.7829843085465,MULTI_HOP
14,8,4,0.3862728287236745,7,15,42618.741349706106,59702.43739846922,2,9,0,1,2,3,0.9055041080664709,1511.5820917376182,MULTI_HOP
16,8,4,0.3665823373266534,7,16,186374.33219540058,132855.60452244687,3,9,0,0,2,2,0.9839230438198967,9070.698742781558,MULTI_HOP
10,8,5,0.35622851961397284,7,13,142433.83227733782,147168.66734069138,7,7,0,1,0,2,0.7030490891171114,6396.670511565127,MULTI_HOP
18,7,3,0.3579381724972314,7,14,123546.9714094175,75562.33435479176,6,7,1,2,3,2,0.9008401574318998,5828.524562527762,MULTI_HOP
15,4,5,0.18168516721322753,0,18,53492.86129809488,124128.94011491566,8,7,0,1,2,0,0.746585495635781,7175.829671680355,MULTI_HOP
13,5,7,0.40704815000005357,0,7,153780.74421632505,130582.41126749334,6,6,1,0,3,3,0.7560144795639314,4456.297491622726,MULTI_HOP
12,4,3,0.2603202049313004,2,8,139967.98608331726,42557.331341261524,8,3,1,0,2,0,0.6718920148955236,8507.052987365514,MULTI_HOP
11,5,8,0.2890397293823763,6,10,186979.63625936414,33403.29149290897,6,3,1,2,0,2,0.8347683365298222,4087.635729184141,MULTI_HOP
8,4,6,0.39202968547797,7,11,41912.66119236628,120628.34265918168,2,6,1,1,1,3,0.9156781454398881,4948.810386600213,MULTI_HOP
6,2,5,0.2883588479011493,7,10,54269.85204224783,112223.95864411697,2,9,1,1,2,1,0.8077083556492947,8826.780717907259,MULTI_HOP
13,6,6,0.4241959506159211,4,10,73051.78099003017,45558.64473210255,2,9,0,2,3,2,0.7263871594477589,5092.164868032289,MULTI_HOP
9,5,3,0.4951844365852217,6,9,159736.87275895628,89805.72335268652,4,7,1,0,0,3,0.7293923878236429,8491.576797345308,MULTI_HOP
6,7,7,0.2808650205200517,0,9,164773.4833820891,78955.09920084299,7,3,0,1,2,3,0.7522076409878307,1980.3709810447192,MULTI_HOP
18,4,7,0.4916299458914025,8,15,173598.80115975527,39396.85574057108,8,7,1,1,0,3,0.9183390674669254,1029.4327493211902,MULTI_HOP
7,4,9,0.48830702536262827,2,17,178262.37973727315,42081.38279509157,3,7,0,1,1,2,0.685944065563142,5546.1757750745655,MULTI_HOP
14,5,6,0.34610956321074804,5,6,184189.93806795147,61662.472098099555,7,3,1,1,0,1,0.6436777005778543,3253.4807402661663,MULTI_HOP
7,8,9,0.18141562094422609,1,6,132265.14458825102,115861.18212339924,2,6,1,1,3,1,0.939953454989446,3665.886627245153,MULTI_HOP
12,4,6,0.218307483894097,5,8,50665.216427009786,48233.8005191842,6,5,1,1,1,1,0.7560381323954806,6588.891265146853,MULTI_HOP
6,5,9,0.3989801676093856,6,18,112497.34186398526,56797.17456283692,5,7,1,1,1,3,0.6042075143632435,7583.133925124003,MULTI_HOP
15,8,3,0.37013780975179617,6,11,139475.79807377805,166439.5756488422,4,6,0,2,3,2,0.8826048266991671,5820.834780262855,MULTI_HOP
11,5,8,0.3777006279882936,5,15,155574.72239856946,132175.2447310646,6,4,1,0,0,0,0.848372708523766,9035.681650003378,MULTI_HOP
11,4,3,0.49723414950840306,8,14,187356.0638982554,67701.07139229425,7,4,1,1,2,2,0.9014270194231139,8748.018973458162,MULTI_HOP
17,5,7,0.34843715485112164,5,14,47048.44729108597,108656.4477469714,2,4,0,2,3,0,0.8647865655730071,9879.519031510017,MULTI_HOP
9,2,9,0.335119286193571,2,6,122969.47826959567,42011.335893953496,2,3,1,0,2,1,0.6952418288307186,4238.291047573054,MULTI_HOP
17,8,7,0.38989309532074456,0,10,157960.8854410436,64501.64421825514,8,8,0,2,0,3,0.8916028776207847,1850.5711305600598,MULTI_HOP
17,4,5,0.41917798449152954,6,18,35950.68415574487,101605.90382316992,5,3,0,2,0,3,0.766359370641878,2925.35852033193,MULTI_HOP
11,6,7,0.3141737269733028,1,7,142167.98342623713,60892.82393414137,4,5,0,0,0,3,0.8689765454541298,1865.1831654832406,MULTI_HOP
17,4,7,0.3582406046571021,5,15,191174.74556846436,139345.42510365616,2,9,0,2,0,1,0.8402615518931478,9119.692521743009,MULTI_HOP
17,7,9,0.35094881822990753,0,11,171301.8179596018,170912.7010493741,3,9,1,2,2,3,0.7590322510891496,5124.371282716708,MULTI_HOP
14,6,3,0.3946968432362401,6,15,131283.84324342848,125660.09889784045,8,8,0,0,1,0,0.9835511358709771,6282.046304738072,MULTI_HOP
10,5,8,0.4071005301729438,1,8,109309.12349194451,138131.21164971223,2,9,0,1,2,2,0.9603741494653668,6481.175730703744,MULTI_HOP
14,7,5,0.3532221830535786,5,11,189159.48688857508,130137.08743777727,3,8,0,1,2,3,0.7359838431042216,7760.690435522618,MULTI_HOP
14,2,6,0.3229519519740773,0,8,195882.19298074514,142819.10234553384,4,5,0,0,0,1,0.6437050906368743,9774.579733947608,MULTI_HOP
14,5,5,0.33527694978517697,8,11,58433.816331285474,146561.3223033835,3,5,0,0,2,0,0.7953341542486636,6782.3403074470625,MULTI_HOP
10,4,8,0.1978879731280351,7,9,43491.21377534822,164772.19630379052,8,8,1,1,3,0,0.7811014801551983,8008.587814005534,MULTI_HOP
11,8,8,0.38936796318878153,5,13,134139.11833247708,162821.67610243845,5,6,1,1,3,3,0.6636434566787413,1950.488066353564,MULTI_HOP
7,7,8,0.22378305549299957,3,16,161909.02598433362,85778.38086348474,7,3,0,1,3,1,0.8697380177803135,4796.76482884388,MULTI_HOP
7,8,9,0.32273991154754617,3,11,179939.96178734698,33578.50771290345,6,9,1,2,2,3,0.6060380763265915,7906.869854437937,MULTI_HOP
7,8,4,0.48150030039567304,6,13,179956.2172651856,147554.77873847858,7,4,1,0,2,2,0.6044623074296805,1333.1697394707644,MULTI_HOP
17,3,6,0.4439656296550306,6,7,182673.95765715747,47129.074694471514,4,4,0,0,3,3,0.7046274996395426,8189.980193976534,MULTI_HOP
11,3,8,0.2882496674292893,2,17,147514.66435038566,139485.46212371468,5,6,1,0,0,1,0.9877561162972024,6210.526314152863,MULTI_HOP
11,3,4,0.16298213831320899,0,18,138283.0112500366,85132.21686701651,3,4,0,2,0,2,0.8831483125934323,2026.4427984164383,MULTI_HOP
17,7,5,0.298350291961172,0,11,156020.42861982953,129083.32912923119,3,8,0,1,2,3,0.7730936243557447,8611.58775096442,MULTI_HOP
13,3,5,0.2615143843545838,1,10,89457.26167938678,120150.34391144458,4,3,0,1,1,2,0.9335913354163834,7915.547749812016,MULTI_HOP
18,6,6,0.467108965226939,0,13,194640.01741438106,133934.26603818883,3,6,0,2,2,0,0.817194416613152,9599.536108161947,MULTI_HOP
18,7,3,0.47460197732063736,1,15,117378.82205155362,120823.8096264932,3,7,1,1,2,2,0.9097773866202117,6592.977911073651,MULTI_HOP
8,2,3,0.4982202495019993,7,8,180186.35080573862,67435.67169981409,4,4,0,0,3,1,0.9987846919018698,1403.5697132571997,MULTI_HOP
15,8,8,0.27354106972950654,7,7,151503.7436016925,62190.46024061998,2,4,1,2,3,3,0.8441945290301459,8110.370340169909,MULTI_HOP
8,5,9,0.4606918541558198,3,12,73637.53317094326,117324.65807196834,4,3,1,2,3,3,0.97474251917688,4169.809426865326,MULTI_HOP
12,5,9,0.29921966739360095,6,6,43718.94103010548,133646.29033882654,8,4,0,2,1,3,0.9027356268149584,1869.0874154431592,MULTI_HOP
17,2,6,0.1679244313463172,8,9,86693.7895069302,98392.7956573192,2,8,1,1,3,1,0.9953609661196217,1505.5278297583386,MULTI_HOP
11,2,7,0.4624005301991312,4,6,152362.03568261472,33292.26252650004,2,6,0,2,1,1,0.8538185353029644,4503.78193415327,MULTI_HOP
8,2,3,0.24749942795097554,4,17,83691.5819082805,52331.541218712926,4,8,1,1,0,2,0.9281981293079133,3858.9095487877667,MULTI_HOP
13,6,7,0.48241187657393036,8,7,86517.61358307747,92692.07225549842,5,8,1,2,2,2,0.9581809917332997,778.9363967283113,MULTI_HOP
17,8,4,0.17545296772849658,4,16,110828.52755190062,156142.05544521555,5,3,1,1,1,2,0.9785000100063537,2624.210106859423,MULTI_HOP
12,5,5,0.430442685957103,3,16,185321.7496423259,102530.93560203581,4,4,1,1,3,2,0.6327562697113706,3327.5618050191783,MULTI_HOP
16,2,6,0.3967879362193689,6,7,196656.43990732005,157140.49347556036,8,6,0,2,1,3,0.7448535695110483,878.0326692407907,MULTI_HOP
9,5,4,0.3192405631360178,1,11,55699.97937814191,138098.84912924847,5,4,0,2,3,1,0.8315597216652805,7357.80220889083,MULTI_HOP
14,7,3,0.30607561033941255,6,16,104285.76562072521,162358.07308765015,3,3,0,1,0,3,0.9066152039127574,8531.032562216667,MULTI_HOP
11,7,7,0.24694599959507324,3,14,164322.9759474918,150643.7706429505,5,5,1,2,0,2,0.887066570981917,4719.427394015972,MULTI_HOP
9,8,5,0.33093223983267966,3,12,88912.77092110916,61256.050095310115,3,6,1,0,2,2,0.8028233850689892,1388.5869619532818,MULTI_HOP
6,4,8,0.41802691524967905,4,7,136591.50032457575,166342.435614822,6,7,0,0,3,1,0.8617760406022008,1055.8004603606257,MULTI_HOP
10,8,3,0.20404530684638517,0,15,122689.32131324481,63674.20998619544,6,8,1,0,2,1,0.8071966016905643,1704.280935742699,MULTI_HOP
10,2,9,0.4866366824355387,7,16,111498.57527418158,83270.27928310598,8,9,0,0,0,1,0.6733622236838498,8351.125048466929,MULTI_HOP
8,4,9,0.35263402694562385,5,15,141955.42564962985,105835.83837544426,8,7,1,1,3,2,0.8492152137201207,4983.197757559683,MULTI_HOP
16,3,3,0.3013459019790957,2,13,152866.04549205612,104987.1556787957,3,3,1,1,2,1,0.8196041114027335,3300.985867710178,MULTI_HOP
12,6,9,0.24004904067153038,1,11,94601.0652321168,48585.28975244409,2,9,1,2,0,2,0.74687608580176,7583.275694018388,MULTI_HOP
17,7,4,0.34425116541861756,3,14,141393.95301594067,79101.19543341658,4,9,0,2,2,0,0.7726920711179994,6484.602657427903,MULTI_HOP
17,5,6,0.4159332939058291,3,7,136409.15407188135,102663.54584078226,8,5,1,1,0,0,0.896790980986256,2415.3081623256485,MULTI_HOP
12,5,8,0.39627040987610357,4,10,142100.33362112928,30159.159157402246,8,8,1,0,2,0,0.866913856121435,611.872709911929,MULTI_HOP
9,6,3,0.27179615449388383,1,9,191084.93455234103,165520.6510524471,4,6,1,1,0,0,0.7326346428049405,8258.961304765799,MULTI_HOP
16,4,9,0.3312227637311238,3,14,139057.28400921362,88969.50172508012,3,9,1,2,2,1,0.7885291485095982,8758.596597284502,MULTI_HOP
6,2,8,0.1794879382436572,6,6,136242.4141764505,134631.6130772053,6,5,1,1,2,3,0.9503106778529306,4428.3893115370975,MULTI_HOP
18,4,9,0.3976591167768627,3,14,139983.47284153572,66403.27526231567,7,5,0,0,1,2,0.6158638424908648,619.571975654376,MULTI_HOP
17,3,5,0.4676524296226363,4,9,118380.1260227297,156863.6478736691,7,3,1,0,1,2,0.7267335885358236,6303.897387658246,MULTI_HOP
18,6,8,0.4223425733996633,2,14,99002.96279922535,144363.76536455553,8,3,0,2,1,3,0.7570529153364765,6422.952692153602,MULTI_HOP
13,5,9,0.23999847782021688,8,11,125125.93697998594,160763.44774966958,8,7,0,1,1,0,0.7163505223458188,5343.822480539911,MULTI_HOP
6,7,7,0.3039111548373289,7,13,56141.65945770379,31120.022300325203,2,8,0,0,0,0,0.8977836371803871,1431.964881026417,MULTI_HOP
7,8,9,0.34645429562819907,2,17,57098.25294123468,166818.7432347815,6,7,0,0,1,3,0.9012905008535759,6024.648616619197,MULTI_HOP
6,7,3,0.3882846069174173,2,8,147573.29751949216,89515.5025259224,3,9,0,0,2,0,0.7380368369449248,8040.655612397114,MULTI_HOP
9,2,8,0.3897997723884765,4,8,72913.4333391888,138213.87608228697,8,6,0,0,1,0,0.6081891870570247,9405.718854214192,MULTI_HOP
16,4,8,0.36966971949775007,3,14,83778.81463205547,87111.51953211727,5,9,1,2,0,2,0.7217538871327331,7902.279892579183,MULTI_HOP
10,6,4,0.27994381413729563,3,13,41197.291085651224,71388.13082707132,8,5,0,2,3,1,0.6880096873543847,5390.319845306734,MULTI_HOP
6,2,4,0.16491437633314035,2,15,105761.15954835503,156647.26520810448,2,6,0,2,3,0,0.9391428389948762,2813.3459179218,MULTI_HOP
17,3,3,0.49784128314471865,8,17,80152.18443048971,87868.19512186846,6,9,1,0,0,3,0.9987461584694615,4933.464307260429,MULTI_HOP
9,5,3,0.2081008468567217,7,7,144642.4312187269,48955.39620646707,6,4,1,2,0,3,0.6085229466808478,3762.3397267664186,MULTI_HOP
10,3,3,0.2572750427945778,8,12,154724.66017930972,47444.63926093493,8,4,1,0,2,1,0.6509376893869624,1778.1468510974148,MULTI_HOP
14,4,8,0.46427919121203076,0,7,117482.1339400216,170864.33586868053,3,3,1,1,3,2,0.8099147474945888,1173.9390651174765,MULTI_HOP
9,7,6,0.43234935756445814,4,7,153366.74643029887,38637.045346529965,5,8,1,0,1,2,0.7626934041032056,6988.739624220638,MULTI_HOP
14,4,7,0.4580702822197864,1,10,114682.99139478884,85509.61191460972,8,8,0,2,2,3,0.8422032775261121,9076.77312254196,MULTI_HOP
9,6,4,0.2270945960262179,1,13,195241.58573109494,109674.32253350216,3,6,0,0,3,3,0.630385367558378,8917.881789908448,MULTI_HOP
18,2,6,0.4519561995261101,8,11,165980.37972283314,130690.19440393455,6,9,1,2,2,1,0.9197889986846357,1818.0712427679898,MULTI_HOP
15,7,5,0.3130638720388552,7,8,95882.30856060628,61607.61945302913,5,4,0,0,2,0,0.6440243299810274,5134.458243670957,MULTI_HOP
9,7,3,0.48251786928924867,1,12,157449.13766664278,162221.91290368515,8,7,1,2,0,1,0.8727274605104088,7976.557379131069,MULTI_HOP
18,3,8,0.28171050634890515,3,13,174299.19514857288,103618.26576872508,8,5,1,2,1,3,0.952012236919757,9590.986300095145,MULTI_HOP
18,8,7,0.3004155727212191,0,16,107644.126265101,152011.56352096953,6,6,0,0,2,2,0.9715092149526849,9430.753893706473,MULTI_HOP
14,8,3,0.47905588755576756,6,6,153792.7563423086,81553.93107301937,6,7,0,0,1,2,0.9872914766103871,9678.927537916219,MULTI_HOP
11,8,7,0.40400570755292164,5,12,174154.40433713642,34806.609363695476,5,8,0,2,0,3,0.8497581469216952,2723.363743309662,MULTI_HOP
16,7,6,0.3128743248530869,4,6,58100.690214189104,97161.47137000508,7,7,0,1,0,1,0.9751838509888298,9638.064537620976,MULTI_HOP
9,8,8,0.39592711901869193,7,10,71714.14336993091,156607.0042740893,5,7,1,0,2,3,0.8643302094274466,9115.987802069865,MULTI_HOP
17,5,3,0.31579172971179015,3,9,88152.04908744316,32410.29918428952,7,6,0,2,0,1,0.784393942591985,506.34379187136216,MULTI_HOP
17,2,5,0.1669522490487032,6,13,45013.49977326223,90407.12760861582,6,5,0,1,1,1,0.8954608439721533,9046.292993976893,MULTI_HOP
11,8,7,0.20642399134684725,2,16,59154.4893976718,101833.86726422358,7,6,1,1,2,3,0.9535974599964736,9029.59143583917,MULTI_HOP
14,5,7,0.4636658241008821,3,17,188769.0769497663,62745.172196053405,2,4,0,2,2,0,0.8465492199368749,4210.661379918565,MULTI_HOP
8,2,6,0.20955845310830046,6,16,105980.87810966928,107949.08277630457,5,7,0,0,0,3,0.9738229076274326,8950.328112764983,MULTI_HOP
8,6,8,0.45618442860933417,5,10,129086.17650908699,74718.08971168924,5,8,0,1,3,1,0.63186630703561,7117.974062290131,MULTI_HOP
18,7,4,0.2086075647565534,5,11,161197.5861041334,117155.00032598096,4,8,1,2,3,1,0.91902255702174,8514.574813648193,MULTI_HOP
12,7,5,0.20042432722507553,3,9,126904.92873496405,83453.41494416015,4,9,0,2,0,2,0.69321616014182,4533.912375559663,MULTI_HOP
9,4,6,0.15494033607876126,8,10,103043.07290092288,79641.93314647881,2,3,1,0,2,1,0.9604604431213394,1627.1689742358658,MULTI_HOP
6,6,5,0.2942293979888143,8,10,48082.62687180804,71957.79926599792,6,3,0,1,2,1,0.9721813895542109,1080.7000299772444,MULTI_HOP
8,4,6,0.47484227933437284,5,16,112738.29260941636,147263.58576760348,4,4,0,1,3,0,0.895681762705383,2312.101393087829,MULTI_HOP
15,5,7,0.2412068448155327,5,7,52074.27070610039,157292.8010420532,3,7,0,1,3,2,0.8271503410269077,8653.631035077757,MULTI_HOP
13,5,9,0.38316655284364687,0,18,110247.16084329365,125461.11550686145,4,6,0,0,1,1,0.9877702070252012,7771.174470515596,MULTI_HOP
15,2,6,0.2892082426622865,1,11,54114.814507605435,157798.65704843585,2,5,1,2,2,0,0.9767136153437589,7452.219573845955,MULTI_HOP
11,7,9,0.33586714581002797,3,16,191877.41608632603,99903.75072816866,8,7,1,1,3,2,0.6670470979180052,8202.220855368927,MULTI_HOP
